Nov 12 2014 01: +0,0.302,6621
Nov 13 2014 01: +0,0.302,4110
Nov 14 2014 01: +0,0.276,3248
Nov 15 2014 01: +0,0.26,3091
Nov 16 2014 01: +0,0.229,2739
Nov 17 2014 01: +0,0.219,1838
Nov 18 2014 01: +0,0.215,1720
Nov 19 2014 01: +0,0.203,1587
Nov 20 2014 01: +0,0.181,1700
Nov 21 2014 01: +0,0.153,1737
Nov 22 2014 01: +0,0.148,1900
Nov 23 2014 01: +0,0.147,1710
Nov 24 2014 01: +0,0.149,1293
Nov 25 2014 01: +0,0.157,1244
Nov 26 2014 01: +0,0.151,1499
Nov 27 2014 01: +0,0.142,1560
Nov 28 2014 01: +0,0.152,1658
Nov 29 2014 01: +0,0.259,172
Nov 30 2014 01: +0,0.156,1996
Dec 01 2014 01: +0,0.124,1684
Dec 02 2014 01: +0,0.139,1523
Dec 03 2014 01: +0,0.153,1283
Dec 04 2014 01: +0,0.146,1360
Dec 05 2014 01: +0,0.156,1598
Dec 06 2014 01: +0,0.172,1821
Dec 07 2014 01: +0,0.156,1816
Dec 08 2014 01: +0,0.147,1447
Dec 09 2014 01: +0,0.175,2044
Dec 10 2014 01: +0,0.411,3611
Dec 11 2014 01: +0,0.245,1855
Dec 12 2014 01: +0,0.211,1599
Dec 13 2014 01: +0,0.181,2106
Dec 14 2014 01: +0,0.178,2107
Dec 15 2014 01: +0,0.18,1563
Dec 16 2014 01: +0,0.166,1714
Dec 17 2014 01: +0,0.174,1559
Dec 18 2014 01: +0,0.17,1341
Dec 19 2014 01: +0,0.146,1363
Dec 20 2014 01: +0,0.136,1405
Dec 21 2014 01: +0,0.133,1441
Dec 22 2014 01: +0,0.129,1500
Dec 23 2014 01: +0,0.128,1168
Dec 24 2014 01: +0,0.126,1351
Dec 25 2014 01: +0,0.131,1565
Dec 26 2014 01: +0,0.131,1646
Dec 27 2014 01: +0,0.139,1851
Dec 28 2014 01: +0,0.139,1753
Dec 29 2014 01: +0,0.138,1738
Dec 30 2014 01: +0,0.141,1768
Dec 31 2014 01: +0,0.138,1678
Jan 01 2015 01: +0,0.138,1649
Jan 02 2015 01: +0,0.133,2043
Jan 03 2015 01: +0,0.136,2112
Jan 04 2015 01: +0,0.139,1967
Jan 05 2015 01: +0,0.142,1850
Jan 06 2015 01: +0,0.14,1790
Jan 07 2015 01: +0,0.141,1415
Jan 08 2015 01: +0,0.142,1904
Jan 09 2015 01: +0,0.131,2263
Jan 10 2015 01: +0,0.136,2325
Jan 11 2015 01: +0,0.136,2459
Jan 12 2015 01: +0,0.136,1899
Jan 13 2015 01: +0,0.136,1965
Jan 14 2015 01: +0,0.141,1798
Jan 15 2015 01: +0,0.146,1642
Jan 16 2015 01: +0,0.139,1808
Jan 17 2015 01: +0,0.14,1891
Jan 18 2015 01: +0,0.139,2072
Jan 19 2015 01: +0,0.137,1636
Jan 20 2015 01: +0,0.137,1492
Jan 21 2015 01: +0,0.14,1373
Jan 22 2015 01: +0,0.143,1693
Jan 23 2015 01: +0,0.144,1796
Jan 24 2015 01: +0,0.147,1666
Jan 25 2015 01: +0,0.138,1895
Jan 26 2015 01: +0,0.138,1576
Jan 27 2015 01: +0,0.138,1637
Jan 28 2015 01: +0,0.139,1492
Jan 29 2015 01: +0,0.135,1389
Jan 30 2015 01: +0,0.132,1706
Jan 31 2015 01: +0,0.137,1682
Feb 01 2015 01: +0,0.13,1768
Feb 02 2015 01: +0,0.13,1399
Feb 03 2015 01: +0,0.134,1497
Feb 04 2015 01: +0,0.134,1355
Feb 05 2015 01: +0,0.135,1371
Feb 06 2015 01: +0,0.13,1450
Feb 07 2015 01: +0,0.131,1715
Feb 08 2015 01: +0,0.124,1590
Feb 09 2015 01: +0,0.129,1303
Feb 10 2015 01: +0,0.13,1220
Feb 11 2015 01: +0,0.124,1260
Feb 12 2015 01: +0,0.118,1494
Feb 13 2015 01: +0,0.121,1534
Feb 14 2015 01: +0,0.128,1761
Feb 15 2015 01: +0,0.121,1686
Feb 16 2015 01: +0,0.125,1460
Feb 17 2015 01: +0,0.118,1338
Feb 18 2015 01: +0,0.123,1239
Feb 19 2015 01: +0,0.125,1468
Feb 20 2015 01: +0,0.124,1501
Feb 21 2015 01: +0,0.127,1548
Feb 22 2015 01: +0,0.127,1425
Feb 23 2015 01: +0,0.124,1294
Feb 24 2015 01: +0,0.125,1256
Feb 25 2015 01: +0,0.129,1250
Feb 26 2015 01: +0,0.13,1269
Feb 27 2015 01: +0,0.124,1535
Feb 28 2015 01: +0,0.123,1641
Mar 01 2015 01: +0,0.126,1755
Mar 02 2015 01: +0,0.119,1386
Mar 03 2015 01: +0,0.124,1342
Mar 04 2015 01: +0,0.124,1253
Mar 05 2015 01: +0,0.119,1138
Mar 06 2015 01: +0,0.122,1476
Mar 07 2015 01: +0,0.123,1591
Mar 08 2015 01: +0,0.117,1378
Mar 09 2015 01: +0,0.121,1189
Mar 10 2015 01: +0,0.114,1170
Mar 11 2015 01: +0,0.115,1045
Mar 12 2015 01: +0,0.114,949
Mar 13 2015 01: +0,0.112,1431
Mar 14 2015 01: +0,0.109,1479
Mar 15 2015 01: +0,0.099,1542
Mar 16 2015 01: +0,0.103,1377
Mar 17 2015 01: +0,0.113,1280
Mar 18 2015 01: +0,0.122,1157
Mar 19 2015 01: +0,0.119,1030
Mar 20 2015 01: +0,0.12,1226
Mar 21 2015 01: +0,0.119,1474
Mar 22 2015 01: +0,0.118,1297
Mar 23 2015 01: +0,0.123,1199
Mar 24 2015 01: +0,0.122,1164
Mar 25 2015 01: +0,0.131,1162
Mar 26 2015 01: +0,0.128,1100
Mar 27 2015 01: +0,0.13,1288
Mar 28 2015 01: +0,0.126,1461
Mar 29 2015 01: +0,0.128,1399
Mar 30 2015 01: +0,0.129,1206
Mar 31 2015 01: +0,0.129,1197
Apr 01 2015 01: +0,0.138,1665
Apr 02 2015 01: +0,0.151,1448
Apr 03 2015 01: +0,0.154,1296
Apr 04 2015 01: +0,0.154,1372
Apr 05 2015 01: +0,0.157,1285
Apr 06 2015 01: +0,0.155,1232
Apr 07 2015 01: +0,0.156,1091
Apr 08 2015 01: +0,0.159,1078
Apr 09 2015 01: +0,0.158,1054
Apr 10 2015 01: +0,0.16,1029
Apr 11 2015 01: +0,0.158,1293
Apr 12 2015 01: +0,0.155,1097
Apr 13 2015 01: +0,0.15,1113
Apr 14 2015 01: +0,0.152,889
Apr 15 2015 01: +0,0.157,796
Apr 16 2015 01: +0,0.138,1063
Apr 17 2015 01: +0,0.14,1065
Apr 18 2015 01: +0,0.145,1345
Apr 19 2015 01: +0,0.145,1003
Apr 20 2015 01: +0,0.146,1072
Apr 21 2015 01: +0,0.148,882
Apr 22 2015 01: +0,0.15,929
Apr 23 2015 01: +0,0.154,874
Apr 24 2015 01: +0,0.154,1065
Apr 25 2015 01: +0,0.162,1340
Apr 26 2015 01: +0,0.163,961
Apr 27 2015 01: +0,0.157,926
Apr 28 2015 01: +0,0.159,798
Apr 29 2015 01: +0,0.154,822
Apr 30 2015 01: +0,0.164,934
May 01 2015 01: +0,0.168,875
May 02 2015 01: +0,0.166,1073
May 03 2015 01: +0,0.159,940
May 04 2015 01: +0,0.156,867
May 05 2015 01: +0,0.151,839
May 06 2015 01: +0,0.157,839
May 07 2015 01: +0,0.157,762
May 08 2015 01: +0,0.156,903
May 09 2015 01: +0,0.156,1053
May 10 2015 01: +0,0.159,931
May 11 2015 01: +0,0.154,770
May 12 2015 01: +0,0.153,738
May 13 2015 01: +0,0.158,760
May 14 2015 01: +0,0.155,727
May 15 2015 01: +0,0.155,719
May 16 2015 01: +0,0.158,974
May 17 2015 01: +0,0.157,927
May 18 2015 01: +0,0.16,771
May 19 2015 01: +0,0.165,811
May 20 2015 01: +0,0.163,681
May 21 2015 01: +0,0.159,691
May 22 2015 01: +0,0.158,765
May 23 2015 01: +0,0.159,902
May 24 2015 01: +0,0.16,826
May 25 2015 01: +0,0.158,789
May 26 2015 01: +0,0.159,756
May 27 2015 01: +0,0.096,847
May 28 2015 01: +0,0.111,999
May 29 2015 01: +0,0.126,816
May 30 2015 01: +0,0.132,1031
May 31 2015 01: +0,0.134,930
Jun 01 2015 01: +0,0.138,770
Jun 02 2015 01: +0,0.137,778
Jun 03 2015 01: +0,0.141,843
Jun 04 2015 01: +0,0.142,728
Jun 05 2015 01: +0,0.13,768
Jun 06 2015 01: +0,0.123,831
Jun 07 2015 01: +0,0.126,805
Jun 08 2015 01: +0,0.132,753
Jun 09 2015 01: +0,0.132,579
Jun 10 2015 01: +0,0.132,783
Jun 11 2015 01: +0,0.124,621
Jun 12 2015 01: +0,0.109,694
Jun 13 2015 01: +0,0.111,758
Jun 14 2015 01: +0,0.107,860
Jun 15 2015 01: +0,0.103,757
Jun 16 2015 01: +0,0.109,725
Jun 17 2015 01: +0,0.115,684
Jun 18 2015 01: +0,0.12,576
Jun 19 2015 01: +0,0.114,695
Jun 20 2015 01: +0,0.11,704
Jun 21 2015 01: +0,0.109,738
Jun 22 2015 01: +0,0.11,678
Jun 23 2015 01: +0,0.119,612
Jun 24 2015 01: +0,0.132,621
Jun 25 2015 01: +0,0.134,590
Jun 26 2015 01: +0,0.136,661
Jun 27 2015 01: +0,0.137,588
Jun 28 2015 01: +0,0.138,679
Jun 29 2015 01: +0,0.142,623
Jun 30 2015 01: +0,0.133,642
Jul 01 2015 01: +0,0.136,600
Jul 02 2015 01: +0,0.135,509
Jul 03 2015 01: +0,0.137,631
Jul 04 2015 01: +0,0.141,504
Jul 05 2015 01: +0,0.138,543
Jul 06 2015 01: +0,0.136,549
Jul 07 2015 01: +0,0.139,598
Jul 08 2015 01: +0,0.144,536
Jul 09 2015 01: +0,0.144,595
Jul 10 2015 01: +0,0.154,432
Jul 11 2015 01: +0,0.143,534
Jul 12 2015 01: +0,0.146,535
Jul 13 2015 01: +0,0.143,530
Jul 14 2015 01: +0,0.144,528
Jul 15 2015 01: +0,0.149,588
Jul 16 2015 01: +0,0.146,508
Jul 17 2015 01: +0,0.142,511
Jul 18 2015 01: +0,0.143,543
Jul 19 2015 01: +0,0.148,536
Jul 20 2015 01: +0,0.145,517
Jul 21 2015 01: +0,0.147,490
Jul 22 2015 01: +0,0.149,477
Jul 23 2015 01: +0,0.144,532
Jul 24 2015 01: +0,0.145,468
Jul 25 2015 01: +0,0.143,458
Jul 26 2015 01: +0,0.138,389
Jul 27 2015 01: +0,0.14,503
Jul 28 2015 01: +0,0.141,531
Jul 29 2015 01: +0,0.142,489
Jul 30 2015 01: +0,0.145,503
Jul 31 2015 01: +0,0.139,505
Aug 01 2015 01: +0,0.147,527
Aug 02 2015 01: +0,0.134,463
Aug 03 2015 01: +0,0.143,548
Aug 04 2015 01: +0,0.142,416
Aug 05 2015 01: +0,0.145,471
Aug 06 2015 01: +0,0.142,441
Aug 07 2015 01: +0,0.138,476
Aug 08 2015 01: +0,0.143,441
Aug 09 2015 01: +0,0.145,402
Aug 10 2015 01: +0,0.142,481
Aug 11 2015 01: +0,0.14,411
Aug 12 2015 01: +0,0.129,473
Aug 13 2015 01: +0,0.134,529
Aug 14 2015 01: +0,0.141,442
Aug 15 2015 01: +0,0.126,440
Aug 16 2015 01: +0,0.115,447
Aug 17 2015 01: +0,0.114,500
Aug 18 2015 01: +0,0.117,462
Aug 19 2015 01: +0,0.121,414
Aug 20 2015 01: +0,0.116,465
Aug 21 2015 01: +0,0.113,553
Aug 22 2015 01: +0,0.114,543
Aug 23 2015 01: +0,0.102,533
Aug 24 2015 01: +0,0.11,492
Aug 25 2015 01: +0,0.129,540
Aug 26 2015 01: +0,0.137,513
Aug 27 2015 01: +0,0.151,474
Aug 28 2015 01: +0,0.152,463
Aug 29 2015 01: +0,0.157,504
Aug 30 2015 01: +0,0.16,540
Aug 31 2015 01: +0,0.159,572
Sep 01 2015 01: +0,0.16,466
Sep 02 2015 01: +0,0.154,413
Sep 03 2015 01: +0,0.152,465
Sep 04 2015 01: +0,0.15,457
Sep 05 2015 01: +0,0.158,568
Sep 06 2015 01: +0,0.163,501
Sep 07 2015 01: +0,0.153,362
Sep 08 2015 01: +0,0.153,392
Sep 09 2015 01: +0,0.154,344
Sep 10 2015 01: +0,0.155,430
Sep 11 2015 01: +0,0.162,443
Sep 12 2015 01: +0,0.17,540
Sep 13 2015 01: +0,0.165,451
Sep 14 2015 01: +0,0.168,406
Sep 15 2015 01: +0,0.174,375
Sep 16 2015 01: +0,0.164,395
Sep 17 2015 01: +0,0.165,400
Sep 18 2015 01: +0,0.16,519
Sep 19 2015 01: +0,0.165,631
Sep 20 2015 01: +0,0.161,692
Sep 21 2015 01: +0,0.163,560
Sep 22 2015 01: +0,0.169,485
Sep 23 2015 01: +0,0.171,437
Sep 24 2015 01: +0,0.174,432
Sep 25 2015 01: +0,0.177,477
Sep 26 2015 01: +0,0.176,598
Sep 27 2015 01: +0,0.176,539
Sep 28 2015 01: +0,0.178,426
Sep 29 2015 01: +0,0.174,356
Sep 30 2015 01: +0,0.165,408
Oct 01 2015 01: +0,0.167,395
Oct 02 2015 01: +0,0.17,453
Oct 03 2015 01: +0,0.173,565
Oct 04 2015 01: +0,0.174,418
Oct 05 2015 01: +0,0.168,354
Oct 06 2015 01: +0,0.165,329
Oct 07 2015 01: +0,0.17,342
Oct 08 2015 01: +0,0.168,339
Oct 09 2015 01: +0,0.164,378
Oct 10 2015 01: +0,0.171,434
Oct 11 2015 01: +0,0.171,506
Oct 12 2015 01: +0,0.165,409
Oct 13 2015 01: +0,0.165,341
Oct 14 2015 01: +0,0.163,376
Oct 15 2015 01: +0,0.153,342
Oct 16 2015 01: +0,0.152,320
Oct 17 2015 01: +0,0.162,488
Oct 18 2015 01: +0,0.152,419
Oct 19 2015 01: +0,0.15,292
Oct 20 2015 01: +0,0.156,304
Oct 21 2015 01: +0,0.15,357
Oct 22 2015 01: +0,0.142,290
Oct 23 2015 01: +0,0.147,393
Oct 24 2015 01: +0,0.137,474
Oct 25 2015 01: +0,0.14,424
Oct 26 2015 01: +0,0.138,325
Oct 27 2015 01: +0,0.141,301
Oct 28 2015 01: +0,0.129,373
Oct 29 2015 01: +0,0.137,425
Oct 30 2015 01: +0,0.127,417
Oct 31 2015 01: +0,0.139,504
Nov 01 2015 01: +0,0.119,517
Nov 02 2015 01: +0,0.108,455
Nov 03 2015 01: +0,0.138,426
Nov 04 2015 01: +0,0.149,345
Nov 05 2015 01: +0,0.149,355
Nov 06 2015 01: +0,0.15,335
Nov 07 2015 01: +0,0.147,463
Nov 08 2015 01: +0,0.152,413
Nov 09 2015 01: +0,0.149,332
Nov 10 2015 01: +0,0.142,311
Nov 11 2015 01: +0,0.147,318
Nov 12 2015 01: +0,0.148,333
Nov 13 2015 01: +0,0.15,354
Nov 14 2015 01: +0,0.156,398
Nov 15 2015 01: +0,0.158,393
Nov 16 2015 01: +0,0.149,314
Nov 17 2015 01: +0,0.153,293
Nov 18 2015 01: +0,0.147,290
Nov 19 2015 01: +0,0.144,277
Nov 20 2015 01: +0,0.142,323
Nov 21 2015 01: +0,0.141,429
Nov 22 2015 01: +0,0.127,296
Nov 23 2015 01: +0,0.127,251
Nov 24 2015 01: +0,0.14,385
Nov 25 2015 01: +0,0.144,313
Nov 26 2015 01: +0,0.132,332
Nov 27 2015 01: +0,0.127,331
Nov 28 2015 01: +0,0.122,418
Nov 29 2015 01: +0,0.128,375
Nov 30 2015 01: +0,0.125,319
Dec 01 2015 01: +0,0.129,283
Dec 02 2015 01: +0,0.137,271
Dec 03 2015 01: +0,0.15,279
Dec 04 2015 01: +0,0.155,288
Dec 05 2015 01: +0,0.154,389
Dec 06 2015 01: +0,0.158,360
Dec 07 2015 01: +0,0.165,313
Dec 08 2015 01: +0,0.162,285
Dec 09 2015 01: +0,0.148,345
Dec 10 2015 01: +0,0.158,366
Dec 11 2015 01: +0,0.166,390
Dec 12 2015 01: +0,0.176,459
Dec 13 2015 01: +0,0.173,476
Dec 14 2015 01: +0,0.179,286
Dec 15 2015 01: +0,0.185,270
Dec 16 2015 01: +0,0.187,295
Dec 17 2015 01: +0,0.171,271
Dec 18 2015 01: +0,0.164,283
Dec 19 2015 01: +0,0.162,340
Dec 20 2015 01: +0,0.159,310
Dec 21 2015 01: +0,0.153,279
Dec 22 2015 01: +0,0.147,316
Dec 23 2015 01: +0,0.131,460
Dec 24 2015 01: +0,0.128,338
Dec 25 2015 01: +0,0.135,326
Dec 26 2015 01: +0,0.142,397
Dec 27 2015 01: +0,0.129,410
Dec 28 2015 01: +0,0.134,493
Dec 29 2015 01: +0,0.142,392
Dec 30 2015 01: +0,0.132,343
Dec 31 2015 01: +0,0.132,413
Jan 01 2016 01: +0,0.147,416
Jan 02 2016 01: +0,0.137,445
Jan 03 2016 01: +0,0.133,363
Jan 04 2016 01: +0,0.132,419
Jan 05 2016 01: +0,0.138,353
Jan 06 2016 01: +0,0.146,335
Jan 07 2016 01: +0,0.148,325
Jan 08 2016 01: +0,0.162,324
Jan 09 2016 01: +0,0.169,374
Jan 10 2016 01: +0,0.163,312
Jan 11 2016 01: +0,0.158,240
Jan 12 2016 01: +0,0.159,285
Jan 13 2016 01: +0,0.167,267
Jan 14 2016 01: +0,0.176,293
Jan 15 2016 01: +0,0.172,274
Jan 16 2016 01: +0,0.17,327
Jan 17 2016 01: +0,0.156,315
Jan 18 2016 01: +0,0.153,310
Jan 19 2016 01: +0,0.15,255
Jan 20 2016 01: +0,0.147,312
Jan 21 2016 01: +0,0.153,257
Jan 22 2016 01: +0,0.156,285
Jan 23 2016 01: +0,0.161,379
Jan 24 2016 01: +0,0.169,306
Jan 25 2016 01: +0,0.158,312
Jan 26 2016 01: +0,0.16,301
Jan 27 2016 01: +0,0.157,341
Jan 28 2016 01: +0,0.162,340
Jan 29 2016 01: +0,0.164,347
Jan 30 2016 01: +0,0.162,380
Jan 31 2016 01: +0,0.156,324
Feb 01 2016 01: +0,0.153,310
Feb 02 2016 01: +0,0.16,332
Feb 03 2016 01: +0,0.161,375
Feb 04 2016 01: +0,0.158,360
Feb 05 2016 01: +0,0.16,380
Feb 06 2016 01: +0,0.153,403
Feb 07 2016 01: +0,0.145,330
Feb 08 2016 01: +0,0.147,353
Feb 09 2016 01: +0,0.147,258
Feb 10 2016 01: +0,0.139,274
Feb 11 2016 01: +0,0.134,323
Feb 12 2016 01: +0,0.138,337
Feb 13 2016 01: +0,0.145,419
Feb 14 2016 01: +0,0.149,370
Feb 15 2016 01: +0,0.147,370
Feb 16 2016 01: +0,0.156,312
Feb 17 2016 01: +0,0.167,371
Feb 18 2016 01: +0,0.151,490
Feb 19 2016 01: +0,0.165,362
Feb 20 2016 01: +0,0.164,407
Feb 21 2016 01: +0,0.163,396
Feb 22 2016 01: +0,0.161,349
Feb 23 2016 01: +0,0.162,321
Feb 24 2016 01: +0,0.161,321
Feb 25 2016 01: +0,0.161,382
Feb 26 2016 01: +0,0.162,374
Feb 27 2016 01: +0,0.161,416
Feb 28 2016 01: +0,0.163,375
Feb 29 2016 01: +0,0.168,379
Mar 01 2016 01: +0,0.17,319
Mar 02 2016 01: +0,0.178,317
Mar 03 2016 01: +0,0.173,321
Mar 04 2016 01: +0,0.163,379
Mar 05 2016 01: +0,0.165,396
Mar 06 2016 01: +0,0.163,353
Mar 07 2016 01: +0,0.16,307
Mar 08 2016 01: +0,0.163,289
Mar 09 2016 01: +0,0.161,272
Mar 10 2016 01: +0,0.175,205
Mar 11 2016 01: +0,0.182,237
Mar 12 2016 01: +0,0.19,281
Mar 13 2016 01: +0,0.2,225
Mar 14 2016 01: +0,0.202,162
Mar 15 2016 01: +0,0.213,215
Mar 16 2016 01: +0,0.232,201
Mar 17 2016 01: +0,0.214,163
Mar 18 2016 01: +0,0.209,251
Mar 19 2016 01: +0,0.213,252
Mar 20 2016 01: +0,0.217,221
Mar 21 2016 01: +0,0.211,193
Mar 22 2016 01: +0,0.207,213
Mar 23 2016 01: +0,0.204,194
Mar 24 2016 01: +0,0.199,208
Mar 25 2016 01: +0,0.21,253
Mar 26 2016 01: +0,0.22,212
Mar 27 2016 01: +0,0.201,248
Mar 28 2016 01: +0,0.209,231
Mar 29 2016 01: +0,0.202,202
Mar 30 2016 01: +0,0.191,227
Mar 31 2016 01: +0,0.196,246
Apr 01 2016 01: +0,0.202,229
Apr 02 2016 01: +0,0.21,292
Apr 03 2016 01: +0,0.193,325
Apr 04 2016 01: +0,0.198,233
Apr 05 2016 01: +0,0.204,176
Apr 06 2016 01: +0,0.205,227
Apr 07 2016 01: +0,0.227,204
Apr 08 2016 01: +0,0.219,247
Apr 09 2016 01: +0,0.217,280
Apr 10 2016 01: +0,0.219,278
Apr 11 2016 01: +0,0.218,197
Apr 12 2016 01: +0,0.216,221
Apr 13 2016 01: +0,0.205,212
Apr 14 2016 01: +0,0.218,183
Apr 15 2016 01: +0,0.224,203
Apr 16 2016 01: +0,0.227,280
Apr 17 2016 01: +0,0.231,258
Apr 18 2016 01: +0,0.217,219
Apr 19 2016 01: +0,0.214,192
Apr 20 2016 01: +0,0.221,216
Apr 21 2016 01: +0,0.217,210
Apr 22 2016 01: +0,0.211,220
Apr 23 2016 01: +0,0.225,267
Apr 24 2016 01: +0,0.209,291
Apr 25 2016 01: +0,0.208,208
Apr 26 2016 01: +0,0.217,202
Apr 27 2016 01: +0,0.229,182
Apr 28 2016 01: +0,0.212,215
Apr 29 2016 01: +0,0.228,279
Apr 30 2016 01: +0,0.244,315
May 01 2016 01: +0,0.226,320
May 02 2016 01: +0,0.238,269
May 03 2016 01: +0,0.239,241
May 04 2016 01: +0,0.227,229
May 05 2016 01: +0,0.221,248
May 06 2016 01: +0,0.228,233
May 07 2016 01: +0,0.231,243
May 08 2016 01: +0,0.232,279
May 09 2016 01: +0,0.22,236
May 10 2016 01: +0,0.221,212
May 11 2016 01: +0,0.228,214
May 12 2016 01: +0,0.222,185
May 13 2016 01: +0,0.224,224
May 14 2016 01: +0,0.234,274
May 15 2016 01: +0,0.259,217
May 16 2016 01: +0,0.225,198
May 17 2016 01: +0,0.208,213
May 18 2016 01: +0,0.198,229
May 19 2016 01: +0,0.191,196
May 20 2016 01: +0,0.168,289
May 21 2016 01: +0,0.173,271
May 22 2016 01: +0,0.175,261
May 23 2016 01: +0,0.179,224
May 24 2016 01: +0,0.182,230
May 25 2016 01: +0,0.189,200
May 26 2016 01: +0,0.184,190
May 27 2016 01: +0,0.194,234
May 28 2016 01: +0,0.199,220
May 29 2016 01: +0,0.197,233
May 30 2016 01: +0,0.201,209
May 31 2016 01: +0,0.201,207
Jun 01 2016 01: +0,0.193,205
Jun 02 2016 01: +0,0.186,250
Jun 03 2016 01: +0,0.181,232
Jun 04 2016 01: +0,0.197,236
Jun 05 2016 01: +0,0.197,212
Jun 06 2016 01: +0,0.196,186
Jun 07 2016 01: +0,0.199,172
Jun 08 2016 01: +0,0.193,221
Jun 09 2016 01: +0,0.199,196
Jun 10 2016 01: +0,0.195,198
Jun 11 2016 01: +0,0.208,229
Jun 12 2016 01: +0,0.204,212
Jun 13 2016 01: +0,0.207,180
Jun 14 2016 01: +0,0.201,165
Jun 15 2016 01: +0,0.187,195
Jun 16 2016 01: +0,0.19,224
Jun 17 2016 01: +0,0.193,257
Jun 18 2016 01: +0,0.197,252
Jun 19 2016 01: +0,0.204,254
Jun 20 2016 01: +0,0.209,228
Jun 21 2016 01: +0,0.206,195
Jun 22 2016 01: +0,0.199,228
Jun 23 2016 01: +0,0.183,249
Jun 24 2016 01: +0,0.16,260
Jun 25 2016 01: +0,0.153,253
Jun 26 2016 01: +0,0.145,252
Jun 27 2016 01: +0,0.156,243
Jun 28 2016 01: +0,0.169,204
Jun 29 2016 01: +0,0.163,210
Jun 30 2016 01: +0,0.172,221
Jul 01 2016 01: +0,0.177,190
Jul 02 2016 01: +0,0.173,231
Jul 03 2016 01: +0,0.175,222
Jul 04 2016 01: +0,0.167,254
Jul 05 2016 01: +0,0.18,193
Jul 06 2016 01: +0,0.191,220
Jul 07 2016 01: +0,0.212,198
Jul 08 2016 01: +0,0.217,214
Jul 09 2016 01: +0,0.2,246
Jul 10 2016 01: +0,0.181,255
Jul 11 2016 01: +0,0.189,212
Jul 12 2016 01: +0,0.203,194
Jul 13 2016 01: +0,0.213,171
Jul 14 2016 01: +0,0.217,205
Jul 15 2016 01: +0,0.214,189
Jul 16 2016 01: +0,0.23,250
Jul 17 2016 01: +0,0.259,234
Jul 18 2016 01: +0,0.296,222
Jul 19 2016 01: +0,0.283,173
Jul 20 2016 01: +0,0.277,200
Jul 21 2016 01: +0,0.271,161
Jul 22 2016 01: +0,0.277,153
Jul 23 2016 01: +0,0.265,166
Jul 24 2016 01: +0,0.268,178
Jul 25 2016 01: +0,0.263,182
Jul 26 2016 01: +0,0.268,166
Jul 27 2016 01: +0,0.264,166
Jul 28 2016 01: +0,0.265,182
Jul 29 2016 01: +0,0.274,181
Jul 30 2016 01: +0,0.261,177
Jul 31 2016 01: +0,0.256,168
Aug 01 2016 01: +0,0.256,184
Aug 02 2016 01: +0,0.272,162
Aug 03 2016 01: +0,0.268,171
Aug 04 2016 01: +0,0.259,168
Aug 05 2016 01: +0,0.248,171
Aug 06 2016 01: +0,0.259,149
Aug 07 2016 01: +0,0.245,149
Aug 08 2016 01: +0,0.239,143
Aug 09 2016 01: +0,0.249,169
Aug 10 2016 01: +0,0.235,149
Aug 11 2016 01: +0,0.233,150
Aug 12 2016 01: +0,0.23,142
Aug 13 2016 01: +0,0.225,153
Aug 14 2016 01: +0,0.251,152
Aug 15 2016 01: +0,0.245,154
Aug 16 2016 01: +0,0.25,161
Aug 17 2016 01: +0,0.248,173
Aug 18 2016 01: +0,0.249,165
Aug 19 2016 01: +0,0.239,199
Aug 20 2016 01: +0,0.227,191
Aug 21 2016 01: +0,0.227,188
Aug 22 2016 01: +0,0.225,194
Aug 23 2016 01: +0,0.23,184
Aug 24 2016 01: +0,0.222,165
Aug 25 2016 01: +0,0.216,180
Aug 26 2016 01: +0,0.217,210
Aug 27 2016 01: +0,0.228,183
Aug 28 2016 01: +0,0.29,179
Aug 29 2016 01: +0,0.231,176
Aug 30 2016 01: +0,0.226,185
Aug 31 2016 01: +0,0.227,191
Sep 01 2016 01: +0,0.224,159
Sep 02 2016 01: +0,0.217,177
Sep 03 2016 01: +0,0.212,196
Sep 04 2016 01: +0,0.212,205
Sep 05 2016 01: +0,0.205,157
Sep 06 2016 01: +0,0.217,135
Sep 07 2016 01: +0,0.213,130
Sep 08 2016 01: +0,0.212,166
Sep 09 2016 01: +0,0.215,184
Sep 10 2016 01: +0,0.208,213
Sep 11 2016 01: +0,0.218,209
Sep 12 2016 01: +0,0.216,140
Sep 13 2016 01: +0,0.211,150
Sep 14 2016 01: +0,0.221,151
Sep 15 2016 01: +0,0.216,135
Sep 16 2016 01: +0,0.203,180
Sep 17 2016 01: +0,0.204,160
Sep 18 2016 01: +0,0.198,169
Sep 19 2016 01: +0,0.183,138
Sep 20 2016 01: +0,0.203,143
Sep 21 2016 01: +0,0.221,151
Sep 22 2016 01: +0,0.216,114
Sep 23 2016 01: +0,0.212,133
Sep 24 2016 01: +0,0.217,176
Sep 25 2016 01: +0,0.218,175
Sep 26 2016 01: +0,0.207,123
Sep 27 2016 01: +0,0.203,118
Sep 28 2016 01: +0,0.222,128
Sep 29 2016 01: +0,0.201,99
Sep 30 2016 01: +0,0.199,136
Oct 01 2016 01: +0,0.207,196
Oct 02 2016 01: +0,0.21,202
Oct 03 2016 01: +0,0.211,158
Oct 04 2016 01: +0,0.213,99
Oct 05 2016 01: +0,0.196,141
Oct 06 2016 01: +0,0.182,117
Oct 07 2016 01: +0,0.182,152
Oct 08 2016 01: +0,0.179,175
Oct 09 2016 01: +0,0.177,159
Oct 10 2016 01: +0,0.167,122
Oct 11 2016 01: +0,0.169,168
Oct 12 2016 01: +0,0.18,134
Oct 13 2016 01: +0,0.186,126
Oct 14 2016 01: +0,0.198,147
Oct 15 2016 01: +0,0.195,152
Oct 16 2016 01: +0,0.187,183
Oct 17 2016 01: +0,0.183,116
Oct 18 2016 01: +0,0.184,110
Oct 19 2016 01: +0,0.165,108
Oct 20 2016 01: +0,0.16,133
Oct 21 2016 01: +0,0.161,135
Oct 22 2016 01: +0,0.167,146
Oct 23 2016 01: +0,0.175,146
Oct 24 2016 01: +0,0.172,113
Oct 25 2016 01: +0,0.174,115
Oct 26 2016 01: +0,0.165,118
Oct 27 2016 01: +0,0.161,136
Oct 28 2016 01: +0,0.166,137
Oct 29 2016 01: +0,0.162,158
Oct 30 2016 01: +0,0.167,179
Oct 31 2016 01: +0,0.166,119
Nov 01 2016 01: +0,0.165,131
Nov 02 2016 01: +0,0.171,110
Nov 03 2016 01: +0,0.176,87
Nov 04 2016 01: +0,0.17,131
Nov 05 2016 01: +0,0.173,179
Nov 06 2016 01: +0,0.178,148
Nov 07 2016 01: +0,0.169,121
Nov 08 2016 01: +0,0.174,96
Nov 09 2016 01: +0,0.167,124
Nov 10 2016 01: +0,0.186,119
Nov 11 2016 01: +0,0.19,158
Nov 12 2016 01: +0,0.189,175
Nov 13 2016 01: +0,0.183,136
Nov 14 2016 01: +0,0.18,131
Nov 15 2016 01: +0,0.182,116
Nov 16 2016 01: +0,0.189,130
Nov 17 2016 01: +0,0.18,102
Nov 18 2016 01: +0,0.181,122
Nov 19 2016 01: +0,0.184,152
Nov 20 2016 01: +0,0.183,127
Nov 21 2016 01: +0,0.192,110
Nov 22 2016 01: +0,0.177,123
Nov 23 2016 01: +0,0.167,105
Nov 24 2016 01: +0,0.149,138
Nov 25 2016 01: +0,0.147,156
Nov 26 2016 01: +0,0.144,190
Nov 27 2016 01: +0,0.154,162
Nov 28 2016 01: +0,0.159,153
Nov 29 2016 01: +0,0.157,137
Nov 30 2016 01: +0,0.181,148
Dec 01 2016 01: +0,0.189,137
Dec 02 2016 01: +0,0.191,178
Dec 03 2016 01: +0,0.195,215
Dec 04 2016 01: +0,0.198,178
Dec 05 2016 01: +0,0.202,141
Dec 06 2016 01: +0,0.197,173
Dec 07 2016 01: +0,0.202,144
Dec 08 2016 01: +0,0.2,130
Dec 09 2016 01: +0,0.208,122
Dec 10 2016 01: +0,0.207,191
Dec 11 2016 01: +0,0.208,166
Dec 12 2016 01: +0,0.212,119
Dec 13 2016 01: +0,0.203,110
Dec 14 2016 01: +0,0.218,110
Dec 15 2016 01: +0,0.21,130
Dec 16 2016 01: +0,0.2,131
Dec 17 2016 01: +0,0.19,168
Dec 18 2016 01: +0,0.182,165
Dec 19 2016 01: +0,0.183,142
Dec 20 2016 01: +0,0.195,135
Dec 21 2016 01: +0,0.189,130
Dec 22 2016 01: +0,0.199,154
Dec 23 2016 01: +0,0.186,144
Dec 24 2016 01: +0,0.184,212
Dec 25 2016 01: +0,0.208,210
Dec 26 2016 01: +0,0.232,240
Dec 27 2016 01: +0,0.236,241
Dec 28 2016 01: +0,0.234,209
Dec 29 2016 01: +0,0.254,217
Dec 30 2016 01: +0,0.25,179
Dec 31 2016 01: +0,0.245,173
Jan 01 2017 01: +0,0.26,173
Jan 02 2017 01: +0,0.256,210
Jan 03 2017 01: +0,0.265,130
Jan 04 2017 01: +0,0.267,168
Jan 05 2017 01: +0,0.267,153
Jan 06 2017 01: +0,0.253,127
Jan 07 2017 01: +0,0.256,167
Jan 08 2017 01: +0,0.257,148
Jan 09 2017 01: +0,0.245,140
Jan 10 2017 01: +0,0.259,141
Jan 11 2017 01: +0,0.271,139
Jan 12 2017 01: +0,0.266,151
Jan 13 2017 01: +0,0.258,160
Jan 14 2017 01: +0,0.263,187
Jan 15 2017 01: +0,0.254,183
Jan 16 2017 01: +0,0.245,160
Jan 17 2017 01: +0,0.237,167
Jan 18 2017 01: +0,0.242,144
Jan 19 2017 01: +0,0.243,146
Jan 20 2017 01: +0,0.251,141
Jan 21 2017 01: +0,0.267,201
Jan 22 2017 01: +0,0.267,157
Jan 23 2017 01: +0,0.271,177
Jan 24 2017 01: +0,0.272,188
Jan 25 2017 01: +0,0.268,223
Jan 26 2017 01: +0,0.284,200
Jan 27 2017 01: +0,0.298,183
Jan 28 2017 01: +0,0.314,243
Jan 29 2017 01: +0,0.306,269
Jan 30 2017 01: +0,0.294,181
Jan 31 2017 01: +0,0.298,169
Feb 01 2017 01: +0,0.298,182
Feb 02 2017 01: +0,0.308,193
Feb 03 2017 01: +0,0.321,180
Feb 04 2017 01: +0,0.346,218
Feb 05 2017 01: +0,0.335,202
Feb 06 2017 01: +0,0.319,153
Feb 07 2017 01: +0,0.352,199
Feb 08 2017 01: +0,0.382,164
Feb 09 2017 01: +0,0.379,199
Feb 10 2017 01: +0,0.353,193
Feb 11 2017 01: +0,0.358,213
Feb 12 2017 01: +0,0.376,185
Feb 13 2017 01: +0,0.385,165
Feb 14 2017 01: +0,0.363,155
Feb 15 2017 01: +0,0.349,119
Feb 16 2017 01: +0,0.334,185
Feb 17 2017 01: +0,0.328,187
Feb 18 2017 01: +0,0.351,201
Feb 19 2017 01: +0,0.337,219
Feb 20 2017 01: +0,0.326,182
Feb 21 2017 01: +0,0.314,175
Feb 22 2017 01: +0,0.323,147
Feb 23 2017 01: +0,0.32,203
Feb 24 2017 01: +0,0.332,184
Feb 25 2017 01: +0,0.33,252
Feb 26 2017 01: +0,0.331,211
Feb 27 2017 01: +0,0.313,182
Feb 28 2017 01: +0,0.354,165
Mar 01 2017 01: +0,0.333,171
Mar 02 2017 01: +0,0.332,179
Mar 03 2017 01: +0,0.338,184
Mar 04 2017 01: +0,0.328,222
Mar 05 2017 01: +0,0.323,204
Mar 06 2017 01: +0,0.319,172
Mar 07 2017 01: +0,0.314,209
Mar 08 2017 01: +0,0.319,169
Mar 09 2017 01: +0,0.317,199
Mar 10 2017 01: +0,0.329,194
Mar 11 2017 01: +0,0.351,245
Mar 12 2017 01: +0,0.341,219
Mar 13 2017 01: +0,0.344,187
Mar 14 2017 01: +0,0.333,164
Mar 15 2017 01: +0,0.319,168
Mar 16 2017 01: +0,0.311,202
Mar 17 2017 01: +0,0.319,217
Mar 18 2017 01: +0,0.334,292
Mar 19 2017 01: +0,0.343,281
Mar 20 2017 01: +0,0.334,241
Mar 21 2017 01: +0,0.327,230
Mar 22 2017 01: +0,0.329,198
Mar 23 2017 01: +0,0.322,206
Mar 24 2017 01: +0,0.317,217
Mar 25 2017 01: +0,0.31,289
Mar 26 2017 01: +0,0.311,214
Mar 27 2017 01: +0,0.314,180
Mar 28 2017 01: +0,0.316,174
Mar 29 2017 01: +0,0.308,176
Mar 30 2017 01: +0,0.305,196
Mar 31 2017 01: +0,0.305,204
Apr 01 2017 01: +0,0.307,268
Apr 02 2017 01: +0,0.299,241
Apr 03 2017 01: +0,0.303,188
Apr 04 2017 01: +0,0.294,191
Apr 05 2017 01: +0,0.294,180
Apr 06 2017 01: +0,0.346,189
Apr 07 2017 01: +0,0.292,192
Apr 08 2017 01: +0,0.301,241
Apr 09 2017 01: +0,0.298,251
Apr 10 2017 01: +0,0.296,180
Apr 11 2017 01: +0,0.285,218
Apr 12 2017 01: +0,0.265,213
Apr 13 2017 01: +0,0.289,204
Apr 14 2017 01: +0,0.289,240
Apr 15 2017 01: +0,0.296,205
Apr 16 2017 01: +0,0.296,238
Apr 17 2017 01: +0,0.286,219
Apr 18 2017 01: +0,0.298,237
Apr 19 2017 01: +0,0.301,197
Apr 20 2017 01: +0,0.302,189
Apr 21 2017 01: +0,0.31,189
Apr 22 2017 01: +0,0.313,215
Apr 23 2017 01: +0,0.313,212
Apr 24 2017 01: +0,0.301,192
Apr 25 2017 01: +0,0.297,176
Apr 26 2017 01: +0,0.287,163
Apr 27 2017 01: +0,0.285,188
Apr 28 2017 01: +0,0.289,216
Apr 29 2017 01: +0,0.297,214
Apr 30 2017 01: +0,0.297,207
May 01 2017 01: +0,0.293,190
May 02 2017 01: +0,0.297,181
May 03 2017 01: +0,0.29,178
May 04 2017 01: +0,0.293,185
May 05 2017 01: +0,0.299,182
May 06 2017 01: +0,0.297,219
May 07 2017 01: +0,0.291,222
May 08 2017 01: +0,0.285,180
May 09 2017 01: +0,0.286,144
May 10 2017 01: +0,0.296,169
May 11 2017 01: +0,0.296,189
May 12 2017 01: +0,0.304,210
May 13 2017 01: +0,0.324,238
May 14 2017 01: +0,0.332,202
May 15 2017 01: +0,0.317,167
May 16 2017 01: +0,0.318,163
May 17 2017 01: +0,0.33,152
May 18 2017 01: +0,0.318,167
May 19 2017 01: +0,0.321,150
May 20 2017 01: +0,0.318,186
May 21 2017 01: +0,0.323,200
May 22 2017 01: +0,0.332,180
May 23 2017 01: +0,0.303,158
May 24 2017 01: +0,0.251,253
May 25 2017 01: +0,0.235,200
May 26 2017 01: +0,0.259,218
May 27 2017 01: +0,0.297,198
May 28 2017 01: +0,0.283,192
May 29 2017 01: +0,0.287,189
May 30 2017 01: +0,0.281,156
May 31 2017 01: +0,0.268,155
Jun 01 2017 01: +0,0.266,168
Jun 02 2017 01: +0,0.261,201
Jun 03 2017 01: +0,0.273,188
Jun 04 2017 01: +0,0.277,211
Jun 05 2017 01: +0,0.266,167
Jun 06 2017 01: +0,0.283,167
Jun 07 2017 01: +0,0.269,181
Jun 08 2017 01: +0,0.268,183
Jun 09 2017 01: +0,0.269,171
Jun 10 2017 01: +0,0.271,167
Jun 11 2017 01: +0,0.271,162
Jun 12 2017 01: +0,0.242,156
Jun 13 2017 01: +0,0.245,142
Jun 14 2017 01: +0,0.241,150
Jun 15 2017 01: +0,0.24,164
Jun 16 2017 01: +0,0.23,143
Jun 17 2017 01: +0,0.225,161
Jun 18 2017 01: +0,0.227,134
Jun 19 2017 01: +0,0.22,141
Jun 20 2017 01: +0,0.215,138
Jun 21 2017 01: +0,0.209,139
Jun 22 2017 01: +0,0.192,197
Jun 23 2017 01: +0,0.142,189
Jun 24 2017 01: +0,0.149,186
Jun 25 2017 01: +0,0.166,177
Jun 26 2017 01: +0,0.188,163
Jun 27 2017 01: +0,0.183,151
Jun 28 2017 01: +0,0.165,147
Jun 29 2017 01: +0,0.182,165
Jun 30 2017 01: +0,0.189,165
Jul 01 2017 01: +0,0.195,144
Jul 02 2017 01: +0,0.195,152
Jul 03 2017 01: +0,0.19,163
Jul 04 2017 01: +0,0.192,172
Jul 05 2017 01: +0,0.196,154
Jul 06 2017 01: +0,0.209,165
Jul 07 2017 01: +0,0.221,149
Jul 08 2017 01: +0,0.213,168
Jul 09 2017 01: +0,0.207,133
Jul 10 2017 01: +0,0.213,143
Jul 11 2017 01: +0,0.204,150
Jul 12 2017 01: +0,0.198,139
Jul 13 2017 01: +0,0.198,132
Jul 14 2017 01: +0,0.204,133
Jul 15 2017 01: +0,0.207,137
Jul 16 2017 01: +0,0.209,136
Jul 17 2017 01: +0,0.211,165
Jul 18 2017 01: +0,0.222,178
Jul 19 2017 01: +0,0.228,153
Jul 20 2017 01: +0,0.222,143
Jul 21 2017 01: +0,0.228,146
Jul 22 2017 01: +0,0.234,128
Jul 23 2017 01: +0,0.227,167
Jul 24 2017 01: +0,0.228,137
Jul 25 2017 01: +0,0.236,135
Jul 26 2017 01: +0,0.225,154
Jul 27 2017 01: +0,0.232,164
Jul 28 2017 01: +0,0.242,141
Jul 29 2017 01: +0,0.235,153
Jul 30 2017 01: +0,0.242,141
Jul 31 2017 01: +0,0.241,139
Aug 01 2017 01: +0,0.243,160
Aug 02 2017 01: +0,0.249,146
Aug 03 2017 01: +0,0.243,141
Aug 04 2017 01: +0,0.238,163
Aug 05 2017 01: +0,0.238,186
Aug 06 2017 01: +0,0.239,165
Aug 07 2017 01: +0,0.243,151
Aug 08 2017 01: +0,0.234,192
Aug 09 2017 01: +0,0.235,135
Aug 10 2017 01: +0,0.238,135
Aug 11 2017 01: +0,0.229,123
Aug 12 2017 01: +0,0.237,155
Aug 13 2017 01: +0,0.223,148
Aug 14 2017 01: +0,0.229,144
Aug 15 2017 01: +0,0.227,133
Aug 16 2017 01: +0,0.221,132
Aug 17 2017 01: +0,0.226,132
Aug 18 2017 01: +0,0.227,118
Aug 19 2017 01: +0,0.217,166
Aug 20 2017 01: +0,0.22,144
Aug 21 2017 01: +0,0.216,147
Aug 22 2017 01: +0,0.21,126
Aug 23 2017 01: +0,0.221,122
Aug 24 2017 01: +0,0.223,123
Aug 25 2017 01: +0,0.213,128
Aug 26 2017 01: +0,0.218,162
Aug 27 2017 01: +0,0.219,145
Aug 28 2017 01: +0,0.211,139
Aug 29 2017 01: +0,0.217,132
Aug 30 2017 01: +0,0.216,126
Aug 31 2017 01: +0,0.221,121
Sep 01 2017 01: +0,0.224,132
Sep 02 2017 01: +0,0.227,129
Sep 03 2017 01: +0,0.22,148
Sep 04 2017 01: +0,0.215,149
Sep 05 2017 01: +0,0.216,137
Sep 06 2017 01: +0,0.225,104
Sep 07 2017 01: +0,0.217,114
Sep 08 2017 01: +0,0.215,123
Sep 09 2017 01: +0,0.227,165
Sep 10 2017 01: +0,0.223,149
Sep 11 2017 01: +0,0.208,110
Sep 12 2017 01: +0,0.215,94
Sep 13 2017 01: +0,0.214,121
Sep 14 2017 01: +0,0.213,116
Sep 15 2017 01: +0,0.222,174
Sep 16 2017 01: +0,0.223,162
Sep 17 2017 01: +0,0.229,169
Sep 18 2017 01: +0,0.226,107
Sep 19 2017 01: +0,0.23,137
Sep 20 2017 01: +0,0.239,117
Sep 21 2017 01: +0,0.229,124
Sep 22 2017 01: +0,0.239,125
Sep 23 2017 01: +0,0.229,163
Sep 24 2017 01: +0,0.233,136
Sep 25 2017 01: +0,0.223,93
Sep 26 2017 01: +0,0.229,106
Sep 27 2017 01: +0,0.227,91
Sep 28 2017 01: +0,0.235,103
Sep 29 2017 01: +0,0.222,92
Sep 30 2017 01: +0,0.222,141
Oct 01 2017 01: +0,0.219,120
Oct 02 2017 01: +0,0.218,112
Oct 03 2017 01: +0,0.213,104
Oct 04 2017 01: +0,0.214,108
Oct 05 2017 01: +0,0.199,98
Oct 06 2017 01: +0,0.209,108
Oct 07 2017 01: +0,0.201,142
Oct 08 2017 01: +0,0.206,148
Oct 09 2017 01: +0,0.199,109
Oct 10 2017 01: +0,0.2,103
Oct 11 2017 01: +0,0.204,102
Oct 12 2017 01: +0,0.205,112
Oct 13 2017 01: +0,0.209,110
Oct 14 2017 01: +0,0.203,123
Oct 15 2017 01: +0,0.202,123
Oct 16 2017 01: +0,0.204,89
Oct 17 2017 01: +0,0.208,91
Oct 18 2017 01: +0,0.211,82
Oct 19 2017 01: +0,0.206,83
Oct 20 2017 01: +0,0.207,102
Oct 21 2017 01: +0,0.205,137
Oct 22 2017 01: +0,0.206,122
Oct 23 2017 01: +0,0.217,98
Oct 24 2017 01: +0,0.192,104
Oct 25 2017 01: +0,0.199,96
Oct 26 2017 01: +0,0.193,90
Oct 27 2017 01: +0,0.189,135
Oct 28 2017 01: +0,0.201,132
Oct 29 2017 01: +0,0.197,109
Oct 30 2017 01: +0,0.197,103
Oct 31 2017 01: +0,0.185,88
Nov 01 2017 01: +0,0.185,122
Nov 02 2017 01: +0,0.202,104
Nov 03 2017 01: +0,0.191,101
Nov 04 2017 01: +0,0.189,102
Nov 05 2017 01: +0,0.186,127
Nov 06 2017 01: +0,0.19,89
Nov 07 2017 01: +0,0.183,75
Nov 08 2017 01: +0,0.19,88
Nov 09 2017 01: +0,0.189,89
Nov 10 2017 01: +0,0.188,83
Nov 11 2017 01: +0,0.204,81
Nov 12 2017 01: +0,0.188,109
Nov 13 2017 01: +0,0.181,79
Nov 14 2017 01: +0,0.183,91
Nov 15 2017 01: +0,0.19,78
Nov 16 2017 01: +0,0.182,77
Nov 17 2017 01: +0,0.187,70
Nov 18 2017 01: +0,0.192,129
Nov 19 2017 01: +0,0.186,98
Nov 20 2017 01: +0,0.186,97
Nov 21 2017 01: +0,0.182,75
Nov 22 2017 01: +0,0.179,91
Nov 23 2017 01: +0,0.161,92
Nov 24 2017 01: +0,0.148,128
Nov 25 2017 01: +0,0.155,108
Nov 26 2017 01: +0,0.158,88
Nov 27 2017 01: +0,0.175,65
Nov 28 2017 01: +0,0.145,67
Nov 29 2017 01: +0,0.157,90
Nov 30 2017 01: +0,0.168,64
Dec 01 2017 01: +0,0.175,89
Dec 02 2017 01: +0,0.298,83
Dec 03 2017 01: +0,0.183,80
Dec 04 2017 01: +0,0.169,76
Dec 05 2017 01: +0,0.166,70
Dec 06 2017 01: +0,0.176,104
Dec 07 2017 01: +0,0.173,84
Dec 08 2017 01: +0,0.178,77
Dec 09 2017 01: +0,0.178,94
Dec 10 2017 01: +0,0.18,97
Dec 11 2017 01: +0,0.172,87
Dec 12 2017 01: +0,0.183,94
Dec 13 2017 01: +0,0.196,58
Dec 14 2017 01: +0,0.205,72
Dec 15 2017 01: +0,0.188,62
Dec 16 2017 01: +0,0.173,113
Dec 17 2017 01: +0,0.176,101
Dec 18 2017 01: +0,0.173,85
Dec 19 2017 01: +0,0.179,94
Dec 20 2017 01: +0,0.163,88
Dec 21 2017 01: +0,0.163,75
Dec 22 2017 01: +0,0.162,101
Dec 23 2017 01: +0,0.163,114
Dec 24 2017 01: +0,0.163,101
Dec 25 2017 01: +0,0.173,118
Dec 26 2017 01: +0,0.176,103
Dec 27 2017 01: +0,0.175,162
Dec 28 2017 01: +0,0.187,104
Dec 29 2017 01: +0,0.185,127
Dec 30 2017 01: +0,0.181,122
Dec 31 2017 01: +0,0.182,93
Jan 01 2018 01: +0,0.183,96
Jan 02 2018 01: +0,0.171,121
Jan 03 2018 01: +0,0.183,123
Jan 04 2018 01: +0,0.191,116
Jan 05 2018 01: +0,0.189,92
Jan 06 2018 01: +0,0.205,92
Jan 07 2018 01: +0,0.199,103
Jan 08 2018 01: +0,0.209,91
Jan 09 2018 01: +0,0.202,77
Jan 10 2018 01: +0,0.19,89
Jan 11 2018 01: +0,0.224,214
Jan 12 2018 01: +0,0.209,95
Jan 13 2018 01: +0,0.209,119
Jan 14 2018 01: +0,0.216,106
Jan 15 2018 01: +0,0.198,124
Jan 16 2018 01: +0,0.222,96
Jan 17 2018 01: +0,0.22,85
Jan 18 2018 01: +0,0.213,70
Jan 19 2018 01: +0,0.214,94
Jan 20 2018 01: +0,0.201,98
Jan 21 2018 01: +0,0.203,121
Jan 22 2018 01: +0,0.199,117
Jan 23 2018 01: +0,0.207,94
Jan 24 2018 01: +0,0.211,76
Jan 25 2018 01: +0,0.201,95
Jan 26 2018 01: +0,0.195,93
Jan 27 2018 01: +0,0.209,116
Jan 28 2018 01: +0,0.195,103
Jan 29 2018 01: +0,0.188,108
Jan 30 2018 01: +0,0.195,84
Jan 31 2018 01: +0,0.204,88
Feb 01 2018 01: +0,0.182,78
Feb 02 2018 01: +0,0.203,102
Feb 03 2018 01: +0,0.207,102
Feb 04 2018 01: +0,0.213,89
Feb 05 2018 01: +0,0.213,91
Feb 06 2018 01: +0,0.206,79
Feb 07 2018 01: +0,0.199,86
Feb 08 2018 01: +0,0.209,72
Feb 09 2018 01: +0,0.199,100
Feb 10 2018 01: +0,0.201,88
Feb 11 2018 01: +0,0.206,133
Feb 12 2018 01: +0,0.211,66
Feb 13 2018 01: +0,0.209,72
Feb 14 2018 01: +0,0.213,67
Feb 15 2018 01: +0,0.221,86
Feb 16 2018 01: +0,0.209,99
Feb 17 2018 01: +0,0.21,104
Feb 18 2018 01: +0,0.205,133
Feb 19 2018 01: +0,0.198,109
Feb 20 2018 01: +0,0.203,98
Feb 21 2018 01: +0,0.208,95
Feb 22 2018 01: +0,0.214,127
Feb 23 2018 01: +0,0.234,122
Feb 24 2018 01: +0,0.225,115
Feb 25 2018 01: +0,0.222,94
Feb 26 2018 01: +0,0.235,107
Feb 27 2018 01: +0,0.226,85
Feb 28 2018 01: +0,0.23,61
Feb 28 2018 19: +0,0.246,4
Feb 28 2018 20: +0,0.233,8
Feb 28 2018 21: +0,0.237,6
Feb 28 2018 22: +0,0.249,4
Feb 28 2018 23: +0,0.225,3
Mar 01 2018 00: +0,0.24,3
Mar 01 2018 01: +0,0.249,2
Mar 01 2018 03: +0,0.21,3
Mar 01 2018 04: +0,0.245,7
Mar 01 2018 05: +0,0.24,3
Mar 01 2018 06: +0,0.13,2
Mar 01 2018 07: +0,0.213,2
Mar 01 2018 10: +0,0.215,4
Mar 01 2018 11: +0,0.224,1
Mar 01 2018 12: +0,0.233,2
Mar 01 2018 13: +0,0.227,2
Mar 01 2018 14: +0,0.232,3
Mar 01 2018 15: +0,0.224,6
Mar 01 2018 16: +0,0.2,1
Mar 01 2018 17: +0,0.232,3
Mar 01 2018 18: +0,0.24,11
Mar 01 2018 19: +0,0.239,7
Mar 01 2018 20: +0,0.242,6
Mar 01 2018 21: +0,0.244,5
Mar 01 2018 22: +0,0.217,2
Mar 01 2018 23: +0,0.248,6
Mar 02 2018 00: +0,0.251,3
Mar 02 2018 01: +0,0.241,4
Mar 02 2018 02: +0,0.236,3
Mar 02 2018 03: +0,0.243,2
Mar 02 2018 04: +0,0.254,3
Mar 02 2018 06: +0,0.254,6
Mar 02 2018 07: +0,0.248,4
Mar 02 2018 09: +0,0.21,3
Mar 02 2018 10: +0,0.237,3
Mar 02 2018 11: +0,0.259,4
Mar 02 2018 12: +0,0.256,1
Mar 02 2018 13: +0,0.255,4
Mar 02 2018 14: +0,0.253,5
Mar 02 2018 15: +0,0.358,2
Mar 02 2018 16: +0,0.223,6
Mar 02 2018 17: +0,0.233,3
Mar 02 2018 18: +0,0.231,3
Mar 02 2018 19: +0,0.228,4
Mar 02 2018 20: +0,0.231,8
Mar 02 2018 21: +0,0.243,8
Mar 02 2018 22: +0,0.256,4
Mar 02 2018 23: +0,0.21,3
Mar 03 2018 00: +0,0.24,3
Mar 03 2018 01: +0,0.211,2
Mar 03 2018 02: +0,0.195,2
Mar 03 2018 03: +0,0.234,4
Mar 03 2018 04: +0,0.229,2
Mar 03 2018 05: +0,0.248,2
Mar 03 2018 07: +0,0.238,6
Mar 03 2018 08: +0,0.251,2
Mar 03 2018 09: +0,0.241,3
Mar 03 2018 10: +0,0.25,7
Mar 03 2018 11: +0,0.24,4
Mar 03 2018 12: +0,0.217,4
Mar 03 2018 13: +0,0.218,6
Mar 03 2018 14: +0,0.234,5
Mar 03 2018 15: +0,0.238,8
Mar 03 2018 16: +0,0.224,8
Mar 03 2018 17: +0,0.23,3
Mar 03 2018 18: +0,0.246,13
Mar 03 2018 19: +0,0.212,5
Mar 03 2018 20: +0,0.234,5
Mar 03 2018 21: +0,0.23,3
Mar 03 2018 22: +0,0.198,3
Mar 03 2018 23: +0,0.223,4
Mar 04 2018 00: +0,0.237,5
Mar 04 2018 01: +0,0.216,5
Mar 04 2018 02: +0,0.23,1
Mar 04 2018 03: +0,0.24,1
Mar 04 2018 04: +0,0.23,2
Mar 04 2018 05: +0,0.235,2
Mar 04 2018 06: +0,0.231,2
Mar 04 2018 07: +0,0.204,2
Mar 04 2018 08: +0,0.24,4
Mar 04 2018 09: +0,0.246,1
Mar 04 2018 10: +0,0.231,4
Mar 04 2018 11: +0,0.24,1
Mar 04 2018 12: +0,0.246,5
Mar 04 2018 13: +0,0.209,2
Mar 04 2018 14: +0,0.239,5
Mar 04 2018 15: +0,0.252,4
Mar 04 2018 16: +0,0.239,5
Mar 04 2018 17: +0,0.242,1
Mar 04 2018 18: +0,0.22,5
Mar 04 2018 19: +0,0.212,5
Mar 04 2018 20: +0,0.221,4
Mar 04 2018 21: +0,0.237,3
Mar 04 2018 22: +0,0.201,3
Mar 04 2018 23: +0,0.201,2
Mar 05 2018 00: +0,0.208,4
Mar 05 2018 01: +0,0.222,2
Mar 05 2018 02: +0,0.23,3
Mar 05 2018 03: +0,0.225,1
Mar 05 2018 04: +0,0.226,1
Mar 05 2018 05: +0,0.235,2
Mar 05 2018 08: +0,0.231,1
Mar 05 2018 09: +0,0.237,4
Mar 05 2018 10: +0,0.242,2
Mar 05 2018 12: +0,0.212,2
Mar 05 2018 13: +0,0.214,2
Mar 05 2018 14: +0,0.225,3
Mar 05 2018 15: +0,0.211,4
Mar 05 2018 16: +0,0.212,5
Mar 05 2018 17: +0,0.209,5
Mar 05 2018 18: +0,0.226,3
Mar 05 2018 19: +0,0.224,8
Mar 05 2018 20: +0,0.234,5
Mar 05 2018 21: +0,0.227,4
Mar 05 2018 22: +0,0.235,6
Mar 05 2018 23: +0,0.251,3
Mar 06 2018 00: +0,0.237,4
Mar 06 2018 02: +0,0.19,3
Mar 06 2018 03: +0,0.218,1
Mar 06 2018 04: +0,0.202,4
Mar 06 2018 05: +0,0.207,4
Mar 06 2018 06: +0,0.218,2
Mar 06 2018 07: +0,0.217,3
Mar 06 2018 08: +0,0.208,2
Mar 06 2018 10: +0,0.225,2
Mar 06 2018 12: +0,0.227,2
Mar 06 2018 13: +0,0.243,5
Mar 06 2018 14: +0,0.207,4
Mar 06 2018 15: +0,0.222,4
Mar 06 2018 16: +0,0.227,3
Mar 06 2018 17: +0,0.237,4
Mar 06 2018 18: +0,0.213,6
Mar 06 2018 19: +0,0.22,7
Mar 06 2018 20: +0,0.233,3
Mar 06 2018 21: +0,0.231,3
Mar 06 2018 22: +0,0.223,3
Mar 06 2018 23: +0,0.223,5
Mar 07 2018 00: +0,0.193,2
Mar 07 2018 01: +0,0.221,2
Mar 07 2018 03: +0,0.207,1
Mar 07 2018 04: +0,0.218,4
Mar 07 2018 06: +0,0.186,2
Mar 07 2018 07: +0,0.223,4
Mar 07 2018 09: +0,0.22,4
Mar 07 2018 11: +0,0.212,3
Mar 07 2018 12: +0,0.223,3
Mar 07 2018 13: +0,0.225,2
Mar 07 2018 14: +0,0.215,5
Mar 07 2018 15: +0,0.223,8
Mar 07 2018 16: +0,0.235,3
Mar 07 2018 17: +0,0.225,3
Mar 07 2018 18: +0,0.231,2
Mar 07 2018 19: +0,0.241,7
Mar 07 2018 20: +0,0.241,5
Mar 07 2018 21: +0,0.232,4
Mar 07 2018 22: +0,0.217,4
Mar 07 2018 23: +0,0.236,3
Mar 08 2018 00: +0,0.241,3
Mar 08 2018 01: +0,0.25,1
Mar 08 2018 02: +0,0.217,2
Mar 08 2018 03: +0,0.205,2
Mar 08 2018 04: +0,0.211,3
Mar 08 2018 05: +0,0.211,2
Mar 08 2018 06: +0,0.227,2
Mar 08 2018 07: +0,0.215,2
Mar 08 2018 08: +0,0.224,1
Mar 08 2018 09: +0,0.233,4
Mar 08 2018 10: +0,0.226,2
Mar 08 2018 11: +0,0.21,3
Mar 08 2018 12: +0,0.243,3
Mar 08 2018 13: +0,0.243,1
Mar 08 2018 14: +0,0.225,6
Mar 08 2018 15: +0,0.24,2
Mar 08 2018 16: +0,0.207,3
Mar 08 2018 17: +0,0.222,6
Mar 08 2018 18: +0,0.23,9
Mar 08 2018 19: +0,0.232,4
Mar 08 2018 20: +0,0.231,3
Mar 08 2018 21: +0,0.236,5
Mar 08 2018 22: +0,0.235,4
Mar 08 2018 23: +0,0.235,3
Mar 09 2018 00: +0,0.206,2
Mar 09 2018 02: +0,0.219,2
Mar 09 2018 03: +0,0.235,1
Mar 09 2018 05: +0,0.207,1
Mar 09 2018 07: +0,0.209,4
Mar 09 2018 08: +0,0.221,3
Mar 09 2018 09: +0,0.227,1
Mar 09 2018 10: +0,0.205,3
Mar 09 2018 11: +0,0.229,3
Mar 09 2018 12: +0,0.203,3
Mar 09 2018 13: +0,0.221,1
Mar 09 2018 14: +0,0.215,2
Mar 09 2018 15: +0,0.204,2
Mar 09 2018 16: +0,0.211,6
Mar 09 2018 17: +0,0.207,5
Mar 09 2018 18: +0,0.209,6
Mar 09 2018 19: +0,0.197,4
Mar 09 2018 20: +0,0.21,3
Mar 09 2018 21: +0,0.211,30
Mar 09 2018 22: +0,0.202,7
Mar 09 2018 23: +0,0.212,8
Mar 10 2018 00: +0,0.212,5
Mar 10 2018 01: +0,0.212,3
Mar 10 2018 02: +0,0.212,1
Mar 10 2018 03: +0,0.193,4
Mar 10 2018 04: +0,0.207,3
Mar 10 2018 06: +0,0.173,2
Mar 10 2018 07: +0,0.207,1
Mar 10 2018 08: +0,0.199,1
Mar 10 2018 09: +0,0.212,12
Mar 10 2018 10: +0,0.334,2
Mar 10 2018 11: +0,0.212,5
Mar 10 2018 12: +0,0.213,8
Mar 10 2018 13: +0,0.212,5
Mar 10 2018 14: +0,0.21,5
Mar 10 2018 15: +0,0.209,6
Mar 10 2018 16: +0,0.205,5
Mar 10 2018 17: +0,0.209,8
Mar 10 2018 18: +0,0.209,9
Mar 10 2018 19: +0,0.209,5
Mar 10 2018 20: +0,0.209,5
Mar 10 2018 21: +0,0.212,4
Mar 10 2018 22: +0,0.211,13
Mar 10 2018 23: +0,0.214,3
Mar 11 2018 00: +0,0.212,9
Mar 11 2018 01: +0,0.21,1
Mar 11 2018 02: +0,0.213,1
Mar 11 2018 03: +0,0.191,3
Mar 11 2018 04: +0,0.21,6
Mar 11 2018 05: +0,0.218,1
Mar 11 2018 06: +0,0.209,2
Mar 11 2018 07: +0,0.214,4
Mar 11 2018 09: +0,0.199,5
Mar 11 2018 10: +0,0.211,4
Mar 11 2018 11: +0,0.21,5
Mar 11 2018 12: +0,0.198,6
Mar 11 2018 13: +0,0.199,4
Mar 11 2018 14: +0,0.211,3
Mar 11 2018 15: +0,0.192,6
Mar 11 2018 16: +0,0.215,5
Mar 11 2018 17: +0,0.209,4
Mar 11 2018 18: +0,0.207,10
Mar 11 2018 19: +0,0.196,4
Mar 11 2018 20: +0,0.199,8
Mar 11 2018 21: +0,0.203,5
Mar 11 2018 22: +0,0.218,3
Mar 11 2018 23: +0,0.218,5
Mar 12 2018 00: +0,0.21,2
Mar 12 2018 02: +0,0.196,2
Mar 12 2018 04: +0,0.198,2
Mar 12 2018 05: +0,0.203,1
Mar 12 2018 06: +0,0.199,1
Mar 12 2018 07: +0,0.205,3
Mar 12 2018 08: +0,0.211,2
Mar 12 2018 10: +0,0.206,2
Mar 12 2018 11: +0,0.206,2
Mar 12 2018 12: +0,0.218,4
Mar 12 2018 13: +0,0.211,7
Mar 12 2018 14: +0,0.217,4
Mar 12 2018 15: +0,0.211,5
Mar 12 2018 16: +0,0.166,1
Mar 12 2018 17: +0,0.198,5
Mar 12 2018 18: +0,0.209,9
Mar 12 2018 19: +0,0.22,6
Mar 12 2018 20: +0,0.221,10
Mar 12 2018 21: +0,0.226,2
Mar 12 2018 22: +0,0.191,8
Mar 12 2018 23: +0,0.2,2
Mar 13 2018 00: +0,0.202,6
Mar 13 2018 01: +0,0.222,1
Mar 13 2018 02: +0,0.197,2
Mar 13 2018 03: +0,0.221,1
Mar 13 2018 05: +0,0.21,2
Mar 13 2018 06: +0,0.405,1
Mar 13 2018 07: +0,0.215,2
Mar 13 2018 12: +0,0.202,2
Mar 13 2018 13: +0,0.204,2
Mar 13 2018 14: +0,0.209,5
Mar 13 2018 15: +0,0.208,4
Mar 13 2018 16: +0,0.212,8
Mar 13 2018 17: +0,0.204,6
Mar 13 2018 18: +0,0.206,11
Mar 13 2018 19: +0,0.212,7
Mar 13 2018 20: +0,0.201,6
Mar 13 2018 21: +0,0.206,4
Mar 13 2018 22: +0,0.212,3
Mar 13 2018 23: +0,0.218,6
Mar 14 2018 01: +0,0.217,2
Mar 14 2018 02: +0,0.228,3
Mar 14 2018 04: +0,0.225,3
Mar 14 2018 06: +0,0.228,16
Mar 14 2018 09: +0,0.225,1
Mar 14 2018 10: +0,0.199,1
Mar 14 2018 11: +0,0.238,10
Mar 14 2018 12: +0,0.222,1
Mar 14 2018 13: +0,0.226,5
Mar 14 2018 14: +0,0.232,6
Mar 14 2018 15: +0,0.211,4
Mar 14 2018 16: +0,0.2,3
Mar 14 2018 17: +0,0.188,5
Mar 14 2018 18: +0,0.201,6
Mar 14 2018 19: +0,0.206,4
Mar 14 2018 20: +0,0.204,4
Mar 14 2018 21: +0,0.212,2
Mar 14 2018 22: +0,0.234,7
Mar 14 2018 23: +0,0.205,2
Mar 15 2018 00: +0,0.215,4
Mar 15 2018 01: +0,0.211,2
Mar 15 2018 02: +0,0.215,1
Mar 15 2018 04: +0,0.202,2
Mar 15 2018 06: +0,0.177,2
Mar 15 2018 07: +0,0.193,2
Mar 15 2018 08: +0,0.193,3
Mar 15 2018 09: +0,0.199,1
Mar 15 2018 10: +0,0.22,13
Mar 15 2018 11: +0,0.222,4
Mar 15 2018 13: +0,0.21,5
Mar 15 2018 14: +0,0.218,2
Mar 15 2018 15: +0,0.216,3
Mar 15 2018 16: +0,0.218,4
Mar 15 2018 17: +0,0.214,1
Mar 15 2018 18: +0,0.21,8
Mar 15 2018 19: +0,0.218,9
Mar 15 2018 20: +0,0.187,7
Mar 15 2018 21: +0,0.209,2
Mar 15 2018 22: +0,0.21,5
Mar 15 2018 23: +0,0.213,1
Mar 16 2018 00: +0,0.189,3
Mar 16 2018 01: +0,0.213,1
Mar 16 2018 02: +0,0.196,2
Mar 16 2018 03: +0,0.175,2
Mar 16 2018 04: +0,0.158,2
Mar 16 2018 05: +0,0.2,1
Mar 16 2018 06: +0,0.2,1
Mar 16 2018 08: +0,0.207,4
Mar 16 2018 09: +0,0.21,8
Mar 16 2018 10: +0,0.212,2
Mar 16 2018 11: +0,0.196,3
Mar 16 2018 12: +0,0.21,1
Mar 16 2018 13: +0,0.21,11
Mar 16 2018 14: +0,0.197,3
Mar 16 2018 15: +0,0.196,2
Mar 16 2018 16: +0,0.204,10
Mar 16 2018 17: +0,0.209,9
Mar 16 2018 18: +0,0.204,6
Mar 16 2018 19: +0,0.21,6
Mar 16 2018 20: +0,0.21,8
Mar 16 2018 21: +0,0.221,17
Mar 16 2018 22: +0,0.219,8
Mar 16 2018 23: +0,0.194,4
Mar 17 2018 00: +0,0.19,2
Mar 17 2018 01: +0,0.198,3
Mar 17 2018 02: +0,0.21,3
Mar 17 2018 04: +0,0.214,1
Mar 17 2018 05: +0,0.228,20
Mar 17 2018 06: +0,0.19,3
Mar 17 2018 07: +0,0.197,1
Mar 17 2018 08: +0,0.213,5
Mar 17 2018 09: +0,0.186,4
Mar 17 2018 10: +0,0.212,3
Mar 17 2018 11: +0,0.211,5
Mar 17 2018 12: +0,0.22,4
Mar 17 2018 13: +0,0.216,4
Mar 17 2018 14: +0,0.194,9
Mar 17 2018 15: +0,0.216,6
Mar 17 2018 16: +0,0.211,6
Mar 17 2018 17: +0,0.204,4
Mar 17 2018 18: +0,0.208,2
Mar 17 2018 19: +0,0.22,2
Mar 17 2018 20: +0,0.22,13
Mar 17 2018 21: +0,0.197,6
Mar 17 2018 22: +0,0.215,4
Mar 17 2018 23: +0,0.216,4
Mar 18 2018 00: +0,0.194,1
Mar 18 2018 01: +0,0.227,1
Mar 18 2018 02: +0,0.227,3
Mar 18 2018 03: +0,0.21,1
Mar 18 2018 04: +0,0.225,1
Mar 18 2018 06: +0,0.17,2
Mar 18 2018 07: +0,0.22,4
Mar 18 2018 08: +0,0.213,1
Mar 18 2018 09: +0,0.191,2
Mar 18 2018 10: +0,0.187,4
Mar 18 2018 11: +0,0.199,4
Mar 18 2018 12: +0,0.208,7
Mar 18 2018 13: +0,0.21,3
Mar 18 2018 14: +0,0.211,6
Mar 18 2018 15: +0,0.184,3
Mar 18 2018 16: +0,0.22,25
Mar 18 2018 17: +0,0.226,6
Mar 18 2018 18: +0,0.218,7
Mar 18 2018 19: +0,0.12,3
Mar 18 2018 20: +0,0.225,4
Mar 18 2018 21: +0,0.192,1
Mar 18 2018 22: +0,0.216,3
Mar 18 2018 23: +0,0.21,7
Mar 19 2018 00: +0,0.209,2
Mar 19 2018 01: +0,0.21,2
Mar 19 2018 03: +0,0.177,2
Mar 19 2018 04: +0,0.17,1
Mar 19 2018 05: +0,0.214,4
Mar 19 2018 06: +0,0.21,1
Mar 19 2018 07: +0,0.223,1
Mar 19 2018 09: +0,0.192,1
Mar 19 2018 10: +0,0.255,1
Mar 19 2018 11: +0,0.17,1
Mar 19 2018 12: +0,0.192,3
Mar 19 2018 13: +0,0.192,2
Mar 19 2018 14: +0,0.199,4
Mar 19 2018 15: +0,0.209,5
Mar 19 2018 16: +0,0.21,5
Mar 19 2018 17: +0,0.194,6
Mar 19 2018 18: +0,0.209,4
Mar 19 2018 19: +0,0.209,6
Mar 19 2018 20: +0,0.194,3
Mar 19 2018 21: +0,0.184,5
Mar 19 2018 22: +0,0.21,3
Mar 19 2018 23: +0,0.216,1
Mar 20 2018 01: +0,0.194,2
Mar 20 2018 02: +0,0.2,1
Mar 20 2018 03: +0,0.21,3
Mar 20 2018 06: +0,0.207,1
Mar 20 2018 07: +0,0.25,1
Mar 20 2018 08: +0,0.2,3
Mar 20 2018 10: +0,0.207,3
Mar 20 2018 11: +0,0.209,2
Mar 20 2018 12: +0,0.191,4
Mar 20 2018 13: +0,0.212,4
Mar 20 2018 14: +0,0.206,3
Mar 20 2018 15: +0,0.209,4
Mar 20 2018 16: +0,0.189,8
Mar 20 2018 17: +0,0.215,3
Mar 20 2018 18: +0,0.205,6
Mar 20 2018 19: +0,0.214,5
Mar 20 2018 20: +0,0.21,8
Mar 20 2018 21: +0,0.2,3
Mar 20 2018 22: +0,0.221,4
Mar 20 2018 23: +0,0.185,1
Mar 21 2018 00: +0,0.163,2
Mar 21 2018 01: +0,0.219,3
Mar 21 2018 02: +0,0.196,2
Mar 21 2018 03: +0,0.153,2
Mar 21 2018 05: +0,0.16,1
Mar 21 2018 06: +0,0.18,2
Mar 21 2018 07: +0,0.195,3
Mar 21 2018 08: +0,0.204,3
Mar 21 2018 09: +0,0.358,2
Mar 21 2018 10: +0,0.211,12
Mar 21 2018 11: +0,0.184,2
Mar 21 2018 12: +0,0.218,3
Mar 21 2018 13: +0,0.22,5
Mar 21 2018 14: +0,0.196,1
Mar 21 2018 15: +0,0.207,1
Mar 21 2018 16: +0,0.183,8
Mar 21 2018 17: +0,0.215,4
Mar 21 2018 18: +0,0.196,7
Mar 21 2018 19: +0,0.21,6
Mar 21 2018 20: +0,0.218,6
Mar 21 2018 21: +0,0.169,4
Mar 21 2018 22: +0,0.198,4
Mar 21 2018 23: +0,0.209,1
Mar 22 2018 00: +0,0.196,1
Mar 22 2018 01: +0,0.188,2
Mar 22 2018 02: +0,0.195,1
Mar 22 2018 04: +0,0.196,1
Mar 22 2018 05: +0,0.2,1
Mar 22 2018 08: +0,0.221,1
Mar 22 2018 09: +0,0.187,3
Mar 22 2018 11: +0,0.191,1
Mar 22 2018 13: +0,0.193,2
Mar 22 2018 14: +0,0.196,3
Mar 22 2018 15: +0,0.186,4
Mar 22 2018 16: +0,0.205,2
Mar 22 2018 17: +0,0.203,5
Mar 22 2018 18: +0,0.2,5
Mar 22 2018 19: +0,0.209,3
Mar 22 2018 20: +0,0.209,1
Mar 22 2018 21: +0,0.21,4
Mar 22 2018 22: +0,0.21,4
Mar 22 2018 23: +0,0.127,1
Mar 23 2018 00: +0,0.178,2
Mar 23 2018 01: +0,0.17,1
Mar 23 2018 02: +0,0.197,3
Mar 23 2018 03: +0,0.186,2
Mar 23 2018 04: +0,0.197,3
Mar 23 2018 06: +0,0.172,1
Mar 23 2018 07: +0,0.2,2
Mar 23 2018 08: +0,0.2,1
Mar 23 2018 09: +0,0.2,1
Mar 23 2018 10: +0,0.141,3
Mar 23 2018 11: +0,0.203,1
Mar 23 2018 12: +0,0.196,2
Mar 23 2018 13: +0,0.209,3
Mar 23 2018 14: +0,0.203,5
Mar 23 2018 15: +0,0.198,4
Mar 23 2018 16: +0,0.211,1
Mar 23 2018 17: +0,0.208,3
Mar 23 2018 18: +0,0.21,2
Mar 23 2018 19: +0,0.21,7
Mar 23 2018 20: +0,0.203,3
Mar 23 2018 21: +0,0.207,5
Mar 23 2018 22: +0,0.21,5
Mar 23 2018 23: +0,0.19,7
Mar 24 2018 00: +0,0.21,1
Mar 24 2018 01: +0,0.211,4
Mar 24 2018 02: +0,0.199,1
Mar 24 2018 03: +0,0.208,2
Mar 24 2018 04: +0,0.207,3
Mar 24 2018 05: +0,0.204,2
Mar 24 2018 07: +0,0.182,1
Mar 24 2018 08: +0,0.203,2
Mar 24 2018 09: +0,0.187,2
Mar 24 2018 10: +0,0.212,3
Mar 24 2018 11: +0,0.213,2
Mar 24 2018 12: +0,0.197,2
Mar 24 2018 13: +0,0.202,3
Mar 24 2018 14: +0,0.21,5
Mar 24 2018 15: +0,0.219,4
Mar 24 2018 16: +0,0.19,4
Mar 24 2018 17: +0,0.219,6
Mar 24 2018 18: +0,0.219,6
Mar 24 2018 19: +0,0.21,3
Mar 24 2018 20: +0,0.201,6
Mar 24 2018 21: +0,0.218,1
Mar 24 2018 22: +0,0.206,6
Mar 24 2018 23: +0,0.197,1
Mar 25 2018 00: +0,0.188,3
Mar 25 2018 01: +0,0.204,2
Mar 25 2018 02: +0,0.509,2
Mar 25 2018 03: +0,0.209,1
Mar 25 2018 04: +0,0.217,2
Mar 25 2018 05: +0,0.211,1
Mar 25 2018 06: +0,0.201,3
Mar 25 2018 07: +0,0.201,2
Mar 25 2018 08: +0,0.215,1
Mar 25 2018 09: +0,0.212,3
Mar 25 2018 10: +0,0.209,5
Mar 25 2018 11: +0,0.177,2
Mar 25 2018 12: +0,0.2,7
Mar 25 2018 13: +0,0.184,3
Mar 25 2018 14: +0,0.199,2
Mar 25 2018 15: +0,0.192,5
Mar 25 2018 16: +0,0.209,6
Mar 25 2018 17: +0,0.21,5
Mar 25 2018 18: +0,0.212,3
Mar 25 2018 19: +0,0.209,4
Mar 25 2018 20: +0,0.21,3
Mar 25 2018 21: +0,0.21,1
Mar 25 2018 22: +0,0.21,1
Mar 25 2018 23: +0,0.194,3
Mar 26 2018 01: +0,0.222,1
Mar 26 2018 02: +0,0.218,1
Mar 26 2018 03: +0,0.208,4
Mar 26 2018 04: +0,0.209,1
Mar 26 2018 05: +0,0.22,2
Mar 26 2018 08: +0,0.214,1
Mar 26 2018 09: +0,0.157,2
Mar 26 2018 10: +0,0.21,3
Mar 26 2018 11: +0,0.16,5
Mar 26 2018 12: +0,0.2,2
Mar 26 2018 13: +0,0.213,4
Mar 26 2018 14: +0,0.21,5
Mar 26 2018 15: +0,0.194,3
Mar 26 2018 16: +0,0.186,7
Mar 26 2018 17: +0,0.193,8
Mar 26 2018 18: +0,0.202,4
Mar 26 2018 19: +0,0.225,4
Mar 26 2018 20: +0,0.197,2
Mar 26 2018 21: +0,0.2,1
Mar 26 2018 22: +0,0.211,1
Mar 26 2018 23: +0,0.207,11
Mar 27 2018 00: +0,0.227,12
Mar 27 2018 01: +0,0.209,1
Mar 27 2018 02: +0,0.21,1
Mar 27 2018 05: +0,0.186,2
Mar 27 2018 08: +0,0.179,4
Mar 27 2018 09: +0,0.177,3
Mar 27 2018 10: +0,0.186,3
Mar 27 2018 11: +0,0.171,1
Mar 27 2018 12: +0,0.191,12
Mar 27 2018 13: +0,0.2,3
Mar 27 2018 14: +0,0.196,4
Mar 27 2018 15: +0,0.222,2
Mar 27 2018 16: +0,0.194,6
Mar 27 2018 17: +0,0.197,5
Mar 27 2018 18: +0,0.188,4
Mar 27 2018 19: +0,0.2,9
Mar 27 2018 20: +0,0.171,5
Mar 27 2018 21: +0,0.185,2
Mar 27 2018 22: +0,0.21,1
Mar 27 2018 23: +0,0.212,5
Mar 28 2018 01: +0,0.218,9
Mar 28 2018 02: +0,0.178,4
Mar 28 2018 03: +0,0.175,1
Mar 28 2018 04: +0,0.2,1
Mar 28 2018 06: +0,0.16,1
Mar 28 2018 07: +0,0.191,1
Mar 28 2018 08: +0,0.207,1
Mar 28 2018 09: +0,0.209,2
Mar 28 2018 10: +0,0.182,3
Mar 28 2018 11: +0,0.167,4
Mar 28 2018 12: +0,0.199,1
Mar 28 2018 13: +0,0.185,1
Mar 28 2018 14: +0,0.204,25
Mar 28 2018 16: +0,0.208,5
Mar 28 2018 17: +0,0.186,3
Mar 28 2018 18: +0,0.198,4
Mar 28 2018 19: +0,0.185,3
Mar 28 2018 20: +0,0.198,9
Mar 28 2018 21: +0,0.203,4
Mar 28 2018 22: +0,0.19,7
Mar 28 2018 23: +0,0.191,4
Mar 29 2018 00: +0,0.21,1
Mar 29 2018 01: +0,0.181,2
Mar 29 2018 02: +0,0.2,1
Mar 29 2018 04: +0,0.189,1
Mar 29 2018 05: +0,0.18,3
Mar 29 2018 06: +0,0.174,3
Mar 29 2018 07: +0,0.199,3
Mar 29 2018 08: +0,0.21,1
Mar 29 2018 09: +0,0.201,8
Mar 29 2018 10: +0,0.222,1
Mar 29 2018 11: +0,0.186,1
Mar 29 2018 12: +0,0.197,3
Mar 29 2018 13: +0,0.21,18
Mar 29 2018 14: +0,0.204,2
Mar 29 2018 15: +0,0.209,3
Mar 29 2018 16: +0,0.188,6
Mar 29 2018 17: +0,0.197,5
Mar 29 2018 18: +0,0.191,2
Mar 29 2018 19: +0,0.194,3
Mar 29 2018 20: +0,0.197,5
Mar 29 2018 21: +0,0.199,2
Mar 29 2018 22: +0,0.172,2
Mar 29 2018 23: +0,0.184,3
Mar 30 2018 00: +0,0.187,2
Mar 30 2018 02: +0,0.185,2
Mar 30 2018 03: +0,0.192,4
Mar 30 2018 07: +0,0.178,4
Mar 30 2018 08: +0,0.182,2
Mar 30 2018 09: +0,0.174,3
Mar 30 2018 10: +0,0.177,8
Mar 30 2018 11: +0,0.175,4
Mar 30 2018 12: +0,0.183,9
Mar 30 2018 13: +0,0.178,7
Mar 30 2018 14: +0,0.19,5
Mar 30 2018 15: +0,0.191,5
Mar 30 2018 16: +0,0.19,10
Mar 30 2018 17: +0,0.176,11
