Jul 11 2014 01: +0,38.584,2
Jul 12 2014 01: +0,39.412,1
Jul 13 2014 01: +0,32.624,2
Jul 14 2014 01: +0,24.325,2
Jul 15 2014 01: +0,26.053,3
Jul 16 2014 01: +0,24.399,8
Jul 17 2014 01: +0,22.7,6
Jul 18 2014 01: +0,21.658,3
Jul 19 2014 01: +0,22.561,5
Jul 20 2014 01: +0,17.75,4
Jul 21 2014 01: +0,18.858,11
Jul 22 2014 01: +0,17.607,6
Jul 23 2014 01: +0,17.85,6
Jul 24 2014 01: +0,17.354,9
Jul 25 2014 01: +0,16.301,10
Jul 26 2014 01: +0,18.211,5
Jul 27 2014 01: +0,17.146,8
Jul 28 2014 01: +0,16.378,4
Jul 29 2014 01: +0,16.617,7
Jul 30 2014 01: +0,15.229,13
Jul 31 2014 01: +0,19.669,7
Aug 01 2014 01: +0,16.653,14
Aug 02 2014 01: +0,15.026,17
Aug 03 2014 01: +0,15.346,15
Aug 04 2014 01: +0,16.851,20
Aug 05 2014 01: +0,16.204,11
Aug 06 2014 01: +0,14.382,12
Aug 07 2014 01: +0,14.789,18
Aug 08 2014 01: +0,15.063,16
Aug 09 2014 01: +0,14.889,19
Aug 10 2014 01: +0,14.195,9
Aug 11 2014 01: +0,15.209,17
Aug 12 2014 01: +0,14.881,17
Aug 13 2014 01: +0,14.68,21
Aug 14 2014 01: +0,14.427,18
Aug 15 2014 01: +0,15.496,22
Aug 16 2014 01: +0,16.127,28
Aug 17 2014 01: +0,14.521,18
Aug 18 2014 01: +0,15.738,24
Aug 19 2014 01: +0,15.897,15
Aug 20 2014 01: +0,15.459,9
Aug 21 2014 01: +0,15.595,12
Aug 22 2014 01: +0,16.13,11
Aug 23 2014 01: +0,15.413,16
Aug 24 2014 01: +0,15.606,14
Aug 25 2014 01: +0,15.032,20
Aug 26 2014 01: +0,14.428,24
Aug 27 2014 01: +0,14.708,27
Aug 28 2014 01: +0,14.351,24
Aug 29 2014 01: +0,14.47,28
Aug 30 2014 01: +0,14.899,27
Aug 31 2014 01: +0,14.748,19
Sep 01 2014 01: +0,14.947,25
Sep 02 2014 01: +0,14.686,23
Sep 03 2014 01: +0,14.283,22
Sep 04 2014 01: +0,15.912,14
Sep 05 2014 01: +0,15.809,14
Sep 06 2014 01: +0,14.575,30
Sep 07 2014 01: +0,13.852,24
Sep 08 2014 01: +0,14.807,18
Sep 09 2014 01: +0,13.973,18
Sep 10 2014 01: +0,14.816,20
Sep 11 2014 01: +0,15.254,25
Sep 12 2014 01: +0,13.775,26
Sep 13 2014 01: +0,14.116,23
Sep 14 2014 01: +0,13.909,21
Sep 15 2014 01: +0,13.459,14
Sep 16 2014 01: +0,12.691,26
Sep 17 2014 01: +0,13.364,19
Sep 18 2014 01: +0,12.77,20
Sep 19 2014 01: +0,13.149,21
Sep 20 2014 01: +0,12.369,27
Sep 21 2014 01: +0,11.734,24
Sep 22 2014 01: +0,11.597,30
Sep 23 2014 01: +0,12.093,20
Sep 24 2014 01: +0,12.067,13
Sep 25 2014 01: +0,12.129,21
Sep 26 2014 01: +0,11.324,26
Sep 27 2014 01: +0,10.744,19
Sep 28 2014 01: +0,10.696,37
Sep 29 2014 01: +0,10.737,24
Sep 30 2014 01: +0,11.213,16
Oct 01 2014 01: +0,11.632,21
Oct 02 2014 01: +0,11.758,22
Oct 03 2014 01: +0,11.763,21
Oct 04 2014 01: +0,10.921,42
Oct 05 2014 01: +0,10.144,34
Oct 06 2014 01: +0,10.456,26
Oct 07 2014 01: +0,9.967,32
Oct 08 2014 01: +0,10.347,27
Oct 09 2014 01: +0,10.03,25
Oct 10 2014 01: +0,9.82,39
Oct 11 2014 01: +0,9.656,35
Oct 12 2014 01: +0,9.616,31
Oct 13 2014 01: +0,10.653,22
Oct 14 2014 01: +0,9.705,27
Oct 15 2014 01: +0,9.736,17
Oct 16 2014 01: +0,10.051,30
Oct 17 2014 01: +0,9.787,27
Oct 18 2014 01: +0,8.524,42
Oct 19 2014 01: +0,8.836,29
Oct 20 2014 01: +0,8.764,34
Oct 21 2014 01: +0,9.08,23
Oct 22 2014 01: +0,8.892,22
Oct 23 2014 01: +0,9.37,19
Oct 24 2014 01: +0,9.408,24
Oct 25 2014 01: +0,9.441,23
Oct 26 2014 01: +0,8.834,31
Oct 27 2014 01: +0,8.533,27
Oct 28 2014 01: +0,8.355,35
Oct 29 2014 01: +0,8.409,30
Oct 30 2014 01: +0,9.79,29
Oct 31 2014 01: +0,8.562,26
Nov 01 2014 01: +0,8.808,26
Nov 02 2014 01: +0,8.383,30
Nov 03 2014 01: +0,8.384,28
Nov 04 2014 01: +0,8.011,28
Nov 05 2014 01: +0,7.77,36
Nov 06 2014 01: +0,8.426,21
Nov 07 2014 01: +0,7.877,29
Nov 08 2014 01: +0,8.287,38
Nov 09 2014 01: +0,8.154,33
Nov 10 2014 01: +0,7.869,22
Nov 11 2014 01: +0,8.559,30
Nov 12 2014 01: +0,5.95,53
Nov 13 2014 01: +0,6.487,23
Nov 14 2014 01: +0,6.238,22
Nov 15 2014 01: +0,6.173,33
Nov 16 2014 01: +0,5.745,35
Nov 17 2014 01: +0,5.612,36
Nov 18 2014 01: +0,6.298,32
Nov 19 2014 01: +0,6.157,22
Nov 20 2014 01: +0,5.798,27
Nov 21 2014 01: +0,5.526,30
Nov 22 2014 01: +0,4.92,36
Nov 23 2014 01: +0,4.739,41
Nov 24 2014 01: +0,4.599,44
Nov 25 2014 01: +0,5.808,48
Nov 26 2014 01: +0,7.19,43
Nov 27 2014 01: +0,6.979,38
Nov 28 2014 01: +0,7.106,52
Nov 29 2014 01: +0,8.112,11
Nov 30 2014 01: +0,5.626,44
Dec 01 2014 01: +0,5.321,31
Dec 02 2014 01: +0,5.433,38
Dec 03 2014 01: +0,6.215,34
Dec 04 2014 01: +0,6.348,25
Dec 05 2014 01: +0,7.058,47
Dec 06 2014 01: +0,6.971,21
Dec 07 2014 01: +0,6.206,52
Dec 08 2014 01: +0,6.417,36
Dec 09 2014 01: +0,6.236,23
Dec 10 2014 01: +0,6.406,36
Dec 11 2014 01: +0,6.826,43
Dec 12 2014 01: +0,6.536,34
Dec 13 2014 01: +0,6.556,43
Dec 14 2014 01: +0,6.622,37
Dec 15 2014 01: +0,6.791,53
Dec 16 2014 01: +0,6.013,32
Dec 17 2014 01: +0,6.797,45
Dec 18 2014 01: +0,6.518,29
Dec 19 2014 01: +0,6.587,29
Dec 20 2014 01: +0,5.957,33
Dec 21 2014 01: +0,5.946,56
Dec 22 2014 01: +0,6.148,39
Dec 23 2014 01: +0,6.315,35
Dec 24 2014 01: +0,6.428,44
Dec 25 2014 01: +0,7.101,47
Dec 26 2014 01: +0,7.221,50
Dec 27 2014 01: +0,6.945,46
Dec 28 2014 01: +0,6.782,37
Dec 29 2014 01: +0,6.753,51
Dec 30 2014 01: +0,6.883,53
Dec 31 2014 01: +0,6.463,45
Jan 01 2015 01: +0,6.546,41
Jan 02 2015 01: +0,6.502,64
Jan 03 2015 01: +0,6.907,52
Jan 04 2015 01: +0,6.893,49
Jan 05 2015 01: +0,6.672,64
Jan 06 2015 01: +0,7.015,40
Jan 07 2015 01: +0,6.906,30
Jan 08 2015 01: +0,6.739,43
Jan 09 2015 01: +0,7.066,83
Jan 10 2015 01: +0,7.125,56
Jan 11 2015 01: +0,6.769,73
Jan 12 2015 01: +0,6.843,44
Jan 13 2015 01: +0,6.943,47
Jan 14 2015 01: +0,7.269,54
Jan 15 2015 01: +0,7.192,39
Jan 16 2015 01: +0,6.645,56
Jan 17 2015 01: +0,6.65,58
Jan 18 2015 01: +0,6.857,49
Jan 19 2015 01: +0,6.739,48
Jan 20 2015 01: +0,6.623,36
Jan 21 2015 01: +0,7.135,49
Jan 22 2015 01: +0,6.784,45
Jan 23 2015 01: +0,6.522,51
Jan 24 2015 01: +0,7.416,51
Jan 25 2015 01: +0,6.515,52
Jan 26 2015 01: +0,6.359,36
Jan 27 2015 01: +0,6.278,48
Jan 28 2015 01: +0,6.385,35
Jan 29 2015 01: +0,6.055,52
Jan 30 2015 01: +0,6.141,60
Jan 31 2015 01: +0,6.755,53
Feb 01 2015 01: +0,6.308,58
Feb 02 2015 01: +0,6.114,53
Feb 03 2015 01: +0,6.111,39
Feb 04 2015 01: +0,6.002,53
Feb 05 2015 01: +0,6.42,37
Feb 06 2015 01: +0,6.199,48
Feb 07 2015 01: +0,6.402,41
Feb 08 2015 01: +0,5.935,65
Feb 09 2015 01: +0,6.191,39
Feb 10 2015 01: +0,6.03,51
Feb 11 2015 01: +0,6.211,28
Feb 12 2015 01: +0,6.107,34
Feb 13 2015 01: +0,6.19,46
Feb 14 2015 01: +0,5.863,55
Feb 15 2015 01: +0,5.911,48
Feb 16 2015 01: +0,6.173,39
Feb 17 2015 01: +0,5.86,37
Feb 18 2015 01: +0,6.19,35
Feb 19 2015 01: +0,5.957,32
Feb 20 2015 01: +0,5.825,46
Feb 21 2015 01: +0,5.722,43
Feb 22 2015 01: +0,5.717,52
Feb 23 2015 01: +0,5.718,50
Feb 24 2015 01: +0,5.588,39
Feb 25 2015 01: +0,5.694,43
Feb 26 2015 01: +0,5.775,41
Feb 27 2015 01: +0,5.536,42
Feb 28 2015 01: +0,5.426,51
Mar 01 2015 01: +0,5.402,48
Mar 02 2015 01: +0,5.694,31
Mar 03 2015 01: +0,5.647,35
Mar 04 2015 01: +0,5.449,29
Mar 05 2015 01: +0,5.517,35
Mar 06 2015 01: +0,5.551,45
Mar 07 2015 01: +0,5.63,38
Mar 08 2015 01: +0,5.526,39
Mar 09 2015 01: +0,5.55,27
Mar 10 2015 01: +0,5.04,38
Mar 11 2015 01: +0,5.128,39
Mar 12 2015 01: +0,5.445,32
Mar 13 2015 01: +0,5.205,37
Mar 14 2015 01: +0,4.963,51
Mar 15 2015 01: +0,4.801,50
Mar 16 2015 01: +0,5.056,37
Mar 17 2015 01: +0,5.266,38
Mar 18 2015 01: +0,5.321,31
Mar 19 2015 01: +0,5.259,36
Mar 20 2015 01: +0,5.016,41
Mar 21 2015 01: +0,5.014,39
Mar 22 2015 01: +0,4.962,49
Mar 23 2015 01: +0,5.154,42
Mar 24 2015 01: +0,5.159,33
Mar 25 2015 01: +0,5.15,34
Mar 26 2015 01: +0,5.078,35
Mar 27 2015 01: +0,5.237,39
Mar 28 2015 01: +0,5.232,34
Mar 29 2015 01: +0,4.83,34
Mar 30 2015 01: +0,4.864,38
Mar 31 2015 01: +0,5.152,27
Apr 01 2015 01: +0,5.035,53
Apr 02 2015 01: +0,5.288,45
Apr 03 2015 01: +0,5.127,54
Apr 04 2015 01: +0,5.141,63
Apr 05 2015 01: +0,5.276,61
Apr 06 2015 01: +0,5.371,58
Apr 07 2015 01: +0,5.54,57
Apr 08 2015 01: +0,6.041,40
Apr 09 2015 01: +0,5.893,37
Apr 10 2015 01: +0,5.829,34
Apr 11 2015 01: +0,5.33,46
Apr 12 2015 01: +0,5.123,58
Apr 13 2015 01: +0,5.467,49
Apr 14 2015 01: +0,5.256,28
Apr 15 2015 01: +0,5.012,33
Apr 16 2015 01: +0,5.472,40
Apr 17 2015 01: +0,4.951,50
Apr 18 2015 01: +0,4.964,60
Apr 19 2015 01: +0,4.45,27
Apr 20 2015 01: +0,4.33,47
Apr 21 2015 01: +0,4.735,43
Apr 22 2015 01: +0,4.776,35
Apr 23 2015 01: +0,4.783,40
Apr 24 2015 01: +0,4.766,43
Apr 25 2015 01: +0,4.968,35
Apr 26 2015 01: +0,4.312,48
Apr 27 2015 01: +0,4.564,42
Apr 28 2015 01: +0,4.396,38
Apr 29 2015 01: +0,4.824,29
Apr 30 2015 01: +0,4.689,44
May 01 2015 01: +0,4.797,38
May 02 2015 01: +0,4.561,47
May 03 2015 01: +0,4.678,40
May 04 2015 01: +0,4.284,42
May 05 2015 01: +0,4.383,41
May 06 2015 01: +0,4.543,42
May 07 2015 01: +0,4.491,34
May 08 2015 01: +0,4.372,46
May 09 2015 01: +0,4.798,38
May 10 2015 01: +0,4.378,38
May 11 2015 01: +0,4.309,35
May 12 2015 01: +0,4.639,40
May 13 2015 01: +0,4.469,37
May 14 2015 01: +0,4.211,40
May 15 2015 01: +0,4.252,34
May 16 2015 01: +0,4.536,45
May 17 2015 01: +0,4.339,47
May 18 2015 01: +0,4.234,34
May 19 2015 01: +0,4.284,27
May 20 2015 01: +0,4.302,28
May 21 2015 01: +0,4.339,29
May 22 2015 01: +0,4.457,42
May 23 2015 01: +0,4.414,32
May 24 2015 01: +0,4.156,36
May 25 2015 01: +0,3.958,43
May 26 2015 01: +0,4.049,38
May 27 2015 01: +0,3.206,62
May 28 2015 01: +0,3.244,45
May 29 2015 01: +0,3.476,47
May 30 2015 01: +0,3.53,54
May 31 2015 01: +0,3.334,59
Jun 01 2015 01: +0,3.847,38
Jun 02 2015 01: +0,3.728,29
Jun 03 2015 01: +0,3.594,43
Jun 04 2015 01: +0,3.964,41
Jun 05 2015 01: +0,3.094,45
Jun 06 2015 01: +0,3.107,44
Jun 07 2015 01: +0,3.262,46
Jun 08 2015 01: +0,3.188,49
Jun 09 2015 01: +0,3.194,57
Jun 10 2015 01: +0,3.181,37
Jun 11 2015 01: +0,2.994,46
Jun 12 2015 01: +0,2.896,52
Jun 13 2015 01: +0,2.997,40
Jun 14 2015 01: +0,2.689,48
Jun 15 2015 01: +0,2.571,49
Jun 16 2015 01: +0,2.919,46
Jun 17 2015 01: +0,2.629,39
Jun 18 2015 01: +0,2.711,41
Jun 19 2015 01: +0,2.531,50
Jun 20 2015 01: +0,2.62,51
Jun 21 2015 01: +0,2.6,43
Jun 22 2015 01: +0,2.739,37
Jun 23 2015 01: +0,2.761,45
Jun 24 2015 01: +0,3.009,36
Jun 25 2015 01: +0,3.091,43
Jun 26 2015 01: +0,3.098,59
Jun 27 2015 01: +0,3.092,44
Jun 28 2015 01: +0,3.423,39
Jun 29 2015 01: +0,3.286,27
Jun 30 2015 01: +0,3.258,36
Jul 01 2015 01: +0,3.318,39
Jul 02 2015 01: +0,3.307,27
Jul 03 2015 01: +0,3.49,30
Jul 04 2015 01: +0,3.57,34
Jul 05 2015 01: +0,3.811,20
Jul 06 2015 01: +0,3.465,35
Jul 07 2015 01: +0,3.395,45
Jul 08 2015 01: +0,3.567,22
Jul 09 2015 01: +0,3.263,28
Jul 10 2015 01: +0,3.628,19
Jul 11 2015 01: +0,3.482,33
Jul 12 2015 01: +0,3.359,35
Jul 13 2015 01: +0,3.38,43
Jul 14 2015 01: +0,3.294,42
Jul 15 2015 01: +0,3.298,31
Jul 16 2015 01: +0,3.417,33
Jul 17 2015 01: +0,3.248,40
Jul 18 2015 01: +0,3.417,28
Jul 19 2015 01: +0,3.251,26
Jul 20 2015 01: +0,3.238,33
Jul 21 2015 01: +0,3.392,33
Jul 22 2015 01: +0,3.292,24
Jul 23 2015 01: +0,3.149,40
Jul 24 2015 01: +0,3.124,35
Jul 25 2015 01: +0,3.037,31
Jul 26 2015 01: +0,3.039,45
Jul 27 2015 01: +0,2.945,40
Jul 28 2015 01: +0,2.935,37
Jul 29 2015 01: +0,3.037,39
Jul 30 2015 01: +0,3.118,41
Jul 31 2015 01: +0,2.903,38
Aug 01 2015 01: +0,3.067,35
Aug 02 2015 01: +0,3.07,27
Aug 03 2015 01: +0,3.116,32
Aug 04 2015 01: +0,3.122,28
Aug 05 2015 01: +0,3.153,51
Aug 06 2015 01: +0,3.06,38
Aug 07 2015 01: +0,3.037,24
Aug 08 2015 01: +0,2.853,31
Aug 09 2015 01: +0,2.785,41
Aug 10 2015 01: +0,2.996,36
Aug 11 2015 01: +0,2.987,25
Aug 12 2015 01: +0,2.72,28
Aug 13 2015 01: +0,2.846,36
Aug 14 2015 01: +0,2.902,30
Aug 15 2015 01: +0,2.619,28
Aug 16 2015 01: +0,2.589,25
Aug 17 2015 01: +0,2.641,29
Aug 18 2015 01: +0,2.806,23
Aug 19 2015 01: +0,2.525,30
Aug 20 2015 01: +0,2.445,35
Aug 21 2015 01: +0,2.233,54
Aug 22 2015 01: +0,2.405,47
Aug 23 2015 01: +0,2.258,42
Aug 24 2015 01: +0,2.237,68
Aug 25 2015 01: +0,2.419,39
Aug 26 2015 01: +0,2.662,54
Aug 27 2015 01: +0,2.889,42
Aug 28 2015 01: +0,2.983,47
Aug 29 2015 01: +0,2.985,42
Aug 30 2015 01: +0,2.91,46
Aug 31 2015 01: +0,3.01,35
Sep 01 2015 01: +0,3.213,28
Sep 02 2015 01: +0,3.148,30
Sep 03 2015 01: +0,2.924,30
Sep 04 2015 01: +0,3.012,41
Sep 05 2015 01: +0,3.123,44
Sep 06 2015 01: +0,3.117,34
Sep 07 2015 01: +0,3.168,26
Sep 08 2015 01: +0,3.159,27
Sep 09 2015 01: +0,3.188,25
Sep 10 2015 01: +0,3.16,33
Sep 11 2015 01: +0,3.204,36
Sep 12 2015 01: +0,3.156,39
Sep 13 2015 01: +0,3.167,44
Sep 14 2015 01: +0,3.278,41
Sep 15 2015 01: +0,3.375,34
Sep 16 2015 01: +0,5.16,61
Sep 17 2015 01: +0,5.12,64
Sep 18 2015 01: +0,5.501,79
Sep 19 2015 01: +0,5.671,35
Sep 20 2015 01: +0,5.464,42
Sep 21 2015 01: +0,5.399,41
Sep 22 2015 01: +0,5.541,40
Sep 23 2015 01: +0,5.408,32
Sep 24 2015 01: +0,5.364,26
Sep 25 2015 01: +0,5.536,39
Sep 26 2015 01: +0,5.628,29
Sep 27 2015 01: +0,5.922,28
Sep 28 2015 01: +0,5.674,34
Sep 29 2015 01: +0,5.603,23
Sep 30 2015 01: +0,5.555,26
Oct 01 2015 01: +0,5.54,30
Oct 02 2015 01: +0,5.726,36
Oct 03 2015 01: +0,5.892,35
Oct 04 2015 01: +0,5.794,34
Oct 05 2015 01: +0,5.587,24
Oct 06 2015 01: +0,6.605,19
Oct 07 2015 01: +0,6.272,14
Oct 08 2015 01: +0,5.925,15
Oct 09 2015 01: +0,5.74,24
Oct 10 2015 01: +0,6.048,27
Oct 11 2015 01: +0,5.803,23
Oct 12 2015 01: +0,5.889,22
Oct 13 2015 01: +0,6.161,19
Oct 14 2015 01: +0,6.318,15
Oct 15 2015 01: +0,6.105,12
Oct 16 2015 01: +0,6.117,18
Oct 17 2015 01: +0,5.846,25
Oct 18 2015 01: +0,5.838,18
Oct 19 2015 01: +0,5.55,26
Oct 20 2015 01: +0,5.17,15
Oct 21 2015 01: +0,5.645,21
Oct 22 2015 01: +0,5.716,21
Oct 23 2015 01: +0,5.236,21
Oct 24 2015 01: +0,5.263,34
Oct 25 2015 01: +0,5.211,20
Oct 26 2015 01: +0,4.933,22
Oct 27 2015 01: +0,5.191,22
Oct 28 2015 01: +0,5.288,33
Oct 29 2015 01: +0,5.536,21
Oct 30 2015 01: +0,5.383,27
Oct 31 2015 01: +0,5.445,20
Nov 01 2015 01: +0,5.168,23
Nov 02 2015 01: +0,5.268,24
Nov 03 2015 01: +0,5.134,18
Nov 04 2015 01: +0,5.124,19
Nov 05 2015 01: +0,5.42,22
Nov 06 2015 01: +0,5.609,16
Nov 07 2015 01: +0,5.47,27
Nov 08 2015 01: +0,5.216,29
Nov 09 2015 01: +0,5.391,22
Nov 10 2015 01: +0,5.784,18
Nov 11 2015 01: +0,5.718,12
Nov 12 2015 01: +0,5.436,17
Nov 13 2015 01: +0,5.209,28
Nov 14 2015 01: +0,5.491,23
Nov 15 2015 01: +0,5.29,15
Nov 16 2015 01: +0,5.237,21
Nov 17 2015 01: +0,5.415,18
Nov 18 2015 01: +0,5.359,19
Nov 19 2015 01: +0,5.529,14
Nov 20 2015 01: +0,5.456,24
Nov 21 2015 01: +0,5.685,25
Nov 22 2015 01: +0,5.399,19
Nov 23 2015 01: +0,5.875,11
Nov 24 2015 01: +0,5.426,23
Nov 25 2015 01: +0,5.204,19
Nov 26 2015 01: +0,5.808,20
Nov 27 2015 01: +0,4.743,25
Nov 28 2015 01: +0,4.955,32
Nov 29 2015 01: +0,4.441,31
Nov 30 2015 01: +0,4.991,19
Dec 01 2015 01: +0,4.943,20
Dec 02 2015 01: +0,5.075,22
Dec 03 2015 01: +0,5.433,18
Dec 04 2015 01: +0,5.778,31
Dec 05 2015 01: +0,5.457,39
Dec 06 2015 01: +0,5.859,30
Dec 07 2015 01: +0,6.102,11
Dec 08 2015 01: +0,5.892,15
Dec 09 2015 01: +0,6.218,27
Dec 10 2015 01: +0,5.459,14
Dec 11 2015 01: +0,5.958,27
Dec 12 2015 01: +0,5.814,26
Dec 13 2015 01: +0,6.014,25
Dec 14 2015 01: +0,5.865,10
Dec 15 2015 01: +0,5.815,19
Dec 16 2015 01: +0,5.701,13
Dec 17 2015 01: +0,5.527,17
Dec 18 2015 01: +0,5.803,20
Dec 19 2015 01: +0,5.254,20
Dec 20 2015 01: +0,5.431,21
Dec 21 2015 01: +0,5.486,22
Dec 22 2015 01: +0,5.495,11
Dec 23 2015 01: +0,5.008,19
Dec 24 2015 01: +0,5.35,17
Dec 25 2015 01: +0,5.422,32
Dec 26 2015 01: +0,5.881,24
Dec 27 2015 01: +0,5.704,25
Dec 28 2015 01: +0,5.365,31
Dec 29 2015 01: +0,5.219,29
Dec 30 2015 01: +0,5.253,22
Dec 31 2015 01: +0,5.692,26
Jan 01 2016 01: +0,5.678,19
Jan 02 2016 01: +0,5.013,29
Jan 03 2016 01: +0,4.777,24
Jan 04 2016 01: +0,4.452,32
Jan 05 2016 01: +0,5.14,28
Jan 06 2016 01: +0,5.509,23
Jan 07 2016 01: +0,5.883,19
Jan 08 2016 01: +0,5.638,20
Jan 09 2016 01: +0,5.135,36
Jan 10 2016 01: +0,5.298,30
Jan 11 2016 01: +0,5.375,27
Jan 12 2016 01: +0,5.11,21
Jan 13 2016 01: +0,4.979,28
Jan 14 2016 01: +0,5.559,19
Jan 15 2016 01: +0,5.981,22
Jan 16 2016 01: +0,6.198,16
Jan 17 2016 01: +0,5.327,29
Jan 18 2016 01: +0,5.742,28
Jan 19 2016 01: +0,6.014,16
Jan 20 2016 01: +0,6.197,11
Jan 21 2016 01: +0,5.959,19
Jan 22 2016 01: +0,5.823,19
Jan 23 2016 01: +0,5.424,25
Jan 24 2016 01: +0,5.57,19
Jan 25 2016 01: +0,5.894,23
Jan 26 2016 01: +0,5.828,19
Jan 27 2016 01: +0,5.544,25
Jan 28 2016 01: +0,5.493,22
Jan 29 2016 01: +0,5.682,28
Jan 30 2016 01: +0,5.536,28
Jan 31 2016 01: +0,5.382,26
Feb 01 2016 01: +0,5.486,31
Feb 02 2016 01: +0,5.591,19
Feb 03 2016 01: +0,5.694,17
Feb 04 2016 01: +0,5.458,22
Feb 05 2016 01: +0,5.609,20
Feb 06 2016 01: +0,5.308,26
Feb 07 2016 01: +0,5.43,20
Feb 08 2016 01: +0,5.116,15
Feb 09 2016 01: +0,5.101,16
Feb 10 2016 01: +0,5.241,19
Feb 11 2016 01: +0,4.983,9
Feb 12 2016 01: +0,4.976,22
Feb 13 2016 01: +0,5.06,24
Feb 14 2016 01: +0,5.405,23
Feb 15 2016 01: +0,5.577,30
Feb 16 2016 01: +0,5.667,26
Feb 17 2016 01: +0,5.576,19
Feb 18 2016 01: +0,4.703,29
Feb 19 2016 01: +0,5.566,26
Feb 20 2016 01: +0,5.365,27
Feb 21 2016 01: +0,5.123,16
Feb 22 2016 01: +0,5.114,28
Feb 23 2016 01: +0,5.483,20
Feb 24 2016 01: +0,5.405,21
Feb 25 2016 01: +0,5.335,20
Feb 26 2016 01: +0,5.202,29
Feb 27 2016 01: +0,4.923,35
Feb 28 2016 01: +0,5.492,34
Feb 29 2016 01: +0,5.366,25
Mar 01 2016 01: +0,5.55,26
Mar 02 2016 01: +0,5.349,22
Mar 03 2016 01: +0,5.411,15
Mar 04 2016 01: +0,5.618,31
Mar 05 2016 01: +0,5.423,29
Mar 06 2016 01: +0,5.7,29
Mar 07 2016 01: +0,5.589,22
Mar 08 2016 01: +0,5.448,28
Mar 09 2016 01: +0,5.326,22
Mar 10 2016 01: +0,5.369,25
Mar 11 2016 01: +0,5.602,17
Mar 12 2016 01: +0,6.353,20
Mar 13 2016 01: +0,6.39,18
Mar 14 2016 01: +0,6.364,21
Mar 15 2016 01: +0,6.569,16
Mar 16 2016 01: +0,6.812,11
Mar 17 2016 01: +0,6.453,9
Mar 18 2016 01: +0,6.458,9
Mar 19 2016 01: +0,6.594,17
Mar 20 2016 01: +0,6.959,13
Mar 21 2016 01: +0,6.333,22
Mar 22 2016 01: +0,6.281,14
Mar 23 2016 01: +0,6.031,20
Mar 24 2016 01: +0,6.168,16
Mar 25 2016 01: +0,6.118,19
Mar 26 2016 01: +0,6.269,22
Mar 27 2016 01: +0,6.108,19
Mar 28 2016 01: +0,6.423,9
Mar 29 2016 01: +0,6.069,16
Mar 30 2016 01: +0,6.044,15
Mar 31 2016 01: +0,6.378,29
Apr 01 2016 01: +0,7.394,25
Apr 02 2016 01: +0,6.944,13
Apr 03 2016 01: +0,6.608,13
Apr 04 2016 01: +0,6.667,18
Apr 05 2016 01: +0,7.044,24
Apr 06 2016 01: +0,6.866,14
Apr 07 2016 01: +0,6.887,15
Apr 08 2016 01: +0,6.943,24
Apr 09 2016 01: +0,6.654,19
Apr 10 2016 01: +0,6.876,18
Apr 11 2016 01: +0,6.898,13
Apr 12 2016 01: +0,6.897,16
Apr 13 2016 01: +0,7.001,17
Apr 14 2016 01: +0,6.885,15
Apr 15 2016 01: +0,6.843,13
Apr 16 2016 01: +0,6.703,19
Apr 17 2016 01: +0,6.885,17
Apr 18 2016 01: +0,6.856,12
Apr 19 2016 01: +0,7.102,12
Apr 20 2016 01: +0,6.974,11
Apr 21 2016 01: +0,7.018,11
Apr 22 2016 01: +0,6.75,14
Apr 23 2016 01: +0,6.878,19
Apr 24 2016 01: +0,7.125,17
Apr 25 2016 01: +0,6.553,9
Apr 26 2016 01: +0,6.647,16
Apr 27 2016 01: +0,6.507,14
Apr 28 2016 01: +0,7.006,22
Apr 29 2016 01: +0,6.576,18
Apr 30 2016 01: +0,6.829,16
May 01 2016 01: +0,6.273,25
May 02 2016 01: +0,6.821,16
May 03 2016 01: +0,6.952,12
May 04 2016 01: +0,6.733,13
May 05 2016 01: +0,6.365,12
May 06 2016 01: +0,6.615,14
May 07 2016 01: +0,6.918,19
May 08 2016 01: +0,7.017,15
May 09 2016 01: +0,6.73,13
May 10 2016 01: +0,6.462,13
May 11 2016 01: +0,7.449,9
May 12 2016 01: +0,7.126,13
May 13 2016 01: +0,7.248,17
May 14 2016 01: +0,6.389,13
May 15 2016 01: +0,6.319,13
May 16 2016 01: +0,6.427,16
May 17 2016 01: +0,5.991,9
May 18 2016 01: +0,6.152,6
May 19 2016 01: +0,6.526,6
May 20 2016 01: +0,6.312,10
May 21 2016 01: +0,5.792,15
May 22 2016 01: +0,6.348,18
May 23 2016 01: +0,6.041,8
May 24 2016 01: +0,5.754,9
May 25 2016 01: +0,5.583,14
May 26 2016 01: +0,5.589,8
May 27 2016 01: +0,5.981,10
May 28 2016 01: +0,5.524,14
May 29 2016 01: +0,5.875,11
May 30 2016 01: +0,5.751,11
May 31 2016 01: +0,5.725,11
Jun 01 2016 01: +0,5.618,14
Jun 02 2016 01: +0,5.738,19
Jun 03 2016 01: +0,5.917,10
Jun 04 2016 01: +0,5.957,13
Jun 05 2016 01: +0,5.5,13
Jun 06 2016 01: +0,5.381,14
Jun 07 2016 01: +0,5.382,12
Jun 08 2016 01: +0,5.401,9
Jun 09 2016 01: +0,5.502,17
Jun 10 2016 01: +0,6.065,19
Jun 11 2016 01: +0,6.067,12
Jun 12 2016 01: +0,5.775,11
Jun 13 2016 01: +0,5.768,9
Jun 14 2016 01: +0,5.692,13
Jun 15 2016 01: +0,5.313,14
Jun 16 2016 01: +0,5.624,17
Jun 17 2016 01: +0,5.721,27
Jun 18 2016 01: +0,5.762,25
Jun 19 2016 01: +0,6.265,14
Jun 20 2016 01: +0,5.811,10
Jun 21 2016 01: +0,5.448,15
Jun 22 2016 01: +0,5.428,18
Jun 23 2016 01: +0,4.627,20
Jun 24 2016 01: +0,4.31,15
Jun 25 2016 01: +0,4.856,13
Jun 26 2016 01: +0,4.652,13
Jun 27 2016 01: +0,4.435,15
Jun 28 2016 01: +0,4.637,15
Jun 29 2016 01: +0,4.658,14
Jun 30 2016 01: +0,4.401,19
Jul 01 2016 01: +0,4.595,11
Jul 02 2016 01: +0,4.221,15
Jul 03 2016 01: +0,4.262,20
Jul 04 2016 01: +0,4.235,9
Jul 05 2016 01: +0,4.629,21
Jul 06 2016 01: +0,5.158,21
Jul 07 2016 01: +0,5.509,20
Jul 08 2016 01: +0,6.325,10
Jul 09 2016 01: +0,6.067,13
Jul 10 2016 01: +0,5.453,18
Jul 11 2016 01: +0,5.836,17
Jul 12 2016 01: +0,5.927,7
Jul 13 2016 01: +0,5.959,20
Jul 14 2016 01: +0,5.244,14
Jul 15 2016 01: +0,5.641,16
Jul 16 2016 01: +0,6.199,11
Jul 17 2016 01: +0,5.318,8
Jul 18 2016 01: +0,5.603,12
Jul 19 2016 01: +0,5.632,20
Jul 20 2016 01: +0,5.539,11
Jul 21 2016 01: +0,5.268,12
Jul 22 2016 01: +0,5.89,10
Jul 23 2016 01: +0,5.314,15
Jul 24 2016 01: +0,5.812,9
Jul 25 2016 01: +0,5.5,14
Jul 26 2016 01: +0,5.742,11
Jul 27 2016 01: +0,5.548,13
Jul 28 2016 01: +0,5.712,9
Jul 29 2016 01: +0,5.398,14
Jul 30 2016 01: +0,5.722,13
Jul 31 2016 01: +0,5.492,14
Aug 01 2016 01: +0,5.378,20
Aug 02 2016 01: +0,5.357,9
Aug 03 2016 01: +0,5.51,12
Aug 04 2016 01: +0,5.317,14
Aug 05 2016 01: +0,5.406,11
Aug 06 2016 01: +0,5.338,8
Aug 07 2016 01: +0,5.227,9
Aug 08 2016 01: +0,5.449,14
Aug 09 2016 01: +0,5.087,9
Aug 10 2016 01: +0,5.278,13
Aug 11 2016 01: +0,4.935,11
Aug 12 2016 01: +0,5.072,13
Aug 13 2016 01: +0,5.157,17
Aug 14 2016 01: +0,5.255,10
Aug 15 2016 01: +0,5.289,15
Aug 16 2016 01: +0,5.296,6
Aug 17 2016 01: +0,4.675,10
Aug 18 2016 01: +0,5.05,6
Aug 19 2016 01: +0,5.018,19
Aug 20 2016 01: +0,5.279,15
Aug 21 2016 01: +0,5.417,16
Aug 22 2016 01: +0,4.963,20
Aug 23 2016 01: +0,4.639,15
Aug 24 2016 01: +0,4.582,15
Aug 25 2016 01: +0,4.697,18
Aug 26 2016 01: +0,4.944,22
Aug 27 2016 01: +0,5.369,10
Aug 28 2016 01: +0,5.077,19
Aug 29 2016 01: +0,5.037,12
Aug 30 2016 01: +0,5.357,18
Aug 31 2016 01: +0,5.545,19
Sep 01 2016 01: +0,5.714,15
Sep 02 2016 01: +0,5.149,12
Sep 03 2016 01: +0,5.604,16
Sep 04 2016 01: +0,5.267,16
Sep 05 2016 01: +0,5.633,11
Sep 06 2016 01: +0,5.379,10
Sep 07 2016 01: +0,5.759,12
Sep 08 2016 01: +0,5.988,1
Sep 09 2016 01: +0,5.775,11
Sep 10 2016 01: +0,5.462,20
Sep 11 2016 01: +0,5.623,11
Sep 12 2016 01: +0,5.64,11
Sep 13 2016 01: +0,5.602,8
Sep 14 2016 01: +0,5.848,9
Sep 15 2016 01: +0,6.003,10
Sep 16 2016 01: +0,6.261,6
Sep 17 2016 01: +0,6.074,12
Sep 18 2016 01: +0,5.685,10
Sep 19 2016 01: +0,6.14,13
Sep 20 2016 01: +0,6.284,6
Sep 21 2016 01: +0,6.455,8
Sep 22 2016 01: +0,6.399,9
Sep 23 2016 01: +0,5.103,14
Sep 24 2016 01: +0,5.485,23
Sep 25 2016 01: +0,5.212,14
Sep 26 2016 01: +0,5.741,15
Sep 27 2016 01: +0,5.624,17
Sep 28 2016 01: +0,5.46,13
Sep 29 2016 01: +0,5.896,10
Sep 30 2016 01: +0,5.524,15
Oct 01 2016 01: +0,5.557,16
Oct 02 2016 01: +0,5.753,11
Oct 03 2016 01: +0,5.734,6
Oct 04 2016 01: +0,5.366,9
Oct 05 2016 01: +0,5.8,7
Oct 06 2016 01: +0,4.818,3
Oct 07 2016 01: +0,5.518,11
Oct 08 2016 01: +0,5.559,12
Oct 09 2016 01: +0,5.31,6
Oct 10 2016 01: +0,5.171,13
Oct 11 2016 01: +0,5.467,7
Oct 12 2016 01: +0,5.037,7
Oct 13 2016 01: +0,5.018,14
Oct 14 2016 01: +0,5.547,11
Oct 15 2016 01: +0,6.338,9
Oct 16 2016 01: +0,5.896,7
Oct 17 2016 01: +0,5.316,8
Oct 18 2016 01: +0,5.586,12
Oct 19 2016 01: +0,5.146,6
Oct 20 2016 01: +0,5.957,5
Oct 21 2016 01: +0,5.608,11
Oct 22 2016 01: +0,6.12,4
Oct 23 2016 01: +0,5.641,9
Oct 24 2016 01: +0,5.828,3
Oct 25 2016 01: +0,5.984,3
Oct 26 2016 01: +0,5.855,6
Oct 27 2016 01: +0,5.316,3
Oct 28 2016 01: +0,5.234,8
Oct 29 2016 01: +0,4.671,15
Oct 30 2016 01: +0,5.31,6
Oct 31 2016 01: +0,5.281,8
Nov 01 2016 01: +0,5.364,11
Nov 02 2016 01: +0,5.319,17
Nov 03 2016 01: +0,5.594,12
Nov 04 2016 01: +0,5.657,12
Nov 05 2016 01: +0,6.085,11
Nov 06 2016 01: +0,6.379,8
Nov 07 2016 01: +0,6.064,7
Nov 08 2016 01: +0,5.443,12
Nov 09 2016 01: +0,5.713,4
Nov 10 2016 01: +0,5.57,12
Nov 11 2016 01: +0,5.491,12
Nov 12 2016 01: +0,5.121,10
Nov 13 2016 01: +0,5.225,12
Nov 14 2016 01: +0,5.366,6
Nov 15 2016 01: +0,5.562,10
Nov 16 2016 01: +0,6.665,6
Nov 17 2016 01: +0,5.787,8
Nov 18 2016 01: +0,5.99,7
Nov 19 2016 01: +0,5.635,13
Nov 20 2016 01: +0,5.241,16
Nov 21 2016 01: +0,5.756,6
Nov 22 2016 01: +0,5.627,6
Nov 23 2016 01: +0,5.648,5
Nov 24 2016 01: +0,4.877,10
Nov 25 2016 01: +0,4.904,12
Nov 26 2016 01: +0,4.473,8
Nov 27 2016 01: +0,4.501,9
Nov 28 2016 01: +0,4.624,4
Nov 29 2016 01: +0,4.995,16
Nov 30 2016 01: +0,5.893,9
Dec 01 2016 01: +0,5.621,12
Dec 02 2016 01: +0,5.681,11
Dec 03 2016 01: +0,6.123,13
Dec 04 2016 01: +0,5.272,15
Dec 05 2016 01: +0,5.559,8
Dec 06 2016 01: +0,5.723,7
Dec 07 2016 01: +0,6.045,9
Dec 08 2016 01: +0,5.602,2
Dec 09 2016 01: +0,5.507,12
Dec 10 2016 01: +0,5.739,10
Dec 11 2016 01: +0,5.782,8
Dec 12 2016 01: +0,5.774,10
Dec 13 2016 01: +0,5.688,6
Dec 14 2016 01: +0,6.005,11
Dec 15 2016 01: +0,5.181,5
Dec 16 2016 01: +0,5.289,11
Dec 17 2016 01: +0,5.325,22
Dec 18 2016 01: +0,5.459,11
Dec 19 2016 01: +0,5.683,4
Dec 20 2016 01: +0,5.345,6
Dec 21 2016 01: +0,5.282,7
Dec 22 2016 01: +0,5.331,13
Dec 23 2016 01: +0,5.191,11
Dec 24 2016 01: +0,5.691,12
Dec 25 2016 01: +0,5.624,12
Dec 26 2016 01: +0,5.364,11
Dec 27 2016 01: +0,5.163,12
Dec 28 2016 01: +0,5.079,7
Dec 29 2016 01: +0,5.535,10
Dec 30 2016 01: +0,5.887,15
Dec 31 2016 01: +0,5.222,14
Jan 01 2017 01: +0,5.584,10
Jan 02 2017 01: +0,5.596,11
Jan 03 2017 01: +0,5.796,8
Jan 04 2017 01: +0,5.876,9
Jan 05 2017 01: +0,6.552,6
Jan 06 2017 01: +0,5.919,12
Jan 07 2017 01: +0,5.803,15
Jan 08 2017 01: +0,5.752,17
Jan 09 2017 01: +0,6.329,7
Jan 10 2017 01: +0,5.8,7
Jan 11 2017 01: +0,5.92,9
Jan 12 2017 01: +0,6.558,7
Jan 13 2017 01: +0,7.069,7
Jan 14 2017 01: +0,6.012,5
Jan 15 2017 01: +0,5.592,13
Jan 16 2017 01: +0,5.733,9
Jan 17 2017 01: +0,5.297,7
Jan 18 2017 01: +0,6.372,8
Jan 19 2017 01: +0,6.507,4
Jan 20 2017 01: +0,5.876,8
Jan 21 2017 01: +0,6.31,8
Jan 22 2017 01: +0,6.156,13
Jan 23 2017 01: +0,5.764,15
Jan 24 2017 01: +0,6.221,9
Jan 25 2017 01: +0,6.288,10
Jan 26 2017 01: +0,6.391,12
Jan 27 2017 01: +0,6.728,5
Jan 28 2017 01: +0,6.968,7
Jan 29 2017 01: +0,6.784,11
Jan 30 2017 01: +0,6.687,12
Jan 31 2017 01: +0,6.602,10
Feb 01 2017 01: +0,6.624,7
Feb 02 2017 01: +0,6.77,11
Feb 03 2017 01: +0,6.716,9
Feb 04 2017 01: +0,6.405,16
Feb 05 2017 01: +0,6.289,10
Feb 06 2017 01: +0,6.526,6
Feb 07 2017 01: +0,6.747,6
Feb 08 2017 01: +0,7.298,6
Feb 09 2017 01: +0,6.689,5
Feb 10 2017 01: +0,7.387,8
Feb 11 2017 01: +0,6.994,14
Feb 12 2017 01: +0,6.44,9
Feb 13 2017 01: +0,6.607,13
Feb 14 2017 01: +0,6.311,6
Feb 15 2017 01: +0,6.302,9
Feb 16 2017 01: +0,6.351,6
Feb 17 2017 01: +0,6.345,6
Feb 18 2017 01: +0,6.363,11
Feb 19 2017 01: +0,6.703,6
Feb 20 2017 01: +0,6.524,9
Feb 21 2017 01: +0,6.728,6
Feb 22 2017 01: +0,6.315,7
Feb 23 2017 01: +0,6.051,8
Feb 24 2017 01: +0,6.71,12
Feb 25 2017 01: +0,6.835,15
Feb 26 2017 01: +0,7.059,12
Feb 27 2017 01: +0,7.639,4
Feb 28 2017 01: +0,7.587,13
Mar 01 2017 01: +0,6.936,9
Mar 02 2017 01: +0,6.403,5
Mar 03 2017 01: +0,7.132,6
Mar 04 2017 01: +0,7.156,7
Mar 05 2017 01: +0,6.881,14
Mar 06 2017 01: +0,6.942,4
Mar 07 2017 01: +0,6.714,7
Mar 08 2017 01: +0,6.67,3
Mar 09 2017 01: +0,6.62,3
Mar 10 2017 01: +0,6.741,12
Mar 11 2017 01: +0,6.524,12
Mar 12 2017 01: +0,7.379,9
Mar 13 2017 01: +0,7.307,6
Mar 14 2017 01: +0,7.059,5
Mar 15 2017 01: +0,6.694,9
Mar 16 2017 01: +0,6.913,16
Mar 17 2017 01: +0,7.294,8
Mar 18 2017 01: +0,6.615,4
Mar 19 2017 01: +0,6.296,14
Mar 20 2017 01: +0,6.899,2
Mar 21 2017 01: +0,6.879,7
Mar 22 2017 01: +0,6.089,7
Mar 23 2017 01: +0,6.363,7
Mar 24 2017 01: +0,6.029,5
Mar 25 2017 01: +0,5.986,4
Mar 26 2017 01: +0,6.403,8
Mar 27 2017 01: +0,6.035,8
Mar 28 2017 01: +0,6.464,5
Mar 29 2017 01: +0,6.133,5
Mar 30 2017 01: +0,6.066,2
Mar 31 2017 01: +0,6.227,7
Apr 01 2017 01: +0,6.531,9
Apr 02 2017 01: +0,5.729,8
Apr 03 2017 01: +0,5.712,13
Apr 04 2017 01: +0,6.212,11
Apr 05 2017 01: +0,6.503,9
Apr 06 2017 01: +0,7.149,1
Apr 07 2017 01: +0,6.708,3
Apr 08 2017 01: +0,6.361,7
Apr 09 2017 01: +0,6.213,8
Apr 10 2017 01: +0,5.623,9
Apr 11 2017 01: +0,6.626,5
Apr 12 2017 01: +0,5.861,6
Apr 13 2017 01: +0,6.196,7
Apr 14 2017 01: +0,6.409,6
Apr 15 2017 01: +0,6.345,5
Apr 16 2017 01: +0,6.381,5
Apr 17 2017 01: +0,6.231,4
Apr 18 2017 01: +0,6.704,3
Apr 19 2017 01: +0,7.205,4
Apr 20 2017 01: +0,6.321,9
Apr 21 2017 01: +0,6.212,4
Apr 22 2017 01: +0,6.007,5
Apr 23 2017 01: +0,6.09,10
Apr 24 2017 01: +0,6.563,10
Apr 25 2017 01: +0,7.001,4
Apr 26 2017 01: +0,6.534,4
Apr 27 2017 01: +0,6.291,7
Apr 28 2017 01: +0,6.65,5
Apr 29 2017 01: +0,6.167,12
Apr 30 2017 01: +0,6,10
May 01 2017 01: +0,6.306,11
May 02 2017 01: +0,6.862,7
May 03 2017 01: +0,6.353,10
May 04 2017 01: +0,6.509,7
May 05 2017 01: +0,6.435,8
May 06 2017 01: +0,6.216,6
May 07 2017 01: +0,6.437,7
May 08 2017 01: +0,6.25,8
May 09 2017 01: +0,5.41,4
May 10 2017 01: +0,6.36,11
May 11 2017 01: +0,6.311,4
May 12 2017 01: +0,6.469,8
May 13 2017 01: +0,7.128,6
May 14 2017 01: +0,6.094,3
May 15 2017 01: +0,6.765,5
May 16 2017 01: +0,6.505,4
May 17 2017 01: +0,6.547,5
May 18 2017 01: +0,5.806,5
May 19 2017 01: +0,6.075,6
May 20 2017 01: +0,6.388,4
May 21 2017 01: +0,6.564,6
May 22 2017 01: +0,6.088,5
May 23 2017 01: +0,7.187,3
May 24 2017 01: +0,5.572,19
May 25 2017 01: +0,5.621,9
May 26 2017 01: +0,5.683,8
May 27 2017 01: +0,5.179,8
May 28 2017 01: +0,5.603,7
May 29 2017 01: +0,5.71,6
May 30 2017 01: +0,5.89,6
May 31 2017 01: +0,5.866,5
Jun 01 2017 01: +0,5.979,6
Jun 02 2017 01: +0,6.331,9
Jun 03 2017 01: +0,5.838,11
Jun 04 2017 01: +0,6.704,6
Jun 05 2017 01: +0,6.861,4
Jun 06 2017 01: +0,6.462,12
Jun 07 2017 01: +0,6.333,5
Jun 08 2017 01: +0,7.129,6
Jun 09 2017 01: +0,6.811,6
Jun 10 2017 01: +0,6.317,8
Jun 11 2017 01: +0,5.995,3
Jun 12 2017 01: +0,6.559,6
Jun 13 2017 01: +0,5.325,4
Jun 14 2017 01: +0,6.214,4
Jun 15 2017 01: +0,6.209,7
Jun 16 2017 01: +0,6.894,2
Jun 17 2017 01: +0,6.802,5
Jun 18 2017 01: +0,6.639,6
Jun 19 2017 01: +0,6.862,9
Jun 20 2017 01: +0,6.831,3
Jun 21 2017 01: +0,6.67,7
Jun 22 2017 01: +0,6.51,2
Jun 23 2017 01: +0,5.627,6
Jun 24 2017 01: +0,5.627,5
Jun 25 2017 01: +0,6.276,4
Jun 26 2017 01: +0,5.535,12
Jun 27 2017 01: +0,5.544,6
Jun 28 2017 01: +0,5.931,8
Jun 29 2017 01: +0,6.058,10
Jun 30 2017 01: +0,6.058,5
Jul 01 2017 01: +0,6.017,5
Jul 03 2017 01: +0,5.905,10
Jul 04 2017 01: +0,6.21,6
Jul 05 2017 01: +0,6.045,2
Jul 06 2017 01: +0,6.299,8
Jul 07 2017 01: +0,6.205,10
Jul 08 2017 01: +0,6.607,6
Jul 09 2017 01: +0,6.445,8
Jul 10 2017 01: +0,6.392,7
Jul 11 2017 01: +0,6.205,9
Jul 12 2017 01: +0,5.844,8
Jul 13 2017 01: +0,6.211,8
Jul 14 2017 01: +0,6.3,11
Jul 15 2017 01: +0,6.11,7
Jul 16 2017 01: +0,6.019,13
Jul 17 2017 01: +0,6.399,10
Jul 18 2017 01: +0,6.919,10
Jul 19 2017 01: +0,7.237,8
Jul 20 2017 01: +0,7.099,6
Jul 21 2017 01: +0,6.929,9
Jul 22 2017 01: +0,7.28,3
Jul 23 2017 01: +0,6.975,4
Jul 24 2017 01: +0,7.125,6
Jul 25 2017 01: +0,6.792,5
Jul 26 2017 01: +0,6.471,7
Jul 27 2017 01: +0,7.178,7
Jul 28 2017 01: +0,6.549,5
Jul 29 2017 01: +0,7.146,8
Jul 30 2017 01: +0,7.268,8
Jul 31 2017 01: +0,7.162,9
Aug 01 2017 01: +0,7.248,7
Aug 02 2017 01: +0,7.41,7
Aug 03 2017 01: +0,7.118,5
Aug 04 2017 01: +0,7.091,9
Aug 05 2017 01: +0,7.367,8
Aug 06 2017 01: +0,7.911,5
Aug 07 2017 01: +0,7.877,9
Aug 08 2017 01: +0,8.412,8
Aug 09 2017 01: +0,7.528,4
Aug 10 2017 01: +0,7.689,6
Aug 11 2017 01: +0,8.234,6
Aug 12 2017 01: +0,7.448,1
Aug 13 2017 01: +0,7.716,5
Aug 14 2017 01: +0,7.405,7
Aug 15 2017 01: +0,8.226,1
Aug 16 2017 01: +0,8.096,16
Aug 17 2017 01: +0,10.685,3
Aug 18 2017 01: +0,10.317,1
Aug 19 2017 01: +0,7.302,5
Aug 20 2017 01: +0,7.719,7
Aug 21 2017 01: +0,7.894,2
Aug 22 2017 01: +0,7.241,5
Aug 23 2017 01: +0,7.828,4
Aug 24 2017 01: +0,7.242,3
Aug 25 2017 01: +0,6.905,6
Aug 26 2017 01: +0,7.323,6
Aug 27 2017 01: +0,7.238,10
Aug 28 2017 01: +0,7.226,4
Aug 29 2017 01: +0,7.256,4
Aug 30 2017 01: +0,7.14,1
Aug 31 2017 01: +0,7.605,2
Sep 01 2017 01: +0,7.698,8
Sep 02 2017 01: +0,7.87,3
Sep 03 2017 01: +0,7.153,2
Sep 04 2017 01: +0,7.36,5
Sep 05 2017 01: +0,7.884,5
Sep 06 2017 01: +0,7.593,4
Sep 07 2017 01: +0,7.817,2
Sep 08 2017 01: +0,8.206,5
Sep 09 2017 01: +0,8.612,3
Sep 10 2017 01: +0,7.817,3
Sep 11 2017 01: +0,7.157,3
Sep 12 2017 01: +0,7.372,7
Sep 13 2017 01: +0,7.063,4
Sep 14 2017 01: +0,7.895,2
Sep 15 2017 01: +0,7.696,2
Sep 16 2017 01: +0,7.993,2
Sep 17 2017 01: +0,7.291,6
Sep 18 2017 01: +0,7.36,1
Sep 19 2017 01: +0,7.338,7
Sep 20 2017 01: +0,7.406,5
Sep 21 2017 01: +0,7.502,7
Sep 22 2017 01: +0,7.15,6
Sep 23 2017 01: +0,6.841,2
Sep 24 2017 01: +0,7.362,1
Sep 25 2017 01: +0,7.754,8
Sep 26 2017 01: +0,7.896,4
Sep 27 2017 01: +0,7.753,4
Sep 29 2017 01: +0,7.374,4
Sep 30 2017 01: +0,7.629,3
Oct 01 2017 01: +0,7.412,3
Oct 02 2017 01: +0,7.636,2
Oct 03 2017 01: +0,7.249,6
Oct 04 2017 01: +0,7.871,3
Oct 05 2017 01: +0,7.278,2
Oct 07 2017 01: +0,7.947,5
Oct 08 2017 01: +0,7.336,4
Oct 09 2017 01: +0,7.603,3
Oct 10 2017 01: +0,7.87,3
Oct 12 2017 01: +0,8.243,2
Oct 13 2017 01: +0,8.255,2
Oct 14 2017 01: +0,8.292,6
Oct 15 2017 01: +0,7.809,4
Oct 16 2017 01: +0,7.924,5
Oct 17 2017 01: +0,7.38,3
Oct 18 2017 01: +0,8.018,1
Oct 19 2017 01: +0,7.885,5
Oct 20 2017 01: +0,7.725,3
Oct 21 2017 01: +0,7.953,5
Oct 22 2017 01: +0,6.79,1
Oct 23 2017 01: +0,7.05,3
Oct 24 2017 01: +0,7.039,3
Oct 25 2017 01: +0,7.189,6
Oct 27 2017 01: +0,7.233,2
Oct 28 2017 01: +0,6.649,8
Oct 29 2017 01: +0,7.447,3
Oct 30 2017 01: +0,7.382,2
Oct 31 2017 01: +0,7.554,1
Nov 01 2017 01: +0,6.421,3
Nov 02 2017 01: +0,6.68,1
Nov 03 2017 01: +0,6.577,2
Nov 04 2017 01: +0,6.004,3
Nov 05 2017 01: +0,6.574,5
Nov 06 2017 01: +0,6.924,3
Nov 07 2017 01: +0,6.624,2
Nov 08 2017 01: +0,6.859,4
Nov 09 2017 01: +0,6.629,4
Nov 10 2017 01: +0,6.576,6
Nov 11 2017 01: +0,6.514,4
Nov 12 2017 01: +0,6.884,5
Nov 13 2017 01: +0,6.92,7
Nov 14 2017 01: +0,6.98,3
Nov 15 2017 01: +0,7.119,6
Nov 16 2017 01: +0,7.756,1
Nov 17 2017 01: +0,7.359,1
Nov 18 2017 01: +0,6.644,1
Nov 19 2017 01: +0,6.927,2
Nov 20 2017 01: +0,7.218,3
Nov 22 2017 01: +0,6.12,1
Nov 23 2017 01: +0,7.12,2
Nov 24 2017 01: +0,7.576,1
Nov 25 2017 01: +0,6.062,6
Nov 26 2017 01: +0,6.086,3
Nov 27 2017 01: +0,6.298,3
Nov 28 2017 01: +0,6.486,2
Nov 29 2017 01: +0,6.719,4
Nov 30 2017 01: +0,6.355,2
Dec 01 2017 01: +0,6.649,4
Dec 02 2017 01: +0,6.614,9
Dec 03 2017 01: +0,6.637,6
Dec 04 2017 01: +0,6.916,4
Dec 05 2017 01: +0,6.467,4
Dec 06 2017 01: +0,6.772,2
Dec 07 2017 01: +0,7.079,1
Dec 08 2017 01: +0,6.767,10
Dec 09 2017 01: +0,7.103,4
Dec 10 2017 01: +0,7.125,5
Dec 11 2017 01: +0,7.666,1
Dec 12 2017 01: +0,7.567,3
Dec 13 2017 01: +0,7.746,2
Dec 14 2017 01: +0,7.733,3
Dec 15 2017 01: +0,7.069,4
Dec 16 2017 01: +0,7.167,3
Dec 17 2017 01: +0,7.623,3
Dec 18 2017 01: +0,6.866,5
Dec 19 2017 01: +0,7.377,3
Dec 20 2017 01: +0,7.195,2
Dec 21 2017 01: +0,7.802,4
Dec 22 2017 01: +0,7.404,3
Dec 23 2017 01: +0,6.614,4
Dec 24 2017 01: +0,7.001,4
Dec 25 2017 01: +0,7.885,9
Dec 26 2017 01: +0,8.282,5
Dec 27 2017 01: +0,8.205,6
Dec 28 2017 01: +0,8.362,3
Dec 29 2017 01: +0,8.301,8
Dec 30 2017 01: +0,8.497,4
Dec 31 2017 01: +0,8.002,4
Jan 01 2018 01: +0,8.176,4
Jan 02 2018 01: +0,9.106,3
Jan 03 2018 01: +0,9.069,2
Jan 04 2018 01: +0,9.19,1
Jan 05 2018 01: +0,8.084,7
Jan 06 2018 01: +0,8.292,1
Jan 07 2018 01: +0,7.345,2
Jan 08 2018 01: +0,7.927,3
Jan 09 2018 01: +0,8.522,4
Jan 10 2018 01: +0,7.848,2
Jan 11 2018 01: +0,7.811,3
Jan 12 2018 01: +0,8.598,4
Jan 13 2018 01: +0,7.403,4
Jan 14 2018 01: +0,8.023,6
Jan 15 2018 01: +0,7.94,3
Jan 16 2018 01: +0,7.836,3
Jan 17 2018 01: +0,7.823,4
Jan 18 2018 01: +0,8.452,3
Jan 19 2018 01: +0,8.346,5
Jan 20 2018 01: +0,8.045,5
Jan 21 2018 01: +0,8.339,5
Jan 22 2018 01: +0,8.892,2
Jan 23 2018 01: +0,9.315,1
Jan 24 2018 01: +0,8.78,7
Jan 25 2018 01: +0,9.116,3
Jan 26 2018 01: +0,8.095,2
Jan 27 2018 01: +0,7.902,6
Jan 28 2018 01: +0,8.189,3
Jan 29 2018 01: +0,8.979,10
Jan 30 2018 01: +0,9.638,3
Jan 31 2018 01: +0,9.383,4
Feb 01 2018 01: +0,9.946,3
Feb 02 2018 01: +0,8.896,4
Feb 03 2018 01: +0,7.217,4
Feb 04 2018 01: +0,8.8,4
Feb 05 2018 01: +0,9.747,1
Feb 06 2018 01: +0,9.107,3
Feb 07 2018 01: +0,9.676,4
Feb 08 2018 01: +0,8.685,4
Feb 09 2018 01: +0,9.234,3
Feb 10 2018 01: +0,8.961,3
Feb 11 2018 01: +0,8.871,5
Feb 12 2018 01: +0,9.043,2
Feb 13 2018 01: +0,8.927,6
Feb 14 2018 01: +0,9.018,3
Feb 15 2018 01: +0,9.313,6
Feb 16 2018 01: +0,9.846,3
Feb 17 2018 01: +0,10.94,4
Feb 18 2018 01: +0,9.039,5
Feb 20 2018 01: +0,9.083,2
Feb 21 2018 01: +0,9.593,3
Feb 22 2018 01: +0,9.839,2
Feb 23 2018 01: +0,10.452,2
Feb 24 2018 01: +0,8.752,1
Feb 25 2018 01: +0,9.344,3
Feb 26 2018 01: +0,10.193,2
Feb 27 2018 01: +0,8.002,2
Feb 28 2018 01: +0,9.74,2
Feb 28 2018 20: +0,9.707,2
Mar 01 2018 01: +0,8.875,2
Mar 01 2018 03: +0,8.51,1
Mar 01 2018 09: +0,9.791,1
Mar 01 2018 11: +0,9.681,1
Mar 01 2018 14: +0,9.12,1
Mar 02 2018 01: +0,8.93,1
Mar 02 2018 09: +0,9.639,1
Mar 02 2018 18: +0,9.753,1
Mar 02 2018 22: +0,9.831,1
Mar 03 2018 00: +0,9.728,2
Mar 03 2018 02: +0,8.477,1
Mar 03 2018 07: +0,9.2,1
Mar 03 2018 16: +0,10.064,3
Mar 03 2018 19: +0,9.678,1
Mar 04 2018 15: +0,10.034,1
Mar 05 2018 10: +0,9.05,1
Mar 05 2018 16: +0,10.369,1
Mar 05 2018 20: +0,10.388,1
Mar 05 2018 21: +0,10.453,1
Mar 06 2018 11: +0,9.59,1
Mar 06 2018 18: +0,9.864,1
Mar 07 2018 02: +0,10.535,1
Mar 07 2018 08: +0,10.943,1
Mar 07 2018 13: +0,6.1,1
Mar 07 2018 17: +0,9.305,2
Mar 07 2018 21: +0,10.66,1
Mar 08 2018 13: +0,10.328,1
Mar 08 2018 15: +0,9.077,1
Mar 08 2018 17: +0,10.17,1
Mar 08 2018 22: +0,9.411,1
Mar 09 2018 07: +0,9.77,1
Mar 09 2018 14: +0,10.858,1
Mar 09 2018 16: +0,9.474,1
Mar 10 2018 04: +0,10.11,1
Mar 10 2018 10: +0,10.869,1
Mar 10 2018 20: +0,9.2,1
Mar 11 2018 03: +0,10.921,1
Mar 11 2018 13: +0,10.912,1
Mar 11 2018 17: +0,12.374,2
Mar 12 2018 16: +0,12.352,1
Mar 13 2018 21: +0,10.016,1
Mar 14 2018 04: +0,13.35,1
Mar 14 2018 11: +0,10.511,1
Mar 14 2018 12: +0,10.51,1
Mar 14 2018 16: +0,10.461,1
Mar 15 2018 17: +0,9.93,1
Mar 15 2018 18: +0,9.94,1
Mar 16 2018 14: +0,9.93,1
Mar 17 2018 21: +0,9.96,1
Mar 18 2018 17: +0,10.333,2
Mar 18 2018 23: +0,9.2,1
Mar 19 2018 13: +0,10.55,1
Mar 19 2018 20: +0,10.553,1
Mar 19 2018 22: +0,10.964,1
Mar 20 2018 12: +0,10.787,1
Mar 20 2018 15: +0,10.964,1
Mar 20 2018 21: +0,10.355,1
Mar 21 2018 02: +0,13.902,1
Mar 21 2018 13: +0,9.04,1
Mar 21 2018 17: +0,13.739,1
Mar 22 2018 15: +0,12.226,1
Mar 22 2018 16: +0,9.83,1
Mar 22 2018 23: +0,12.237,1
Mar 23 2018 15: +0,12.237,1
Mar 24 2018 20: +0,9.45,1
Mar 26 2018 00: +0,11.385,1
Mar 27 2018 17: +0,10.704,1
Mar 27 2018 20: +0,10.914,1
Mar 28 2018 13: +0,10.229,1
Mar 28 2018 17: +0,10.2,1
Mar 28 2018 21: +0,11.466,1
Mar 29 2018 16: +0,10.248,1
Mar 29 2018 17: +0,10.355,1
Mar 30 2018 11: +0,9.634,2
Mar 30 2018 13: +0,10.057,1
