Aug 15 2013 01: +0,1.069,5
Aug 16 2013 01: +0,1.418,8
Aug 17 2013 01: +0,1.042,23
Aug 18 2013 01: +0,1.059,21
Aug 19 2013 01: +0,0.851,11
Aug 20 2013 01: +0,0.973,11
Aug 21 2013 01: +0,0.82,17
Aug 22 2013 01: +0,0.851,12
Aug 23 2013 01: +0,0.518,15
Aug 24 2013 01: +0,0.425,22
Aug 25 2013 01: +0,0.558,22
Aug 26 2013 01: +0,0.686,7
Aug 27 2013 01: +0,0.605,12
Aug 28 2013 01: +0,0.655,19
Aug 29 2013 01: +0,0.628,5
Aug 30 2013 01: +0,0.574,18
Aug 31 2013 01: +0,0.421,24
Sep 01 2013 01: +0,0.488,27
Sep 02 2013 01: +0,0.507,25
Sep 03 2013 01: +0,0.535,18
Sep 04 2013 01: +0,0.441,17
Sep 05 2013 01: +0,0.464,21
Sep 06 2013 01: +0,5.371,15
Sep 07 2013 01: +0,0.377,27
Sep 08 2013 01: +0,0.397,19
Sep 09 2013 01: +0,0.341,27
Sep 10 2013 01: +0,0.396,20
Sep 11 2013 01: +0,0.358,14
Sep 12 2013 01: +0,0.393,17
Sep 13 2013 01: +0,0.398,40
Sep 14 2013 01: +0,0.411,28
Sep 15 2013 01: +0,0.338,16
Sep 16 2013 01: +0,0.287,35
Sep 17 2013 01: +0,0.273,20
Sep 18 2013 01: +0,0.318,20
Sep 19 2013 01: +0,0.282,25
Sep 20 2013 01: +0,0.65,104
Sep 21 2013 01: +0,0.577,31
Sep 22 2013 01: +0,0.462,41
Sep 23 2013 01: +0,0.421,34
Sep 24 2013 01: +0,0.314,25
Sep 25 2013 01: +0,0.324,26
Sep 26 2013 01: +0,0.311,30
Sep 27 2013 01: +0,0.354,33
Sep 28 2013 01: +0,0.328,41
Sep 29 2013 01: +0,0.335,45
Sep 30 2013 01: +0,0.306,37
Oct 01 2013 01: +0,0.358,20
Oct 02 2013 01: +0,0.329,39
Oct 03 2013 01: +0,0.397,30
Oct 04 2013 01: +0,0.349,24
Oct 05 2013 01: +0,0.288,41
Oct 06 2013 01: +0,0.305,36
Oct 07 2013 01: +0,0.332,26
Oct 08 2013 01: +0,0.316,30
Oct 09 2013 01: +0,0.355,13
Oct 10 2013 01: +0,0.354,23
Oct 11 2013 01: +0,0.291,35
Oct 12 2013 01: +0,0.314,45
Oct 13 2013 01: +0,0.302,34
Oct 14 2013 01: +0,0.316,42
Oct 15 2013 01: +0,0.286,17
Oct 16 2013 01: +0,0.29,38
Oct 17 2013 01: +0,0.281,22
Oct 18 2013 01: +0,0.292,35
Oct 19 2013 01: +0,0.251,37
Oct 20 2013 01: +0,0.272,36
Oct 21 2013 01: +0,0.275,49
Oct 22 2013 01: +0,0.224,37
Oct 23 2013 01: +0,0.241,42
Oct 24 2013 01: +0,0.261,35
Oct 25 2013 01: +0,0.248,40
Oct 26 2013 01: +0,0.249,26
Oct 27 2013 01: +0,0.249,53
Oct 28 2013 01: +0,0.235,53
Oct 29 2013 01: +0,0.209,41
Oct 30 2013 01: +0,0.224,36
Oct 31 2013 01: +0,0.239,18
Nov 01 2013 01: +0,0.215,43
Nov 02 2013 01: +0,0.302,33
Nov 03 2013 01: +0,0.264,21
Nov 04 2013 01: +0,0.27,30
Nov 05 2013 01: +0,0.218,46
Nov 06 2013 01: +0,0.232,36
Nov 07 2013 01: +0,0.273,27
Nov 08 2013 01: +0,0.22,45
Nov 09 2013 01: +0,0.186,36
Nov 10 2013 01: +0,0.171,35
Nov 11 2013 01: +0,0.204,38
Nov 12 2013 01: +0,0.21,36
Nov 13 2013 01: +0,0.214,30
Nov 14 2013 01: +0,0.237,26
Nov 15 2013 01: +0,0.205,33
Nov 16 2013 01: +0,0.192,20
Nov 17 2013 01: +0,0.169,33
Nov 18 2013 01: +0,0.173,45
Nov 19 2013 01: +0,0.182,33
Nov 20 2013 01: +0,0.195,35
Nov 21 2013 01: +0,0.219,27
Nov 22 2013 01: +0,0.214,35
Nov 23 2013 01: +0,0.183,40
Nov 24 2013 01: +0,0.189,42
Nov 25 2013 01: +0,0.186,29
Nov 26 2013 01: +0,0.185,33
Nov 27 2013 01: +0,0.185,45
Nov 28 2013 01: +0,0.183,53
Nov 29 2013 01: +0,0.244,29
Nov 30 2013 01: +0,0.187,54
Dec 01 2013 01: +0,0.197,33
Dec 02 2013 01: +0,0.194,38
Dec 03 2013 01: +0,0.206,27
Dec 04 2013 01: +0,0.198,23
Dec 05 2013 01: +0,0.238,46
Dec 06 2013 01: +0,0.229,22
Dec 07 2013 01: +0,0.246,39
Dec 08 2013 01: +0,0.218,38
Dec 09 2013 01: +0,0.176,20
Dec 10 2013 01: +0,0.256,15
Dec 11 2013 01: +0,0.251,15
Dec 12 2013 01: +0,0.163,20
Dec 13 2013 01: +0,0.218,30
Dec 14 2013 01: +0,0.202,29
Dec 15 2013 01: +0,0.182,31
Dec 16 2013 01: +0,0.244,31
Dec 17 2013 01: +0,0.23,11
Dec 18 2013 01: +0,0.237,27
Dec 19 2013 01: +0,0.217,19
Dec 20 2013 01: +0,0.197,38
Dec 21 2013 01: +0,0.154,19
Dec 22 2013 01: +0,0.148,53
Dec 23 2013 01: +0,0.15,31
Dec 24 2013 01: +0,0.147,42
Dec 25 2013 01: +0,0.173,18
Dec 26 2013 01: +0,0.174,36
Dec 27 2013 01: +0,0.178,30
Dec 28 2013 01: +0,0.187,41
Dec 29 2013 01: +0,0.214,24
Dec 30 2013 01: +0,0.213,37
Dec 31 2013 01: +0,0.163,34
Jan 01 2014 01: +0,0.168,21
Jan 02 2014 01: +0,0.158,43
Jan 03 2014 01: +0,0.163,26
Jan 04 2014 01: +0,0.184,35
Jan 05 2014 01: +0,0.195,36
Jan 06 2014 01: +0,0.201,23
Jan 07 2014 01: +0,0.168,39
Jan 08 2014 01: +0,0.212,26
Jan 09 2014 01: +0,0.217,27
Jan 10 2014 01: +0,0.275,36
Jan 11 2014 01: +0,0.211,33
Jan 12 2014 01: +0,0.311,23
Jan 13 2014 01: +0,0.234,26
Jan 14 2014 01: +0,0.274,9
Jan 15 2014 01: +0,0.237,18
Jan 16 2014 01: +0,0.236,26
Jan 17 2014 01: +0,0.283,10
Jan 18 2014 01: +0,0.213,24
Jan 19 2014 01: +0,0.245,30
Jan 20 2014 01: +0,0.166,34
Jan 21 2014 01: +0,0.265,32
Jan 22 2014 01: +0,0.258,21
Jan 23 2014 01: +0,0.266,13
Jan 24 2014 01: +0,0.286,22
Jan 25 2014 01: +0,0.249,21
Jan 26 2014 01: +0,0.214,52
Jan 27 2014 01: +0,0.223,38
Jan 28 2014 01: +0,0.261,22
Jan 29 2014 01: +0,0.226,35
Jan 30 2014 01: +0,0.226,7
Jan 31 2014 01: +0,0.233,15
Feb 01 2014 01: +0,0.249,40
Feb 02 2014 01: +0,0.199,17
Feb 03 2014 01: +0,0.183,35
Feb 04 2014 01: +0,0.196,12
Feb 05 2014 01: +0,0.252,30
Feb 06 2014 01: +0,0.188,18
Feb 07 2014 01: +0,0.213,37
Feb 08 2014 01: +0,0.262,15
Feb 09 2014 01: +0,0.239,32
Feb 10 2014 01: +0,0.247,20
Feb 11 2014 01: +0,0.224,28
Feb 12 2014 01: +0,0.192,35
Feb 13 2014 01: +0,0.161,15
Feb 14 2014 01: +0,0.185,23
Feb 15 2014 01: +0,0.262,57
Feb 16 2014 01: +0,0.204,18
Feb 17 2014 01: +0,0.215,27
Feb 18 2014 01: +0,0.172,14
Feb 19 2014 01: +0,0.253,19
Feb 20 2014 01: +0,0.25,10
Feb 21 2014 01: +0,0.206,34
Feb 22 2014 01: +0,0.254,50
Feb 23 2014 01: +0,0.228,29
Feb 24 2014 01: +0,0.245,19
Feb 25 2014 01: +0,0.269,13
Feb 26 2014 01: +0,0.222,24
Feb 27 2014 01: +0,0.227,21
Feb 28 2014 01: +0,0.276,21
Mar 01 2014 01: +0,0.278,25
Mar 02 2014 01: +0,0.247,16
Mar 03 2014 01: +0,0.293,19
Mar 04 2014 01: +0,0.289,18
Mar 05 2014 01: +0,0.285,12
Mar 06 2014 01: +0,0.303,13
Mar 07 2014 01: +0,0.336,33
Mar 08 2014 01: +0,0.36,35
Mar 09 2014 01: +0,0.316,26
Mar 10 2014 01: +0,0.37,14
Mar 11 2014 01: +0,0.344,26
Mar 12 2014 01: +0,0.349,26
Mar 13 2014 01: +0,0.377,10
Mar 14 2014 01: +0,0.297,13
Mar 15 2014 01: +0,0.321,21
Mar 16 2014 01: +0,0.244,27
Mar 17 2014 01: +0,0.353,32
Mar 18 2014 01: +0,0.391,34
Mar 19 2014 01: +0,0.481,21
Mar 20 2014 01: +0,0.404,6
Mar 21 2014 01: +0,0.375,17
Mar 22 2014 01: +0,0.347,33
Mar 23 2014 01: +0,0.391,27
Mar 24 2014 01: +0,0.397,5
Mar 25 2014 01: +0,0.454,14
Mar 26 2014 01: +0,0.429,13
Mar 27 2014 01: +0,0.38,18
Mar 28 2014 01: +0,0.445,6
Mar 29 2014 01: +0,0.497,21
Mar 30 2014 01: +0,0.552,24
Mar 31 2014 01: +0,0.555,12
Apr 01 2014 01: +0,0.567,5
Apr 02 2014 01: +0,0.463,17
Apr 03 2014 01: +0,0.493,18
Apr 04 2014 01: +0,0.471,24
Apr 05 2014 01: +0,0.474,14
Apr 06 2014 01: +0,0.537,21
Apr 07 2014 01: +0,0.454,15
Apr 08 2014 01: +0,0.538,27
Apr 09 2014 01: +0,0.655,11
Apr 10 2014 01: +0,0.619,15
Apr 11 2014 01: +0,0.656,31
Apr 12 2014 01: +0,0.588,17
Apr 13 2014 01: +0,0.633,14
Apr 14 2014 01: +0,0.553,21
Apr 15 2014 01: +0,0.65,8
Apr 16 2014 01: +0,0.636,10
Apr 17 2014 01: +0,0.565,12
Apr 18 2014 01: +0,0.634,24
Apr 19 2014 01: +0,0.556,17
Apr 20 2014 01: +0,0.628,15
Apr 21 2014 01: +0,0.659,12
Apr 22 2014 01: +0,0.638,22
Apr 23 2014 01: +0,0.839,5
Apr 24 2014 01: +0,0.686,7
Apr 25 2014 01: +0,0.634,17
Apr 26 2014 01: +0,0.627,17
Apr 27 2014 01: +0,0.471,13
Apr 28 2014 01: +0,0.67,14
Apr 29 2014 01: +0,0.646,4
Apr 30 2014 01: +0,0.576,11
May 01 2014 01: +0,0.573,10
May 02 2014 01: +0,0.549,13
May 03 2014 01: +0,0.571,20
May 04 2014 01: +0,0.524,12
May 05 2014 01: +0,0.53,40
May 06 2014 01: +0,0.49,10
May 07 2014 01: +0,0.506,24
May 08 2014 01: +0,0.453,40
May 09 2014 01: +0,0.373,12
May 10 2014 01: +0,0.55,16
May 11 2014 01: +0,0.346,20
May 12 2014 01: +0,0.361,26
May 13 2014 01: +0,0.431,13
May 14 2014 01: +0,0.462,29
May 15 2014 01: +0,0.585,18
May 16 2014 01: +0,0.498,21
May 17 2014 01: +0,0.564,26
May 18 2014 01: +0,0.483,24
May 19 2014 01: +0,0.426,18
May 20 2014 01: +0,0.542,19
May 21 2014 01: +0,0.469,28
May 22 2014 01: +0,0.439,27
May 23 2014 01: +0,0.446,40
May 24 2014 01: +0,0.579,19
May 25 2014 01: +0,0.499,17
May 26 2014 01: +0,0.493,12
May 27 2014 01: +0,0.53,8
May 28 2014 01: +0,0.521,9
May 29 2014 01: +0,0.489,18
May 30 2014 01: +0,0.444,10
May 31 2014 01: +0,0.56,22
Jun 01 2014 01: +0,0.558,14
Jun 02 2014 01: +0,0.472,17
Jun 03 2014 01: +0,0.569,23
Jun 04 2014 01: +0,0.517,7
Jun 05 2014 01: +0,0.526,20
Jun 06 2014 01: +0,0.473,9
Jun 07 2014 01: +0,0.445,27
Jun 08 2014 01: +0,0.475,18
Jun 09 2014 01: +0,0.485,12
Jun 10 2014 01: +0,0.527,4
Jun 11 2014 01: +0,0.477,12
Jun 12 2014 01: +0,0.625,15
Jun 13 2014 01: +0,0.569,17
Jun 14 2014 01: +0,0.511,14
Jun 15 2014 01: +0,0.479,17
Jun 16 2014 01: +0,0.497,25
Jun 17 2014 01: +0,0.478,23
Jun 18 2014 01: +0,0.422,6
Jun 19 2014 01: +0,0.4,14
Jun 20 2014 01: +0,0.355,30
Jun 21 2014 01: +0,0.507,64
Jun 22 2014 01: +0,0.729,14
Jun 23 2014 01: +0,0.573,27
Jun 24 2014 01: +0,0.547,14
Jun 25 2014 01: +0,0.65,7
Jun 26 2014 01: +0,0.467,2
Jun 27 2014 01: +0,0.505,18
Jun 28 2014 01: +0,0.473,16
Jun 29 2014 01: +0,0.448,17
Jun 30 2014 01: +0,0.483,12
Jul 01 2014 01: +0,0.517,28
Jul 02 2014 01: +0,0.462,17
Jul 03 2014 01: +0,0.29,18
Jul 04 2014 01: +0,0.47,10
Jul 05 2014 01: +0,0.379,21
Jul 06 2014 01: +0,0.467,7
Jul 07 2014 01: +0,0.417,4
Jul 08 2014 01: +0,0.474,18
Jul 09 2014 01: +0,0.441,16
Jul 10 2014 01: +0,0.484,27
Jul 11 2014 01: +0,0.416,6
Jul 12 2014 01: +0,0.433,17
Jul 13 2014 01: +0,0.492,11
Jul 14 2014 01: +0,0.484,14
Jul 15 2014 01: +0,0.419,11
Jul 16 2014 01: +0,0.487,7
Jul 17 2014 01: +0,0.447,7
Jul 18 2014 01: +0,0.555,29
Jul 19 2014 01: +0,0.558,15
Jul 20 2014 01: +0,0.499,4
Jul 21 2014 01: +0,0.477,8
Jul 22 2014 01: +0,0.486,13
Jul 23 2014 01: +0,0.467,9
Jul 24 2014 01: +0,0.494,25
Jul 25 2014 01: +0,0.444,9
Jul 26 2014 01: +0,0.497,14
Jul 27 2014 01: +0,0.554,17
Jul 29 2014 01: +0,0.492,5
Jul 30 2014 01: +0,0.602,12
Jul 31 2014 01: +0,0.457,9
Aug 01 2014 01: +0,0.493,28
Aug 02 2014 01: +0,0.615,24
Aug 03 2014 01: +0,0.651,2
Aug 04 2014 01: +0,0.589,17
Aug 05 2014 01: +0,0.488,14
Aug 06 2014 01: +0,0.525,18
Aug 07 2014 01: +0,0.574,12
Aug 08 2014 01: +0,0.555,7
Aug 09 2014 01: +0,0.458,18
Aug 10 2014 01: +0,0.667,24
Aug 11 2014 01: +0,0.606,7
Aug 12 2014 01: +0,0.611,2
Aug 13 2014 01: +0,0.704,8
Aug 14 2014 01: +0,0.604,2
Aug 15 2014 01: +0,0.601,10
Aug 16 2014 01: +0,0.576,14
Aug 17 2014 01: +0,0.667,22
Aug 18 2014 01: +0,0.536,17
Aug 19 2014 01: +0,0.594,12
Aug 20 2014 01: +0,0.612,14
Aug 21 2014 01: +0,0.563,3
Aug 22 2014 01: +0,0.586,9
Aug 23 2014 01: +0,0.611,16
Aug 24 2014 01: +0,0.618,9
Aug 25 2014 01: +0,0.69,8
Aug 26 2014 01: +0,0.62,8
Aug 27 2014 01: +0,0.687,17
Aug 28 2014 01: +0,0.688,25
Aug 29 2014 01: +0,0.877,15
Aug 30 2014 01: +0,0.997,16
Aug 31 2014 01: +0,0.826,8
Sep 01 2014 01: +0,0.947,11
Sep 02 2014 01: +0,0.994,4
Sep 03 2014 01: +0,1.058,16
Sep 04 2014 01: +0,1.32,7
Sep 05 2014 01: +0,0.912,13
Sep 06 2014 01: +0,1.191,10
Sep 07 2014 01: +0,1.15,9
Sep 08 2014 01: +0,1.291,4
Sep 09 2014 01: +0,1.229,7
Sep 10 2014 01: +0,1.22,7
Sep 11 2014 01: +0,1.259,4
Sep 12 2014 01: +0,1.138,10
Sep 13 2014 01: +0,0.996,25
Sep 14 2014 01: +0,1.13,20
Sep 15 2014 01: +0,1.155,6
Sep 16 2014 01: +0,1.022,6
Sep 17 2014 01: +0,1.199,5
Sep 18 2014 01: +0,1.067,11
Sep 19 2014 01: +0,1.088,6
Sep 20 2014 01: +0,1.156,19
Sep 21 2014 01: +0,1.148,13
Sep 22 2014 01: +0,1.145,8
Sep 23 2014 01: +0,1.505,18
Sep 24 2014 01: +0,1.48,1
Sep 25 2014 01: +0,1.21,2
Sep 26 2014 01: +0,1.414,5
Sep 27 2014 01: +0,1.326,6
Sep 28 2014 01: +0,1.376,20
Sep 29 2014 01: +0,1.371,10
Sep 30 2014 01: +0,1.369,2
Oct 01 2014 01: +0,1.25,2
Oct 02 2014 01: +0,1.107,20
Oct 03 2014 01: +0,1.282,5
Oct 04 2014 01: +0,1.605,18
Oct 05 2014 01: +0,1.275,9
Oct 06 2014 01: +0,1.295,17
Oct 07 2014 01: +0,1.424,2
Oct 08 2014 01: +0,1.39,3
Oct 09 2014 01: +0,1.425,11
Oct 10 2014 01: +0,1.179,13
Oct 11 2014 01: +0,1.333,12
Oct 12 2014 01: +0,1.239,8
Oct 13 2014 01: +0,1.146,3
Oct 14 2014 01: +0,1.5,17
Oct 15 2014 01: +0,1.308,1
Oct 16 2014 01: +0,1.191,1
Oct 17 2014 01: +0,1.323,5
Oct 18 2014 01: +0,1.262,17
Oct 19 2014 01: +0,1.436,8
Oct 20 2014 01: +0,1.11,3
Oct 21 2014 01: +0,1.388,16
Oct 22 2014 01: +0,1.783,3
Oct 23 2014 01: +0,1.625,10
Oct 24 2014 01: +0,1.417,5
Oct 25 2014 01: +0,1.393,5
Oct 26 2014 01: +0,1.417,1
Oct 27 2014 01: +0,1.354,12
Oct 28 2014 01: +0,1.546,9
Oct 29 2014 01: +0,1.578,5
Oct 31 2014 01: +0,1.507,2
Nov 01 2014 01: +0,1.137,3
Nov 02 2014 01: +0,1.222,9
Nov 03 2014 01: +0,1.293,5
Nov 04 2014 01: +0,1.295,4
Nov 05 2014 01: +0,1.294,2
Nov 06 2014 01: +0,1.021,5
Nov 07 2014 01: +0,1.045,16
Nov 08 2014 01: +0,1.385,12
Nov 09 2014 01: +0,1.107,4
Nov 10 2014 01: +0,1.235,3
Nov 11 2014 01: +0,1.18,9
Nov 12 2014 01: +0,1.131,8
Nov 13 2014 01: +0,1.047,5
Nov 14 2014 01: +0,0.713,4
Nov 15 2014 01: +0,0.951,10
Nov 16 2014 01: +0,0.937,14
Nov 17 2014 01: +0,0.91,10
Nov 18 2014 01: +0,1.113,3
Nov 19 2014 01: +0,1.028,12
Nov 20 2014 01: +0,0.848,4
Nov 21 2014 01: +0,0.853,22
Nov 22 2014 01: +0,0.589,11
Nov 23 2014 01: +0,0.7,11
Nov 24 2014 01: +0,0.683,9
Nov 25 2014 01: +0,0.658,10
Nov 26 2014 01: +0,0.639,55
Nov 27 2014 01: +0,0.589,35
Nov 28 2014 01: +0,0.508,44
Nov 29 2014 01: +0,0.703,12
Nov 30 2014 01: +0,0.313,43
Dec 01 2014 01: +0,0.334,36
Dec 02 2014 01: +0,0.423,28
Dec 03 2014 01: +0,0.458,36
Dec 04 2014 01: +0,0.468,22
Dec 05 2014 01: +0,0.416,23
Dec 06 2014 01: +0,0.407,27
Dec 07 2014 01: +0,0.559,39
Dec 08 2014 01: +0,0.46,20
Dec 09 2014 01: +0,0.425,21
Dec 10 2014 01: +0,0.412,49
Dec 11 2014 01: +0,0.533,17
Dec 12 2014 01: +0,0.457,13
Dec 13 2014 01: +0,0.47,33
Dec 14 2014 01: +0,0.398,32
Dec 15 2014 01: +0,0.462,39
Dec 16 2014 01: +0,0.45,10
Dec 17 2014 01: +0,0.463,36
Dec 18 2014 01: +0,0.455,17
Dec 19 2014 01: +0,0.459,39
Dec 20 2014 01: +0,0.363,29
Dec 21 2014 01: +0,0.388,26
Dec 22 2014 01: +0,0.426,10
Dec 23 2014 01: +0,0.46,33
Dec 24 2014 01: +0,0.484,30
Dec 25 2014 01: +0,0.552,14
Dec 26 2014 01: +0,0.5,12
Dec 27 2014 01: +0,0.499,30
Dec 28 2014 01: +0,0.59,22
Dec 29 2014 01: +0,0.528,28
Dec 30 2014 01: +0,0.468,18
Dec 31 2014 01: +0,0.459,44
Jan 01 2015 01: +0,0.515,32
Jan 02 2015 01: +0,0.548,37
Jan 03 2015 01: +0,0.575,41
Jan 04 2015 01: +0,0.632,25
Jan 05 2015 01: +0,0.564,27
Jan 06 2015 01: +0,0.626,33
Jan 07 2015 01: +0,0.666,19
Jan 08 2015 01: +0,0.672,36
Jan 09 2015 01: +0,0.597,20
Jan 10 2015 01: +0,0.507,31
Jan 11 2015 01: +0,0.549,43
Jan 12 2015 01: +0,0.551,41
Jan 13 2015 01: +0,0.443,29
Jan 14 2015 01: +0,0.485,50
Jan 15 2015 01: +0,0.536,29
Jan 16 2015 01: +0,0.443,44
Jan 17 2015 01: +0,0.449,33
Jan 18 2015 01: +0,0.439,39
Jan 19 2015 01: +0,0.581,54
Jan 20 2015 01: +0,0.551,25
Jan 21 2015 01: +0,0.683,38
Jan 22 2015 01: +0,0.669,33
Jan 23 2015 01: +0,0.627,28
Jan 24 2015 01: +0,0.595,40
Jan 25 2015 01: +0,0.587,31
Jan 26 2015 01: +0,0.511,29
Jan 27 2015 01: +0,0.61,58
Jan 28 2015 01: +0,0.57,16
Jan 29 2015 01: +0,0.555,29
Jan 30 2015 01: +0,0.538,40
Jan 31 2015 01: +0,0.539,28
Feb 01 2015 01: +0,0.443,59
Feb 02 2015 01: +0,0.492,33
Feb 03 2015 01: +0,0.535,36
Feb 04 2015 01: +0,0.476,35
Feb 05 2015 01: +0,0.487,24
Feb 06 2015 01: +0,0.454,41
Feb 07 2015 01: +0,0.5,60
Feb 08 2015 01: +0,0.476,36
Feb 09 2015 01: +0,0.518,34
Feb 10 2015 01: +0,0.566,33
Feb 11 2015 01: +0,0.491,30
Feb 12 2015 01: +0,0.499,42
Feb 13 2015 01: +0,0.461,31
Feb 14 2015 01: +0,0.462,64
Feb 15 2015 01: +0,0.415,50
Feb 16 2015 01: +0,0.531,80
Feb 17 2015 01: +0,0.597,44
Feb 18 2015 01: +0,0.601,54
Feb 19 2015 01: +0,0.714,100
Feb 20 2015 01: +0,0.757,25
Feb 21 2015 01: +0,0.742,35
Feb 22 2015 01: +0,0.914,38
Feb 23 2015 01: +0,0.621,19
Feb 24 2015 01: +0,0.721,49
Feb 25 2015 01: +0,0.851,31
Feb 26 2015 01: +0,0.744,24
Feb 27 2015 01: +0,0.855,41
Feb 28 2015 01: +0,0.74,40
Mar 01 2015 01: +0,0.762,35
Mar 02 2015 01: +0,0.673,29
Mar 03 2015 01: +0,0.866,23
Mar 04 2015 01: +0,0.767,33
Mar 05 2015 01: +0,0.727,23
Mar 06 2015 01: +0,0.696,47
Mar 07 2015 01: +0,0.677,39
Mar 08 2015 01: +0,0.846,34
Mar 09 2015 01: +0,0.702,21
Mar 10 2015 01: +0,0.83,23
Mar 11 2015 01: +0,0.692,6
Mar 12 2015 01: +0,0.689,16
Mar 13 2015 01: +0,0.724,33
Mar 14 2015 01: +0,0.801,36
Mar 15 2015 01: +0,0.66,38
Mar 16 2015 01: +0,0.637,27
Mar 17 2015 01: +0,0.735,42
Mar 18 2015 01: +0,0.788,25
Mar 19 2015 01: +0,0.803,13
Mar 20 2015 01: +0,0.757,31
Mar 21 2015 01: +0,0.815,32
Mar 22 2015 01: +0,0.809,23
Mar 23 2015 01: +0,0.658,33
Mar 24 2015 01: +0,0.865,21
Mar 25 2015 01: +0,0.838,5
Mar 26 2015 01: +0,0.714,12
Mar 27 2015 01: +0,0.777,19
Mar 28 2015 01: +0,0.812,21
Mar 29 2015 01: +0,0.881,23
Mar 30 2015 01: +0,0.741,7
Mar 31 2015 01: +0,0.73,10
Apr 01 2015 01: +0,0.74,43
Apr 02 2015 01: +0,0.967,29
Apr 03 2015 01: +0,1.05,24
Apr 04 2015 01: +0,1.044,8
Apr 05 2015 01: +0,1.011,12
Apr 06 2015 01: +0,1.148,23
Apr 07 2015 01: +0,1.398,19
Apr 08 2015 01: +0,1.112,13
Apr 09 2015 01: +0,1.188,27
Apr 10 2015 01: +0,1.335,8
Apr 11 2015 01: +0,1.091,16
Apr 12 2015 01: +0,0.931,12
Apr 13 2015 01: +0,1.212,16
Apr 14 2015 01: +0,0.999,10
Apr 15 2015 01: +0,1.222,10
Apr 16 2015 01: +0,0.849,4
Apr 17 2015 01: +0,0.973,19
Apr 18 2015 01: +0,0.903,21
Apr 19 2015 01: +0,0.875,18
Apr 20 2015 01: +0,0.881,8
Apr 21 2015 01: +0,0.717,12
Apr 22 2015 01: +0,0.738,11
Apr 23 2015 01: +0,0.637,4
Apr 24 2015 01: +0,0.807,18
Apr 25 2015 01: +0,0.82,21
Apr 26 2015 01: +0,0.955,21
Apr 27 2015 01: +0,0.89,10
Apr 28 2015 01: +0,0.901,12
Apr 29 2015 01: +0,1.028,4
Apr 30 2015 01: +0,0.967,3
May 01 2015 01: +0,0.88,8
May 02 2015 01: +0,0.744,10
May 03 2015 01: +0,0.894,14
May 04 2015 01: +0,0.75,8
May 05 2015 01: +0,0.881,15
May 06 2015 01: +0,0.917,17
May 07 2015 01: +0,0.9,11
May 08 2015 01: +0,0.963,3
May 09 2015 01: +0,0.762,9
May 10 2015 01: +0,0.739,8
May 11 2015 01: +0,0.742,8
May 12 2015 01: +0,0.856,12
May 13 2015 01: +0,0.824,6
May 14 2015 01: +0,0.855,21
May 15 2015 01: +0,1.053,7
May 16 2015 01: +0,0.776,9
May 17 2015 01: +0,0.806,19
May 18 2015 01: +0,0.973,2
May 19 2015 01: +0,0.911,4
May 20 2015 01: +0,0.927,6
May 21 2015 01: +0,1.2,1
May 22 2015 01: +0,0.822,7
May 23 2015 01: +0,0.944,8
May 24 2015 01: +0,0.814,10
May 25 2015 01: +0,0.779,4
May 26 2015 01: +0,0.74,10
May 27 2015 01: +0,0.634,9
May 28 2015 01: +0,0.643,5
May 29 2015 01: +0,0.652,2
May 30 2015 01: +0,0.655,6
May 31 2015 01: +0,0.669,6
Jun 01 2015 01: +0,0.74,5
Jun 02 2015 01: +0,0.736,13
Jun 03 2015 01: +0,0.649,4
Jun 04 2015 01: +0,0.703,6
Jun 05 2015 01: +0,0.762,15
Jun 06 2015 01: +0,0.643,5
Jun 07 2015 01: +0,0.712,4
Jun 08 2015 01: +0,0.801,5
Jun 09 2015 01: +0,0.802,2
Jun 10 2015 01: +0,0.537,13
Jun 11 2015 01: +0,0.68,9
Jun 12 2015 01: +0,0.643,1
Jun 13 2015 01: +0,0.674,10
Jun 14 2015 01: +0,0.533,14
Jun 15 2015 01: +0,0.666,4
Jun 16 2015 01: +0,0.573,43
Jun 17 2015 01: +0,0.644,39
Jun 18 2015 01: +0,0.668,9
Jun 19 2015 01: +0,0.634,9
Jun 20 2015 01: +0,0.62,9
Jun 21 2015 01: +0,0.565,7
Jun 22 2015 01: +0,0.561,13
Jun 23 2015 01: +0,0.628,10
Jun 24 2015 01: +0,0.627,11
Jun 25 2015 01: +0,0.896,15
Jun 26 2015 01: +0,1.094,4
Jun 27 2015 01: +0,0.858,5
Jun 28 2015 01: +0,0.878,4
Jun 29 2015 01: +0,0.716,16
Jun 30 2015 01: +0,0.969,7
Jul 01 2015 01: +0,0.684,7
Jul 02 2015 01: +0,0.783,21
Jul 03 2015 01: +0,0.811,26
Jul 04 2015 01: +0,0.88,24
Jul 05 2015 01: +0,1.014,7
Jul 06 2015 01: +0,0.611,21
Jul 07 2015 01: +0,0.831,5
Jul 08 2015 01: +0,0.831,17
Jul 09 2015 01: +0,0.815,8
Jul 10 2015 01: +0,0.946,2
Jul 11 2015 01: +0,0.863,14
Jul 12 2015 01: +0,0.875,6
Jul 13 2015 01: +0,0.988,7
Jul 14 2015 01: +0,1.01,11
Jul 15 2015 01: +0,1.29,1
Jul 17 2015 01: +0,0.967,5
Jul 18 2015 01: +0,1.08,3
Jul 19 2015 01: +0,0.866,3
Jul 20 2015 01: +0,0.884,5
Jul 21 2015 01: +0,0.863,16
Jul 22 2015 01: +0,0.83,8
Jul 23 2015 01: +0,0.933,3
Jul 24 2015 01: +0,0.936,3
Jul 25 2015 01: +0,1.092,1
Jul 26 2015 01: +0,0.953,2
Jul 27 2015 01: +0,0.878,5
Jul 28 2015 01: +0,0.763,9
Jul 29 2015 01: +0,1.053,13
Jul 30 2015 01: +0,0.857,9
Jul 31 2015 01: +0,1.052,4
Aug 01 2015 01: +0,0.9,2
Aug 02 2015 01: +0,0.929,9
Aug 03 2015 01: +0,1.171,2
Aug 04 2015 01: +0,1.165,5
Aug 05 2015 01: +0,0.811,7
Aug 06 2015 01: +0,1.163,14
Aug 07 2015 01: +0,1.153,3
Aug 08 2015 01: +0,1.115,2
Aug 09 2015 01: +0,1.098,2
Aug 10 2015 01: +0,1.04,3
Aug 11 2015 01: +0,1.017,6
Aug 12 2015 01: +0,0.946,1
Aug 13 2015 01: +0,1.326,14
Aug 14 2015 01: +0,1.498,2
Aug 15 2015 01: +0,0.97,2
Aug 16 2015 01: +0,1.093,8
Aug 17 2015 01: +0,1.1,1
Aug 18 2015 01: +0,1.07,1
Aug 19 2015 01: +0,1.282,4
Aug 20 2015 01: +0,1.304,2
Aug 21 2015 01: +0,0.921,2
Aug 22 2015 01: +0,1.152,2
Aug 23 2015 01: +0,0.841,5
Aug 24 2015 01: +0,0.722,3
Aug 25 2015 01: +0,0.772,11
Aug 26 2015 01: +0,1.041,7
Aug 27 2015 01: +0,1.191,1
Aug 28 2015 01: +0,1.015,14
Aug 29 2015 01: +0,1.235,4
Aug 30 2015 01: +0,0.871,6
Aug 31 2015 01: +0,1.353,2
Sep 01 2015 01: +0,1.197,4
Sep 02 2015 01: +0,1.145,1
Sep 03 2015 01: +0,0.924,4
Sep 04 2015 01: +0,0.979,8
Sep 05 2015 01: +0,1.093,13
Sep 06 2015 01: +0,1.112,3
Sep 07 2015 01: +0,1.224,1
Sep 08 2015 01: +0,1.03,2
Sep 09 2015 01: +0,0.79,1
Sep 10 2015 01: +0,0.973,3
Sep 11 2015 01: +0,1.021,11
Sep 12 2015 01: +0,1.198,14
Sep 13 2015 01: +0,1.225,10
Sep 14 2015 01: +0,1.121,3
Sep 15 2015 01: +0,1.117,1
Sep 16 2015 01: +0,1.398,16
Sep 17 2015 01: +0,1.719,12
Sep 18 2015 01: +0,0.964,5
Sep 19 2015 01: +0,1.186,3
Sep 20 2015 01: +0,0.982,6
Sep 21 2015 01: +0,1.107,7
Sep 22 2015 01: +0,1.212,5
Sep 23 2015 01: +0,1.21,10
Sep 24 2015 01: +0,1.267,1
Sep 25 2015 01: +0,1.416,11
Sep 26 2015 01: +0,1.704,12
Sep 27 2015 01: +0,1.677,6
Sep 28 2015 01: +0,1.523,5
Sep 29 2015 01: +0,1.26,3
Sep 30 2015 01: +0,1.417,4
Oct 01 2015 01: +0,1.696,8
Oct 03 2015 01: +0,1.685,5
Oct 04 2015 01: +0,1.604,5
Oct 05 2015 01: +0,1.81,8
Oct 06 2015 01: +0,1.92,1
Oct 07 2015 01: +0,1.925,3
Oct 08 2015 01: +0,1.805,3
Oct 09 2015 01: +0,1.823,5
Oct 10 2015 01: +0,1.95,1
Oct 11 2015 01: +0,1.605,5
Oct 12 2015 01: +0,1.319,1
Oct 13 2015 01: +0,1.78,1
Oct 14 2015 01: +0,1.123,2
Oct 15 2015 01: +0,1.57,2
Oct 16 2015 01: +0,1.556,8
Oct 17 2015 01: +0,1.44,12
Oct 18 2015 01: +0,1.425,3
Oct 19 2015 01: +0,1.677,5
Oct 20 2015 01: +0,1.722,2
Oct 21 2015 01: +0,1.667,1
Oct 23 2015 01: +0,1.53,1
Oct 24 2015 01: +0,1.287,7
Oct 25 2015 01: +0,1.467,6
Oct 26 2015 01: +0,1.54,1
Oct 27 2015 01: +0,1.282,7
Oct 28 2015 01: +0,1.282,4
Oct 29 2015 01: +0,1.532,1
Oct 30 2015 01: +0,1.338,3
Oct 31 2015 01: +0,1.367,10
Nov 01 2015 01: +0,1.461,5
Nov 02 2015 01: +0,1.088,2
Nov 03 2015 01: +0,1.196,3
Nov 04 2015 01: +0,1.047,6
Nov 05 2015 01: +0,1.199,12
Nov 06 2015 01: +0,1.563,4
Nov 07 2015 01: +0,1.691,2
Nov 08 2015 01: +0,1.52,4
Nov 12 2015 01: +0,1.287,1
Nov 13 2015 01: +0,1.54,1
Nov 14 2015 01: +0,1.373,4
Nov 15 2015 01: +0,1.538,16
Nov 16 2015 01: +0,1.702,3
Nov 18 2015 01: +0,1.408,3
Nov 19 2015 01: +0,0.917,3
Nov 20 2015 01: +0,1.544,5
Nov 21 2015 01: +0,1.11,8
Nov 22 2015 01: +0,1.204,1
Nov 23 2015 01: +0,1.069,2
Nov 24 2015 01: +0,1.231,11
Nov 25 2015 01: +0,1.204,5
Nov 26 2015 01: +0,1.176,1
Nov 29 2015 01: +0,1.314,5
Nov 30 2015 01: +0,1.342,2
Dec 01 2015 01: +0,0.954,7
Dec 02 2015 01: +0,1.406,10
Dec 04 2015 01: +0,1.526,9
Dec 05 2015 01: +0,1.826,7
Dec 06 2015 01: +0,2.057,7
Dec 07 2015 01: +0,1.852,1
Dec 08 2015 01: +0,1.243,1
Dec 09 2015 01: +0,1.663,5
Dec 10 2015 01: +0,1.79,3
Dec 11 2015 01: +0,1.143,1
Dec 12 2015 01: +0,1.603,4
Dec 13 2015 01: +0,1.965,6
Dec 15 2015 01: +0,1.79,7
Dec 16 2015 01: +0,2.135,3
Dec 17 2015 01: +0,2.036,1
Dec 18 2015 01: +0,2.491,1
Dec 19 2015 01: +0,1.979,2
Dec 20 2015 01: +0,1.97,1
Dec 21 2015 01: +0,1.725,1
Dec 22 2015 01: +0,1.425,4
Dec 23 2015 01: +0,1.161,1
Dec 24 2015 01: +0,1.635,3
Dec 25 2015 01: +0,1.328,5
Dec 26 2015 01: +0,1.467,8
Dec 27 2015 01: +0,1.582,8
Dec 28 2015 01: +0,1.984,4
Dec 29 2015 01: +0,1.678,6
Dec 30 2015 01: +0,1.57,5
Dec 31 2015 01: +0,1.669,5
Jan 01 2016 01: +0,1.956,1
Jan 02 2016 01: +0,1.97,2
Jan 03 2016 01: +0,1.96,1
Jan 04 2016 01: +0,1.82,2
Jan 05 2016 01: +0,1.623,3
Jan 06 2016 01: +0,1.97,1
Jan 07 2016 01: +0,1.5,1
Jan 09 2016 01: +0,1.551,6
Jan 10 2016 01: +0,1.747,4
Jan 11 2016 01: +0,1.847,1
Jan 12 2016 01: +0,1.15,1
Jan 13 2016 01: +0,1.845,2
Jan 14 2016 01: +0,1.687,3
Jan 15 2016 01: +0,1.684,2
Jan 16 2016 01: +0,1.476,5
Jan 17 2016 01: +0,1.622,5
Jan 18 2016 01: +0,1.038,3
Jan 19 2016 01: +0,1.664,18
Jan 20 2016 01: +0,1.514,3
Jan 21 2016 01: +0,2.119,2
Jan 23 2016 01: +0,1.597,8
Jan 24 2016 01: +0,2.015,2
Jan 27 2016 01: +0,1.85,1
Jan 28 2016 01: +0,1.503,1
Jan 29 2016 01: +0,2.068,11
Jan 31 2016 01: +0,1.785,2
Feb 02 2016 01: +0,1.8,1
Feb 03 2016 01: +0,1.908,1
Feb 04 2016 01: +0,2.07,2
Feb 05 2016 01: +0,1.99,1
Feb 06 2016 01: +0,1.739,2
Feb 07 2016 01: +0,1.703,5
Feb 08 2016 01: +0,1.549,5
Feb 09 2016 01: +0,1.465,3
Feb 10 2016 01: +0,1.52,4
Feb 11 2016 01: +0,1.506,2
Feb 12 2016 01: +0,1.503,6
Feb 13 2016 01: +0,1.669,2
Feb 14 2016 01: +0,1.479,2
Feb 15 2016 01: +0,1.502,5
Feb 16 2016 01: +0,1.761,5
Feb 18 2016 01: +0,1.291,6
Feb 19 2016 01: +0,1.866,13
Feb 20 2016 01: +0,1.693,3
Feb 21 2016 01: +0,1.567,3
Feb 22 2016 01: +0,2.22,1
Feb 23 2016 01: +0,1.33,1
Feb 24 2016 01: +0,1.527,3
Feb 25 2016 01: +0,1.644,2
Feb 26 2016 01: +0,1.79,1
Feb 27 2016 01: +0,1.694,4
Feb 28 2016 01: +0,1.88,1
Feb 29 2016 01: +0,1.151,1
Mar 01 2016 01: +0,2.099,1
Mar 02 2016 01: +0,2.08,1
Mar 03 2016 01: +0,1.56,3
Mar 04 2016 01: +0,1.928,2
Mar 05 2016 01: +0,2.028,4
Mar 06 2016 01: +0,2.083,11
Mar 07 2016 01: +0,2.217,3
Mar 08 2016 01: +0,2.165,2
Mar 09 2016 01: +0,2.239,4
Mar 10 2016 01: +0,2.188,1
Mar 11 2016 01: +0,2.101,2
Mar 12 2016 01: +0,2.231,5
Mar 13 2016 01: +0,2.279,1
Mar 15 2016 01: +0,2.34,2
Mar 16 2016 01: +0,2.44,1
Mar 18 2016 01: +0,2.49,2
Mar 20 2016 01: +0,2.49,1
Mar 21 2016 01: +0,2.309,2
Mar 22 2016 01: +0,2.98,7
Mar 25 2016 01: +0,2.434,1
Mar 26 2016 01: +0,2.684,5
Mar 27 2016 01: +0,2.471,4
Mar 29 2016 01: +0,2.043,4
Mar 31 2016 01: +0,2.044,5
Apr 02 2016 01: +0,1.993,4
Apr 03 2016 01: +0,1.74,3
Apr 04 2016 01: +0,1.825,2
Apr 05 2016 01: +0,1.947,7
Apr 06 2016 01: +0,2.402,3
Apr 07 2016 01: +0,2.479,2
Apr 08 2016 01: +0,2.497,2
Apr 09 2016 01: +0,6.781,2
Apr 10 2016 01: +0,2.405,2
Apr 11 2016 01: +0,2.399,4
Apr 12 2016 01: +0,2.59,1
Apr 13 2016 01: +0,2.3,4
Apr 14 2016 01: +0,2.45,2
Apr 15 2016 01: +0,2.599,1
Apr 16 2016 01: +0,2.692,1
Apr 18 2016 01: +0,2.115,7
Apr 19 2016 01: +0,2.274,1
Apr 21 2016 01: +0,2.725,3
Apr 24 2016 01: +0,2.97,1
Apr 25 2016 01: +0,2.322,2
Apr 26 2016 01: +0,2.065,2
Apr 27 2016 01: +0,2.266,1
Apr 28 2016 01: +0,1.979,2
Apr 29 2016 01: +0,2.342,1
May 01 2016 01: +0,1.469,4
May 02 2016 01: +0,1.915,7
May 03 2016 01: +0,3.174,14
May 06 2016 01: +0,3.151,1
May 08 2016 01: +0,2.806,3
May 10 2016 01: +0,3.08,1
May 11 2016 01: +0,2.8,3
May 12 2016 01: +0,3.08,1
May 13 2016 01: +0,2.861,2
May 15 2016 01: +0,2.024,1
May 16 2016 01: +0,2.497,3
May 18 2016 01: +0,2.82,1
May 20 2016 01: +0,2.65,1
May 21 2016 01: +0,2.31,1
May 23 2016 01: +0,2.033,2
May 24 2016 01: +0,1.926,3
May 25 2016 01: +0,2,2
May 26 2016 01: +0,2.345,2
May 27 2016 01: +0,2.132,4
May 29 2016 01: +0,2.73,1
May 30 2016 01: +0,2.23,1
May 31 2016 01: +0,2.454,1
Jun 02 2016 01: +0,2.451,1
Jun 04 2016 01: +0,2.441,4
Jun 05 2016 01: +0,2.134,2
Jun 06 2016 01: +0,2.176,6
Jun 07 2016 01: +0,2.26,6
Jun 08 2016 01: +0,2.444,3
Jun 09 2016 01: +0,2.315,1
Jun 11 2016 01: +0,2.3,2
Jun 12 2016 01: +0,2.526,3
Jun 14 2016 01: +0,2.25,2
Jun 16 2016 01: +0,2.075,1
Jun 17 2016 01: +0,2.243,2
Jun 18 2016 01: +0,2.271,3
Jun 19 2016 01: +0,2.106,2
Jun 20 2016 01: +0,2.246,1
Jun 21 2016 01: +0,2.25,1
Jun 22 2016 01: +0,2.18,2
Jun 24 2016 01: +0,1.924,3
Jun 25 2016 01: +0,2.013,4
Jun 26 2016 01: +0,2.078,4
Jun 27 2016 01: +0,2.231,7
Jun 28 2016 01: +0,1.554,4
Jun 29 2016 01: +0,1.919,2
Jun 30 2016 01: +0,1.904,2
Jul 01 2016 01: +0,1.99,1
Jul 02 2016 01: +0,2.14,1
Jul 04 2016 01: +0,0.714,1
Jul 05 2016 01: +0,1.798,2
Jul 06 2016 01: +0,1.95,1
Jul 07 2016 01: +0,1.95,7
Jul 08 2016 01: +0,2.192,1
Jul 09 2016 01: +0,2.282,3
Jul 10 2016 01: +0,2.054,3
Jul 11 2016 01: +0,1.948,4
Jul 12 2016 01: +0,2.171,3
Jul 14 2016 01: +0,2.11,1
Jul 16 2016 01: +0,2.028,6
Jul 17 2016 01: +0,2.068,2
Jul 18 2016 01: +0,2.454,1
Jul 19 2016 01: +0,2.73,1
Jul 21 2016 01: +0,1.968,2
Jul 22 2016 01: +0,1.997,3
Jul 23 2016 01: +0,2.163,3
Jul 24 2016 01: +0,1.997,1
Jul 25 2016 01: +0,1.9,1
Jul 26 2016 01: +0,1.93,2
Jul 27 2016 01: +0,2.016,2
Jul 28 2016 01: +0,1.848,3
Jul 29 2016 01: +0,1.781,5
Jul 30 2016 01: +0,1.957,3
Jul 31 2016 01: +0,2.23,1
Aug 01 2016 01: +0,2,1
Aug 02 2016 01: +0,2.07,1
Aug 03 2016 01: +0,1.867,2
Aug 04 2016 01: +0,2.1,1
Aug 05 2016 01: +0,2.204,1
Aug 06 2016 01: +0,2.554,2
Aug 07 2016 01: +0,1.926,2
Aug 08 2016 01: +0,2.516,1
Aug 09 2016 01: +0,2.584,2
Aug 12 2016 01: +0,2.316,3
Aug 13 2016 01: +0,1.74,1
Aug 19 2016 01: +0,1.754,1
Aug 25 2016 01: +0,1.572,5
Aug 26 2016 01: +0,1.25,3
Aug 27 2016 01: +0,1.43,3
Aug 29 2016 01: +0,1.909,2
Aug 31 2016 01: +0,1.92,2
Sep 01 2016 01: +0,1.483,3
Sep 02 2016 01: +0,1.438,2
Sep 03 2016 01: +0,1.898,2
Sep 05 2016 01: +0,1.89,1
Sep 06 2016 01: +0,1.792,2
Sep 07 2016 01: +0,1.35,1
Sep 08 2016 01: +0,1.819,1
Sep 09 2016 01: +0,1.785,1
Sep 10 2016 01: +0,2,1
Sep 12 2016 01: +0,1.779,1
Sep 13 2016 01: +0,1.693,1
Sep 14 2016 01: +0,1.65,1
Sep 16 2016 01: +0,1.633,4
Sep 17 2016 01: +0,1.66,2
Sep 18 2016 01: +0,1.62,1
Sep 19 2016 01: +0,1.572,1
Sep 20 2016 01: +0,1.643,1
Sep 21 2016 01: +0,1.666,2
Sep 22 2016 01: +0,1.717,3
Sep 23 2016 01: +0,1.869,3
Sep 25 2016 01: +0,2.143,1
Sep 26 2016 01: +0,2.247,1
Sep 27 2016 01: +0,1.93,2
Sep 28 2016 01: +0,1.607,2
Sep 30 2016 01: +0,1.97,1
Oct 01 2016 01: +0,1.61,1
Oct 02 2016 01: +0,2.528,1
Oct 03 2016 01: +0,1.13,1
Oct 04 2016 01: +0,1.443,4
Oct 05 2016 01: +0,1.848,3
Oct 07 2016 01: +0,1.897,1
Oct 09 2016 01: +0,1.45,1
Oct 10 2016 01: +0,1.116,1
Oct 13 2016 01: +0,1.64,1
Oct 14 2016 01: +0,1.541,3
Oct 15 2016 01: +0,1.64,1
Oct 18 2016 01: +0,1.59,2
Oct 21 2016 01: +0,1.137,3
Oct 24 2016 01: +0,1.563,1
Oct 25 2016 01: +0,1.577,1
Oct 26 2016 01: +0,1.42,1
Oct 27 2016 01: +0,0.81,1
Oct 28 2016 01: +0,1.347,2
Oct 29 2016 01: +0,1.127,1
Oct 31 2016 01: +0,1.2,3
Nov 01 2016 01: +0,1.335,4
Nov 04 2016 01: +0,1.483,2
Nov 06 2016 01: +0,1.581,3
Nov 07 2016 01: +0,1.275,2
Nov 08 2016 01: +0,1.405,2
Nov 09 2016 01: +0,1.519,2
Nov 10 2016 01: +0,1.568,1
Nov 11 2016 01: +0,1.915,1
Nov 12 2016 01: +0,1.88,2
Nov 13 2016 01: +0,1.518,3
Nov 14 2016 01: +0,1.718,2
Nov 16 2016 01: +0,2.316,1
Nov 19 2016 01: +0,1.07,1
Nov 20 2016 01: +0,2.13,1
Nov 21 2016 01: +0,1.76,1
Nov 22 2016 01: +0,1.806,1
Nov 23 2016 01: +0,2.344,2
Nov 24 2016 01: +0,1.464,2
Nov 26 2016 01: +0,1.896,1
Nov 27 2016 01: +0,1.907,1
Nov 29 2016 01: +0,2.015,3
Nov 30 2016 01: +0,2.07,1
Dec 03 2016 01: +0,1.827,3
Dec 04 2016 01: +0,1.733,1
Dec 05 2016 01: +0,2.123,1
Dec 07 2016 01: +0,1.85,1
Dec 09 2016 01: +0,1.986,5
Dec 10 2016 01: +0,2.02,1
Dec 11 2016 01: +0,1.61,1
Dec 13 2016 01: +0,1.49,1
Dec 15 2016 01: +0,1.912,1
Dec 17 2016 01: +0,1.886,1
Dec 19 2016 01: +0,1.918,1
Dec 20 2016 01: +0,1.95,1
Dec 21 2016 01: +0,2.052,2
Dec 22 2016 01: +0,1.742,4
Dec 25 2016 01: +0,1.96,1
Dec 26 2016 01: +0,1.968,2
Dec 27 2016 01: +0,1.694,2
Dec 28 2016 01: +0,1.963,1
Dec 29 2016 01: +0,1.44,1
Dec 30 2016 01: +0,1.933,3
Dec 31 2016 01: +0,1.795,2
Jan 01 2017 01: +0,1.817,1
Jan 02 2017 01: +0,1.592,2
Jan 03 2017 01: +0,1.737,2
Jan 05 2017 01: +0,1.45,2
Jan 06 2017 01: +0,1.98,3
Jan 09 2017 01: +0,1.99,1
Jan 11 2017 01: +0,1.852,1
Jan 12 2017 01: +0,1.24,1
Jan 13 2017 01: +0,1.746,1
Jan 14 2017 01: +0,2.04,3
Jan 15 2017 01: +0,1.284,1
Jan 18 2017 01: +0,1.929,2
Jan 19 2017 01: +0,1.29,1
Jan 22 2017 01: +0,2.01,1
Jan 23 2017 01: +0,1.927,1
Jan 24 2017 01: +0,2.366,3
Jan 25 2017 01: +0,2.445,1
Jan 26 2017 01: +0,2.413,1
Jan 28 2017 01: +0,1.749,2
Jan 29 2017 01: +0,2.245,3
Jan 30 2017 01: +0,3.08,1
Feb 02 2017 01: +0,2.999,1
Feb 03 2017 01: +0,1.87,1
Feb 04 2017 01: +0,1.83,2
Feb 05 2017 01: +0,2.935,2
Feb 06 2017 01: +0,3.46,1
Feb 08 2017 01: +0,3.001,1
Feb 09 2017 01: +0,3.874,1
Feb 16 2017 01: +0,2.131,2
Feb 19 2017 01: +0,2.143,1
Feb 20 2017 01: +0,2.69,1
Feb 24 2017 01: +0,2.91,1
Feb 25 2017 01: +0,2.926,1
Feb 26 2017 01: +0,2.92,1
Feb 28 2017 01: +0,2.292,2
Mar 01 2017 01: +0,1.45,1
Mar 02 2017 01: +0,1.78,1
Mar 03 2017 01: +0,2.088,2
Mar 05 2017 01: +0,2.47,2
Mar 11 2017 01: +0,2.1,1
Mar 17 2017 01: +0,2.113,2
Mar 18 2017 01: +0,2.205,2
Mar 22 2017 01: +0,1.91,7
Mar 24 2017 01: +0,2.235,1
Mar 25 2017 01: +0,2.731,1
Mar 26 2017 01: +0,2.731,1
Mar 27 2017 01: +0,2.767,1
Mar 28 2017 01: +0,2.012,1
Mar 30 2017 01: +0,2.292,1
Mar 31 2017 01: +0,2.154,2
Apr 01 2017 01: +0,2.794,2
Apr 03 2017 01: +0,2.282,1
Apr 04 2017 01: +0,2.299,1
Apr 06 2017 01: +0,2.15,1
Apr 07 2017 01: +0,2.01,2
Apr 08 2017 01: +0,2.045,2
Apr 09 2017 01: +0,1.404,1
Apr 10 2017 01: +0,1.5,1
Apr 11 2017 01: +0,1.96,1
Apr 15 2017 01: +0,1.978,1
Apr 16 2017 01: +0,1.986,1
Apr 17 2017 01: +0,2.283,1
Apr 19 2017 01: +0,1.966,2
Apr 20 2017 01: +0,4,1
Apr 22 2017 01: +0,2,3
Apr 23 2017 01: +0,1.801,2
Apr 25 2017 01: +0,2.31,1
Apr 28 2017 01: +0,2.08,1
Apr 29 2017 01: +0,1.924,2
May 02 2017 01: +0,2.32,1
May 03 2017 01: +0,10,1
May 04 2017 01: +0,1.38,1
May 05 2017 01: +0,2.27,2
May 06 2017 01: +0,2.08,1
May 07 2017 01: +0,2.182,1
May 08 2017 01: +0,2.16,2
May 09 2017 01: +0,2.26,1
May 10 2017 01: +0,2.1,2
May 12 2017 01: +0,1.77,1
May 13 2017 01: +0,2.201,2
May 15 2017 01: +0,1.64,1
May 16 2017 01: +0,1.889,3
May 18 2017 01: +0,1.69,1
May 19 2017 01: +0,1.665,3
May 20 2017 01: +0,1.985,2
May 21 2017 01: +0,2.055,2
May 22 2017 01: +0,1.905,2
May 24 2017 01: +0,1.628,3
May 25 2017 01: +0,1.734,2
May 27 2017 01: +0,1.41,1
May 28 2017 01: +0,1.62,1
May 30 2017 01: +0,1.838,2
Jun 01 2017 01: +0,1.958,2
Jun 03 2017 01: +0,1.927,5
Jun 06 2017 01: +0,2.25,1
Jun 07 2017 01: +0,2.26,1
Jun 08 2017 01: +0,2.261,1
Jun 09 2017 01: +0,2.201,4
Jun 13 2017 01: +0,2.261,1
Jun 14 2017 01: +0,2.639,2
Jun 15 2017 01: +0,2.329,1
Jun 16 2017 01: +0,2.195,2
Jun 18 2017 01: +0,1.7,1
Jun 19 2017 01: +0,1.964,3
Jun 20 2017 01: +0,2.43,1
Jun 23 2017 01: +0,2.443,1
Jun 26 2017 01: +0,2.59,3
Jul 01 2017 01: +0,2.49,1
Jul 02 2017 01: +0,2.438,1
Jul 05 2017 01: +0,2.233,1
Jul 07 2017 01: +0,2.218,1
Jul 08 2017 01: +0,1.64,1
Jul 09 2017 01: +0,2.196,1
Jul 11 2017 01: +0,2.487,1
Jul 17 2017 01: +0,2.16,1
Jul 18 2017 01: +0,1.987,1
Jul 19 2017 01: +0,1.86,1
Jul 21 2017 01: +0,1.92,1
Jul 24 2017 01: +0,2.224,2
Jul 25 2017 01: +0,1.21,2
Jul 26 2017 01: +0,2.108,3
Jul 27 2017 01: +0,1.94,11
Jul 30 2017 01: +0,2.155,2
Aug 02 2017 01: +0,2.23,3
Aug 03 2017 01: +0,2.378,1
Aug 05 2017 01: +0,2.551,3
Aug 06 2017 01: +0,2.286,2
Aug 08 2017 01: +0,2.397,1
Aug 09 2017 01: +0,2.012,1
Aug 10 2017 01: +0,2.374,1
Aug 13 2017 01: +0,2.076,1
Aug 14 2017 01: +0,2.348,1
Aug 19 2017 01: +0,2.3,2
Aug 21 2017 01: +0,1.665,2
Aug 22 2017 01: +0,2.3,1
Aug 23 2017 01: +0,2.391,1
Aug 26 2017 01: +0,2.057,1
Sep 03 2017 01: +0,2.422,2
Sep 04 2017 01: +0,2.42,1
Sep 08 2017 01: +0,2.196,2
Sep 09 2017 01: +0,2.119,3
Sep 10 2017 01: +0,2.323,3
Sep 12 2017 01: +0,2.427,1
Sep 13 2017 01: +0,1.99,1
Sep 15 2017 01: +0,1.476,2
Sep 17 2017 01: +0,2,3
Sep 19 2017 01: +0,1.939,3
Sep 20 2017 01: +0,2.219,1
Sep 21 2017 01: +0,2.106,1
Sep 22 2017 01: +0,2.548,1
Sep 24 2017 01: +0,2.266,2
Sep 25 2017 01: +0,2.487,1
Sep 30 2017 01: +0,1.148,1
Oct 08 2017 01: +0,1.21,1
Oct 09 2017 01: +0,2.1,1
Oct 14 2017 01: +0,2.424,1
Oct 17 2017 01: +0,2.691,1
Oct 22 2017 01: +0,2.35,3
Oct 23 2017 01: +0,2.46,1
Oct 25 2017 01: +0,2.226,2
Oct 26 2017 01: +0,2.7,1
Oct 27 2017 01: +0,2.837,9
Oct 29 2017 01: +0,2.529,3
Nov 03 2017 01: +0,2.86,1
Nov 07 2017 01: +0,2.662,1
Nov 13 2017 01: +0,2.23,1
Nov 18 2017 01: +0,3.01,3
Nov 19 2017 01: +0,3.139,2
Nov 20 2017 01: +0,2.7,3
Nov 24 2017 01: +0,2.588,1
Nov 25 2017 01: +0,2.73,1
Nov 26 2017 01: +0,1.564,2
Dec 04 2017 01: +0,4.227,4
Dec 07 2017 01: +0,2.698,1
Dec 11 2017 01: +0,2.748,5
Dec 16 2017 01: +0,3.082,2
Dec 17 2017 01: +0,5.651,1
Dec 18 2017 01: +0,2.264,1
Dec 19 2017 01: +0,2.833,1
Dec 20 2017 01: +0,2.73,1
Dec 22 2017 01: +0,3.358,1
Dec 24 2017 01: +0,2.417,1
Dec 26 2017 01: +0,4.15,1
Jan 03 2018 01: +0,3.534,1
Jan 05 2018 01: +0,3.384,1
Jan 07 2018 01: +0,2.88,1
Jan 08 2018 01: +0,3.36,1
Jan 09 2018 01: +0,2.799,1
Jan 10 2018 01: +0,3.305,8
Jan 11 2018 01: +0,3.73,1
Jan 12 2018 01: +0,3.473,4
Jan 14 2018 01: +0,3.87,4
Jan 16 2018 01: +0,4.02,1
Jan 17 2018 01: +0,4.173,2
Jan 20 2018 01: +0,3.619,1
Jan 22 2018 01: +0,3.893,2
Jan 27 2018 01: +0,4.646,1
Jan 31 2018 01: +0,2.3,1
Feb 02 2018 01: +0,3.508,1
Feb 04 2018 01: +0,3.54,1
Feb 05 2018 01: +0,4.07,1
Feb 09 2018 01: +0,4.06,1
Feb 10 2018 01: +0,3.991,3
Feb 11 2018 01: +0,3.801,1
Feb 12 2018 01: +0,4.087,1
Feb 13 2018 01: +0,4.106,1
Feb 14 2018 01: +0,3.972,2
Feb 15 2018 01: +0,4.507,3
Feb 17 2018 01: +0,4.628,3
Feb 20 2018 01: +0,4.554,1
Feb 22 2018 01: +0,3.88,1
Feb 24 2018 01: +0,3.45,1
Feb 25 2018 01: +0,4.556,3
Feb 27 2018 01: +0,4,1
Feb 28 2018 01: +0,4.925,2
Mar 01 2018 07: +0,4.954,1
Mar 01 2018 17: +0,5.014,1
Mar 05 2018 19: +0,5.297,1
Mar 07 2018 02: +0,5.106,1
Mar 10 2018 17: +0,5.359,1
Mar 11 2018 15: +0,4.618,1
Mar 11 2018 17: +0,4.713,1
Mar 11 2018 19: +0,4.04,1
Mar 12 2018 18: +0,4.04,1
Mar 13 2018 09: +0,4.714,2
Mar 13 2018 10: +0,4.923,1
Mar 14 2018 10: +0,4.957,1
Mar 16 2018 07: +0,5.008,2
Mar 17 2018 21: +0,4.889,1
Mar 17 2018 23: +0,4.945,1
Mar 18 2018 21: +0,4.28,1
Mar 19 2018 18: +0,5.261,2
Mar 20 2018 21: +0,4.43,1
Mar 26 2018 22: +0,4.48,1
Mar 28 2018 17: +0,5.185,1
