Dec 09 2015 01: +0,0.973,1534
Dec 10 2015 01: +0,0.657,1432
Dec 11 2015 01: +0,0.665,1286
Dec 12 2015 01: +0,0.604,1670
Dec 13 2015 01: +0,0.507,1691
Dec 14 2015 01: +0,0.477,1201
Dec 15 2015 01: +0,0.454,1215
Dec 16 2015 01: +0,0.442,1062
Dec 17 2015 01: +0,0.41,1038
Dec 18 2015 01: +0,0.386,1230
Dec 19 2015 01: +0,0.366,1330
Dec 20 2015 01: +0,0.323,1256
Dec 21 2015 01: +0,0.307,1186
Dec 22 2015 01: +0,0.317,1092
Dec 23 2015 01: +0,0.272,1307
Dec 24 2015 01: +0,0.271,1096
Dec 25 2015 01: +0,0.289,1131
Dec 26 2015 01: +0,0.309,1223
Dec 27 2015 01: +0,0.293,1368
Dec 28 2015 01: +0,0.294,1425
Dec 29 2015 01: +0,0.283,1405
Dec 30 2015 01: +0,0.286,1312
Dec 31 2015 01: +0,0.272,1319
Jan 01 2016 01: +0,0.26,1322
Jan 02 2016 01: +0,0.255,1389
Jan 03 2016 01: +0,0.24,1317
Jan 04 2016 01: +0,0.249,1234
Jan 05 2016 01: +0,0.28,1095
Jan 06 2016 01: +0,0.274,1073
Jan 07 2016 01: +0,0.268,1015
Jan 08 2016 01: +0,0.269,1102
Jan 09 2016 01: +0,0.274,1288
Jan 10 2016 01: +0,0.261,1171
Jan 11 2016 01: +0,0.255,926
Jan 12 2016 01: +0,0.259,881
Jan 13 2016 01: +0,0.253,890
Jan 14 2016 01: +0,0.25,883
Jan 15 2016 01: +0,0.251,1097
Jan 16 2016 01: +0,0.263,1241
Jan 17 2016 01: +0,0.253,1067
Jan 18 2016 01: +0,0.249,944
Jan 19 2016 01: +0,0.246,857
Jan 20 2016 01: +0,0.236,913
Jan 21 2016 01: +0,0.242,876
Jan 22 2016 01: +0,0.255,1000
Jan 23 2016 01: +0,0.257,1190
Jan 24 2016 01: +0,0.259,1146
Jan 25 2016 01: +0,0.273,920
Jan 26 2016 01: +0,0.271,927
Jan 27 2016 01: +0,0.269,898
Jan 28 2016 01: +0,0.268,933
Jan 29 2016 01: +0,0.256,1070
Jan 30 2016 01: +0,0.261,1154
Jan 31 2016 01: +0,0.26,1061
Feb 01 2016 01: +0,0.25,906
Feb 02 2016 01: +0,0.25,839
Feb 03 2016 01: +0,0.255,959
Feb 04 2016 01: +0,0.257,800
Feb 05 2016 01: +0,0.248,973
Feb 06 2016 01: +0,0.227,1258
Feb 07 2016 01: +0,0.219,1113
Feb 08 2016 01: +0,0.213,930
Feb 09 2016 01: +0,0.213,959
Feb 10 2016 01: +0,0.215,941
Feb 11 2016 01: +0,0.214,913
Feb 12 2016 01: +0,0.221,1034
Feb 13 2016 01: +0,0.233,1117
Feb 14 2016 01: +0,0.241,1140
Feb 15 2016 01: +0,0.241,966
Feb 16 2016 01: +0,0.244,883
Feb 17 2016 01: +0,0.241,833
Feb 18 2016 01: +0,0.195,1234
Feb 19 2016 01: +0,0.213,1205
Feb 20 2016 01: +0,0.228,1253
Feb 21 2016 01: +0,0.23,1203
Feb 22 2016 01: +0,0.228,978
Feb 23 2016 01: +0,0.23,985
Feb 24 2016 01: +0,0.227,940
Feb 25 2016 01: +0,0.229,983
Feb 26 2016 01: +0,0.228,1009
Feb 27 2016 01: +0,0.231,1287
Feb 28 2016 01: +0,0.233,871
Feb 29 2016 01: +0,0.226,932
Mar 01 2016 01: +0,0.23,873
Mar 02 2016 01: +0,0.221,827
Mar 03 2016 01: +0,0.214,961
Mar 04 2016 01: +0,0.215,1017
Mar 05 2016 01: +0,0.216,1157
Mar 06 2016 01: +0,0.21,1141
Mar 07 2016 01: +0,0.212,954
Mar 08 2016 01: +0,0.209,870
Mar 09 2016 01: +0,0.208,811
Mar 10 2016 01: +0,0.225,633
Mar 11 2016 01: +0,0.239,767
Mar 12 2016 01: +0,0.266,850
Mar 13 2016 01: +0,0.286,704
Mar 14 2016 01: +0,0.289,577
Mar 15 2016 01: +0,0.284,518
Mar 16 2016 01: +0,0.284,491
Mar 17 2016 01: +0,0.284,536
Mar 18 2016 01: +0,0.278,605
Mar 19 2016 01: +0,0.284,685
Mar 20 2016 01: +0,0.283,704
Mar 21 2016 01: +0,0.279,517
Mar 22 2016 01: +0,0.269,516
Mar 23 2016 01: +0,0.259,540
Mar 24 2016 01: +0,0.258,609
Mar 25 2016 01: +0,0.247,712
Mar 26 2016 01: +0,0.26,655
Mar 27 2016 01: +0,0.256,616
Mar 28 2016 01: +0,0.259,657
Mar 29 2016 01: +0,0.263,628
Mar 30 2016 01: +0,0.246,558
Mar 31 2016 01: +0,0.248,619
Apr 01 2016 01: +0,0.263,735
Apr 02 2016 01: +0,0.267,823
Apr 03 2016 01: +0,0.235,825
Apr 04 2016 01: +0,0.238,624
Apr 05 2016 01: +0,0.253,562
Apr 06 2016 01: +0,0.254,633
Apr 07 2016 01: +0,0.257,578
Apr 08 2016 01: +0,0.267,648
Apr 09 2016 01: +0,0.275,773
Apr 10 2016 01: +0,0.272,711
Apr 11 2016 01: +0,0.259,567
Apr 12 2016 01: +0,0.261,532
Apr 13 2016 01: +0,0.247,564
Apr 14 2016 01: +0,0.24,533
Apr 15 2016 01: +0,0.247,663
Apr 16 2016 01: +0,0.272,755
Apr 17 2016 01: +0,0.275,668
Apr 18 2016 01: +0,0.268,607
Apr 19 2016 01: +0,0.261,550
Apr 20 2016 01: +0,0.249,575
Apr 21 2016 01: +0,0.248,548
Apr 22 2016 01: +0,0.245,560
Apr 23 2016 01: +0,0.256,687
Apr 24 2016 01: +0,0.24,771
Apr 25 2016 01: +0,0.252,567
Apr 26 2016 01: +0,0.244,501
Apr 27 2016 01: +0,0.249,535
Apr 28 2016 01: +0,0.249,636
Apr 29 2016 01: +0,0.251,718
Apr 30 2016 01: +0,0.264,899
May 01 2016 01: +0,0.268,812
May 02 2016 01: +0,0.27,703
May 03 2016 01: +0,0.28,694
May 04 2016 01: +0,0.278,615
May 05 2016 01: +0,0.273,647
May 06 2016 01: +0,0.271,708
May 07 2016 01: +0,0.273,750
May 08 2016 01: +0,0.273,720
May 09 2016 01: +0,0.27,593
May 10 2016 01: +0,0.267,504
May 11 2016 01: +0,0.267,565
May 12 2016 01: +0,0.26,556
May 13 2016 01: +0,0.263,579
May 14 2016 01: +0,0.264,717
May 15 2016 01: +0,0.26,659
May 16 2016 01: +0,0.261,580
May 17 2016 01: +0,0.258,503
May 18 2016 01: +0,0.245,483
May 19 2016 01: +0,0.241,539
May 20 2016 01: +0,0.222,620
May 21 2016 01: +0,0.223,711
May 22 2016 01: +0,0.226,628
May 23 2016 01: +0,0.222,526
May 24 2016 01: +0,0.221,478
May 25 2016 01: +0,0.217,569
May 26 2016 01: +0,0.224,547
May 27 2016 01: +0,0.222,572
May 28 2016 01: +0,0.22,644
May 29 2016 01: +0,0.233,626
May 30 2016 01: +0,0.226,557
May 31 2016 01: +0,0.229,529
Jun 01 2016 01: +0,0.231,639
Jun 02 2016 01: +0,0.231,551
Jun 03 2016 01: +0,0.231,588
Jun 04 2016 01: +0,0.232,646
Jun 05 2016 01: +0,0.229,621
Jun 06 2016 01: +0,0.228,489
Jun 07 2016 01: +0,0.229,457
Jun 08 2016 01: +0,0.227,466
Jun 09 2016 01: +0,0.225,540
Jun 10 2016 01: +0,0.222,568
Jun 11 2016 01: +0,0.225,665
Jun 12 2016 01: +0,0.221,563
Jun 13 2016 01: +0,0.216,536
Jun 14 2016 01: +0,0.214,766
Jun 15 2016 01: +0,0.215,496
Jun 16 2016 01: +0,0.203,718
Jun 17 2016 01: +0,0.218,709
Jun 18 2016 01: +0,0.223,659
Jun 19 2016 01: +0,0.232,685
Jun 20 2016 01: +0,0.226,616
Jun 21 2016 01: +0,0.229,610
Jun 22 2016 01: +0,0.227,594
Jun 23 2016 01: +0,0.203,697
Jun 24 2016 01: +0,0.168,703
Jun 25 2016 01: +0,0.182,679
Jun 26 2016 01: +0,0.173,675
Jun 27 2016 01: +0,0.174,706
Jun 28 2016 01: +0,0.179,663
Jun 29 2016 01: +0,0.192,671
Jun 30 2016 01: +0,0.204,655
Jul 01 2016 01: +0,0.212,640
Jul 02 2016 01: +0,0.225,634
Jul 03 2016 01: +0,0.207,671
Jul 04 2016 01: +0,0.207,714
Jul 05 2016 01: +0,0.23,636
Jul 06 2016 01: +0,0.246,617
Jul 07 2016 01: +0,0.255,611
Jul 08 2016 01: +0,0.252,631
Jul 09 2016 01: +0,0.256,616
Jul 10 2016 01: +0,0.241,680
Jul 11 2016 01: +0,0.254,576
Jul 12 2016 01: +0,0.275,512
Jul 13 2016 01: +0,0.278,430
Jul 14 2016 01: +0,0.282,497
Jul 15 2016 01: +0,0.282,464
Jul 16 2016 01: +0,0.283,472
Jul 17 2016 01: +0,0.285,457
Jul 18 2016 01: +0,0.287,507
Jul 19 2016 01: +0,0.285,457
Jul 20 2016 01: +0,0.283,419
Jul 21 2016 01: +0,0.285,437
Jul 22 2016 01: +0,0.294,439
Jul 23 2016 01: +0,0.299,423
Jul 24 2016 01: +0,0.301,428
Jul 25 2016 01: +0,0.308,455
Jul 26 2016 01: +0,0.302,400
Jul 27 2016 01: +0,0.304,434
Jul 28 2016 01: +0,0.309,420
Jul 29 2016 01: +0,0.301,429
Jul 30 2016 01: +0,0.311,434
Jul 31 2016 01: +0,0.308,424
Aug 01 2016 01: +0,0.309,407
Aug 02 2016 01: +0,0.304,428
Aug 03 2016 01: +0,0.311,410
Aug 04 2016 01: +0,0.309,402
Aug 05 2016 01: +0,0.311,336
Aug 06 2016 01: +0,0.309,363
Aug 07 2016 01: +0,0.307,356
Aug 08 2016 01: +0,0.305,359
Aug 09 2016 01: +0,0.3,358
Aug 10 2016 01: +0,0.303,383
Aug 11 2016 01: +0,0.301,379
Aug 12 2016 01: +0,0.301,385
Aug 13 2016 01: +0,0.297,396
Aug 14 2016 01: +0,0.299,404
Aug 15 2016 01: +0,0.297,372
Aug 16 2016 01: +0,0.3,355
Aug 17 2016 01: +0,0.311,409
Aug 18 2016 01: +0,0.305,346
Aug 19 2016 01: +0,0.306,428
Aug 20 2016 01: +0,0.307,465
Aug 21 2016 01: +0,0.302,441
Aug 22 2016 01: +0,0.305,454
Aug 23 2016 01: +0,0.307,412
Aug 24 2016 01: +0,0.308,404
Aug 25 2016 01: +0,0.305,405
Aug 26 2016 01: +0,0.304,431
Aug 27 2016 01: +0,0.301,450
Aug 28 2016 01: +0,0.306,411
Aug 29 2016 01: +0,0.316,408
Aug 30 2016 01: +0,0.314,417
Aug 31 2016 01: +0,0.314,380
Sep 01 2016 01: +0,0.313,380
Sep 02 2016 01: +0,0.311,375
Sep 03 2016 01: +0,0.312,410
Sep 04 2016 01: +0,0.312,402
Sep 05 2016 01: +0,0.302,401
Sep 06 2016 01: +0,0.308,343
Sep 07 2016 01: +0,0.304,343
Sep 08 2016 01: +0,0.297,333
Sep 09 2016 01: +0,0.298,375
Sep 10 2016 01: +0,0.3,478
Sep 11 2016 01: +0,0.3,458
Sep 12 2016 01: +0,0.299,355
Sep 13 2016 01: +0,0.288,323
Sep 14 2016 01: +0,0.295,292
Sep 15 2016 01: +0,0.292,317
Sep 16 2016 01: +0,0.291,397
Sep 17 2016 01: +0,0.293,429
Sep 18 2016 01: +0,0.287,463
Sep 19 2016 01: +0,0.282,311
Sep 20 2016 01: +0,0.276,303
Sep 21 2016 01: +0,0.281,329
Sep 22 2016 01: +0,0.278,298
Sep 23 2016 01: +0,0.279,352
Sep 24 2016 01: +0,0.282,465
Sep 25 2016 01: +0,0.283,386
Sep 26 2016 01: +0,0.277,308
Sep 27 2016 01: +0,0.281,273
Sep 28 2016 01: +0,0.286,298
Sep 29 2016 01: +0,0.289,323
Sep 30 2016 01: +0,0.305,384
Oct 01 2016 01: +0,0.309,434
Oct 02 2016 01: +0,0.318,395
Oct 03 2016 01: +0,0.327,296
Oct 04 2016 01: +0,0.327,281
Oct 05 2016 01: +0,0.322,318
Oct 06 2016 01: +0,0.313,313
Oct 07 2016 01: +0,0.304,353
Oct 08 2016 01: +0,0.299,417
Oct 09 2016 01: +0,0.31,405
Oct 10 2016 01: +0,0.305,307
Oct 11 2016 01: +0,0.308,288
Oct 12 2016 01: +0,0.309,279
Oct 13 2016 01: +0,0.309,264
Oct 14 2016 01: +0,0.304,327
Oct 15 2016 01: +0,0.306,351
Oct 16 2016 01: +0,0.3,369
Oct 17 2016 01: +0,0.299,305
Oct 18 2016 01: +0,0.297,274
Oct 19 2016 01: +0,0.293,300
Oct 20 2016 01: +0,0.29,268
Oct 21 2016 01: +0,0.293,321
Oct 22 2016 01: +0,0.292,407
Oct 23 2016 01: +0,0.287,403
Oct 24 2016 01: +0,0.289,318
Oct 25 2016 01: +0,0.29,259
Oct 26 2016 01: +0,0.291,258
Oct 27 2016 01: +0,0.292,243
Oct 28 2016 01: +0,0.289,309
Oct 29 2016 01: +0,0.281,386
Oct 30 2016 01: +0,0.276,385
Oct 31 2016 01: +0,0.264,322
Nov 01 2016 01: +0,0.265,266
Nov 02 2016 01: +0,0.273,305
Nov 03 2016 01: +0,0.281,224
Nov 04 2016 01: +0,0.288,295
Nov 05 2016 01: +0,0.302,380
Nov 06 2016 01: +0,0.307,356
Nov 07 2016 01: +0,0.309,276
Nov 08 2016 01: +0,0.314,267
Nov 09 2016 01: +0,0.313,243
Nov 10 2016 01: +0,0.321,259
Nov 11 2016 01: +0,0.323,307
Nov 12 2016 01: +0,0.332,375
Nov 13 2016 01: +0,0.324,341
Nov 14 2016 01: +0,0.329,262
Nov 15 2016 01: +0,0.321,230
Nov 16 2016 01: +0,0.321,218
Nov 17 2016 01: +0,0.323,232
Nov 18 2016 01: +0,0.318,315
Nov 19 2016 01: +0,0.318,374
Nov 20 2016 01: +0,0.32,366
Nov 21 2016 01: +0,0.317,239
Nov 22 2016 01: +0,0.317,234
Nov 23 2016 01: +0,0.317,237
Nov 24 2016 01: +0,0.27,324
Nov 25 2016 01: +0,0.27,354
Nov 26 2016 01: +0,0.267,406
Nov 27 2016 01: +0,0.268,331
Nov 28 2016 01: +0,0.266,295
Nov 29 2016 01: +0,0.276,321
Nov 30 2016 01: +0,0.323,333
Dec 01 2016 01: +0,0.319,298
Dec 02 2016 01: +0,0.321,327
Dec 03 2016 01: +0,0.33,473
Dec 04 2016 01: +0,0.342,380
Dec 05 2016 01: +0,0.35,349
Dec 06 2016 01: +0,0.352,291
Dec 07 2016 01: +0,0.35,289
Dec 08 2016 01: +0,0.349,289
Dec 09 2016 01: +0,0.357,316
Dec 10 2016 01: +0,0.362,376
Dec 11 2016 01: +0,0.354,346
Dec 12 2016 01: +0,0.358,315
Dec 13 2016 01: +0,0.345,292
Dec 14 2016 01: +0,0.333,333
Dec 15 2016 01: +0,0.329,302
Dec 16 2016 01: +0,0.323,320
Dec 17 2016 01: +0,0.314,343
Dec 18 2016 01: +0,0.313,315
Dec 19 2016 01: +0,0.318,250
Dec 20 2016 01: +0,0.321,253
Dec 21 2016 01: +0,0.324,266
Dec 22 2016 01: +0,0.324,341
Dec 23 2016 01: +0,0.277,342
Dec 24 2016 01: +0,0.281,460
Dec 25 2016 01: +0,0.322,509
Dec 26 2016 01: +0,0.352,445
Dec 27 2016 01: +0,0.363,430
Dec 28 2016 01: +0,0.369,404
Dec 29 2016 01: +0,0.381,391
Dec 30 2016 01: +0,0.372,386
Dec 31 2016 01: +0,0.361,347
Jan 01 2017 01: +0,0.364,372
Jan 02 2017 01: +0,0.363,398
Jan 03 2017 01: +0,0.374,312
Jan 04 2017 01: +0,0.363,340
Jan 05 2017 01: +0,0.363,325
Jan 06 2017 01: +0,0.379,346
Jan 07 2017 01: +0,0.387,377
Jan 08 2017 01: +0,0.404,361
Jan 09 2017 01: +0,0.396,293
Jan 10 2017 01: +0,0.396,282
Jan 11 2017 01: +0,0.398,276
Jan 12 2017 01: +0,0.395,276
Jan 13 2017 01: +0,0.39,304
Jan 14 2017 01: +0,0.387,399
Jan 15 2017 01: +0,0.377,316
Jan 16 2017 01: +0,0.364,311
Jan 17 2017 01: +0,0.389,301
Jan 18 2017 01: +0,0.394,283
Jan 19 2017 01: +0,0.392,289
Jan 20 2017 01: +0,0.399,333
Jan 21 2017 01: +0,0.406,369
Jan 22 2017 01: +0,0.408,307
Jan 23 2017 01: +0,0.416,293
Jan 24 2017 01: +0,0.423,300
Jan 25 2017 01: +0,0.425,295
Jan 26 2017 01: +0,0.419,277
Jan 27 2017 01: +0,0.416,286
Jan 28 2017 01: +0,0.428,332
Jan 29 2017 01: +0,0.419,358
Jan 30 2017 01: +0,0.421,316
Jan 31 2017 01: +0,0.433,295
Feb 01 2017 01: +0,0.422,316
Feb 02 2017 01: +0,0.433,310
Feb 03 2017 01: +0,0.434,303
Feb 04 2017 01: +0,0.441,350
Feb 05 2017 01: +0,0.446,320
Feb 06 2017 01: +0,0.446,259
Feb 07 2017 01: +0,0.442,263
Feb 08 2017 01: +0,0.455,254
Feb 09 2017 01: +0,0.451,226
Feb 10 2017 01: +0,0.445,286
Feb 11 2017 01: +0,0.448,317
Feb 12 2017 01: +0,0.449,314
Feb 13 2017 01: +0,0.443,290
Feb 14 2017 01: +0,0.434,260
Feb 15 2017 01: +0,0.425,251
Feb 16 2017 01: +0,0.415,284
Feb 17 2017 01: +0,0.417,297
Feb 18 2017 01: +0,0.419,308
Feb 19 2017 01: +0,0.412,320
Feb 20 2017 01: +0,0.409,309
Feb 21 2017 01: +0,0.399,314
Feb 22 2017 01: +0,0.405,262
Feb 23 2017 01: +0,0.412,284
Feb 24 2017 01: +0,0.408,302
Feb 25 2017 01: +0,0.413,398
Feb 26 2017 01: +0,0.41,352
Feb 27 2017 01: +0,0.406,302
Feb 28 2017 01: +0,0.4,274
Mar 01 2017 01: +0,0.405,271
Mar 02 2017 01: +0,0.404,238
Mar 03 2017 01: +0,0.41,269
Mar 04 2017 01: +0,0.413,365
Mar 05 2017 01: +0,0.414,350
Mar 06 2017 01: +0,0.408,272
Mar 07 2017 01: +0,0.4,235
Mar 08 2017 01: +0,0.408,267
Mar 09 2017 01: +0,0.407,275
Mar 10 2017 01: +0,0.415,305
Mar 11 2017 01: +0,0.424,384
Mar 12 2017 01: +0,0.422,343
Mar 13 2017 01: +0,0.412,218
Mar 14 2017 01: +0,0.41,230
Mar 15 2017 01: +0,0.396,231
Mar 16 2017 01: +0,0.404,259
Mar 17 2017 01: +0,0.408,342
Mar 18 2017 01: +0,0.418,411
Mar 19 2017 01: +0,0.425,325
Mar 20 2017 01: +0,0.411,330
Mar 21 2017 01: +0,0.403,262
Mar 22 2017 01: +0,0.414,254
Mar 23 2017 01: +0,0.407,250
Mar 24 2017 01: +0,0.401,320
Mar 25 2017 01: +0,0.397,345
Mar 26 2017 01: +0,0.382,301
Mar 27 2017 01: +0,0.368,260
Mar 28 2017 01: +0,0.367,255
Mar 29 2017 01: +0,0.377,261
Mar 30 2017 01: +0,0.371,251
Mar 31 2017 01: +0,0.377,317
Apr 01 2017 01: +0,0.369,380
Apr 02 2017 01: +0,0.367,350
Apr 03 2017 01: +0,0.372,310
Apr 04 2017 01: +0,0.379,289
Apr 05 2017 01: +0,0.378,246
Apr 06 2017 01: +0,0.359,285
Apr 07 2017 01: +0,0.358,304
Apr 08 2017 01: +0,0.373,363
Apr 09 2017 01: +0,0.375,321
Apr 10 2017 01: +0,0.376,293
Apr 11 2017 01: +0,0.378,295
Apr 12 2017 01: +0,0.365,262
Apr 13 2017 01: +0,0.372,274
Apr 14 2017 01: +0,0.366,323
Apr 15 2017 01: +0,0.37,317
Apr 16 2017 01: +0,0.371,336
Apr 17 2017 01: +0,0.372,353
Apr 18 2017 01: +0,0.385,310
Apr 19 2017 01: +0,0.393,306
Apr 20 2017 01: +0,0.398,295
Apr 21 2017 01: +0,0.401,312
Apr 22 2017 01: +0,0.406,359
Apr 23 2017 01: +0,0.403,332
Apr 24 2017 01: +0,0.405,260
Apr 25 2017 01: +0,0.406,280
Apr 26 2017 01: +0,0.404,243
Apr 27 2017 01: +0,0.399,241
Apr 28 2017 01: +0,0.398,275
Apr 29 2017 01: +0,0.4,298
Apr 30 2017 01: +0,0.401,302
May 01 2017 01: +0,0.393,252
May 02 2017 01: +0,0.398,242
May 03 2017 01: +0,0.4,249
May 04 2017 01: +0,0.41,221
May 05 2017 01: +0,0.404,293
May 06 2017 01: +0,0.406,346
May 07 2017 01: +0,0.402,291
May 08 2017 01: +0,0.397,232
May 09 2017 01: +0,0.402,241
May 10 2017 01: +0,0.401,233
May 11 2017 01: +0,0.402,217
May 12 2017 01: +0,0.402,259
May 13 2017 01: +0,0.413,335
May 14 2017 01: +0,0.415,298
May 15 2017 01: +0,0.419,252
May 16 2017 01: +0,0.424,201
May 17 2017 01: +0,0.432,223
May 18 2017 01: +0,0.416,221
May 19 2017 01: +0,0.416,252
May 20 2017 01: +0,0.428,285
May 21 2017 01: +0,0.442,268
May 22 2017 01: +0,0.429,198
May 23 2017 01: +0,0.442,193
May 24 2017 01: +0,0.36,305
May 25 2017 01: +0,0.358,265
May 26 2017 01: +0,0.393,251
May 27 2017 01: +0,0.395,334
May 28 2017 01: +0,0.395,263
May 29 2017 01: +0,0.399,269
May 30 2017 01: +0,0.393,250
May 31 2017 01: +0,0.399,231
Jun 01 2017 01: +0,0.397,237
Jun 02 2017 01: +0,0.406,249
Jun 03 2017 01: +0,0.412,257
Jun 04 2017 01: +0,0.415,258
Jun 05 2017 01: +0,0.416,242
Jun 06 2017 01: +0,0.407,225
Jun 07 2017 01: +0,0.408,222
Jun 08 2017 01: +0,0.408,202
Jun 09 2017 01: +0,0.414,251
Jun 10 2017 01: +0,0.415,249
Jun 11 2017 01: +0,0.417,235
Jun 12 2017 01: +0,0.409,206
Jun 13 2017 01: +0,0.408,206
Jun 14 2017 01: +0,0.402,199
Jun 15 2017 01: +0,0.39,213
Jun 16 2017 01: +0,0.385,224
Jun 17 2017 01: +0,0.378,230
Jun 18 2017 01: +0,0.379,225
Jun 19 2017 01: +0,0.382,208
Jun 20 2017 01: +0,0.379,215
Jun 21 2017 01: +0,0.361,219
Jun 22 2017 01: +0,0.327,244
Jun 23 2017 01: +0,0.273,380
Jun 24 2017 01: +0,0.29,279
Jun 25 2017 01: +0,0.305,276
Jun 26 2017 01: +0,0.307,266
Jun 27 2017 01: +0,0.319,273
Jun 28 2017 01: +0,0.334,256
Jun 29 2017 01: +0,0.334,258
Jun 30 2017 01: +0,0.339,250
Jul 01 2017 01: +0,0.341,235
Jul 02 2017 01: +0,0.353,213
Jul 03 2017 01: +0,0.351,229
Jul 04 2017 01: +0,0.345,249
Jul 05 2017 01: +0,0.344,264
Jul 06 2017 01: +0,0.359,213
Jul 07 2017 01: +0,0.36,219
Jul 08 2017 01: +0,0.374,249
Jul 09 2017 01: +0,0.396,228
Jul 10 2017 01: +0,0.392,220
Jul 11 2017 01: +0,0.401,220
Jul 12 2017 01: +0,0.392,210
Jul 13 2017 01: +0,0.392,207
Jul 14 2017 01: +0,0.4,215
Jul 15 2017 01: +0,0.403,196
Jul 16 2017 01: +0,0.396,216
Jul 17 2017 01: +0,0.398,218
Jul 18 2017 01: +0,0.402,193
Jul 19 2017 01: +0,0.412,221
Jul 20 2017 01: +0,0.416,187
Jul 21 2017 01: +0,0.418,209
Jul 22 2017 01: +0,0.431,196
Jul 23 2017 01: +0,0.426,237
Jul 24 2017 01: +0,0.431,232
Jul 25 2017 01: +0,0.43,214
Jul 26 2017 01: +0,0.436,237
Jul 27 2017 01: +0,0.434,225
Jul 28 2017 01: +0,0.445,215
Jul 29 2017 01: +0,0.456,244
Jul 30 2017 01: +0,0.464,206
Jul 31 2017 01: +0,0.463,216
Aug 01 2017 01: +0,0.46,192
Aug 02 2017 01: +0,0.448,234
Aug 03 2017 01: +0,0.457,227
Aug 04 2017 01: +0,0.442,222
Aug 05 2017 01: +0,0.449,228
Aug 06 2017 01: +0,0.452,221
Aug 07 2017 01: +0,0.429,293
Aug 08 2017 01: +0,0.429,243
Aug 09 2017 01: +0,0.418,233
Aug 10 2017 01: +0,0.426,206
Aug 11 2017 01: +0,0.439,209
Aug 12 2017 01: +0,0.444,200
Aug 13 2017 01: +0,0.437,228
Aug 14 2017 01: +0,0.429,196
Aug 15 2017 01: +0,0.433,168
Aug 16 2017 01: +0,0.429,185
Aug 17 2017 01: +0,0.43,207
Aug 18 2017 01: +0,0.433,224
Aug 19 2017 01: +0,0.432,188
Aug 20 2017 01: +0,0.444,201
Aug 21 2017 01: +0,0.451,226
Aug 22 2017 01: +0,0.453,220
Aug 23 2017 01: +0,0.459,210
Aug 24 2017 01: +0,0.426,191
Aug 25 2017 01: +0,0.421,189
Aug 26 2017 01: +0,0.425,228
Aug 27 2017 01: +0,0.436,218
Aug 28 2017 01: +0,0.448,195
Aug 29 2017 01: +0,0.468,206
Aug 30 2017 01: +0,0.456,225
Aug 31 2017 01: +0,0.454,155
Sep 01 2017 01: +0,0.464,218
Sep 02 2017 01: +0,0.482,221
Sep 03 2017 01: +0,0.488,270
Sep 04 2017 01: +0,0.523,222
Sep 05 2017 01: +0,0.551,203
Sep 06 2017 01: +0,0.516,181
Sep 07 2017 01: +0,0.567,175
Sep 08 2017 01: +0,0.537,189
Sep 09 2017 01: +0,0.521,233
Sep 10 2017 01: +0,0.524,215
Sep 11 2017 01: +0,0.534,202
Sep 12 2017 01: +0,0.503,179
Sep 13 2017 01: +0,0.497,163
Sep 14 2017 01: +0,0.502,197
Sep 15 2017 01: +0,0.508,229
Sep 16 2017 01: +0,0.504,277
Sep 17 2017 01: +0,0.501,240
Sep 18 2017 01: +0,0.496,229
Sep 19 2017 01: +0,0.492,194
Sep 20 2017 01: +0,0.488,165
Sep 21 2017 01: +0,0.49,182
Sep 22 2017 01: +0,0.499,193
Sep 23 2017 01: +0,0.482,240
Sep 24 2017 01: +0,0.476,236
Sep 25 2017 01: +0,0.461,161
Sep 26 2017 01: +0,0.457,193
Sep 27 2017 01: +0,0.45,163
Sep 28 2017 01: +0,0.44,176
Sep 29 2017 01: +0,0.455,181
Sep 30 2017 01: +0,0.467,221
Oct 01 2017 01: +0,0.464,227
Oct 02 2017 01: +0,0.472,174
Oct 03 2017 01: +0,0.466,162
Oct 04 2017 01: +0,0.435,176
Oct 05 2017 01: +0,0.435,227
Oct 06 2017 01: +0,0.464,180
Oct 07 2017 01: +0,0.472,205
Oct 08 2017 01: +0,0.464,178
Oct 09 2017 01: +0,0.471,159
Oct 10 2017 01: +0,0.446,134
Oct 11 2017 01: +0,0.461,159
Oct 12 2017 01: +0,0.472,128
Oct 13 2017 01: +0,0.467,170
Oct 14 2017 01: +0,0.479,177
Oct 15 2017 01: +0,0.492,167
Oct 16 2017 01: +0,0.468,135
Oct 17 2017 01: +0,0.442,144
Oct 18 2017 01: +0,0.45,113
Oct 19 2017 01: +0,0.447,133
Oct 20 2017 01: +0,0.455,156
Oct 21 2017 01: +0,0.473,197
Oct 22 2017 01: +0,0.474,167
Oct 23 2017 01: +0,0.461,120
Oct 24 2017 01: +0,0.431,133
Oct 25 2017 01: +0,0.441,110
Oct 26 2017 01: +0,0.423,115
Oct 27 2017 01: +0,0.397,175
Oct 28 2017 01: +0,0.411,159
Oct 29 2017 01: +0,0.413,192
Oct 30 2017 01: +0,0.404,142
Oct 31 2017 01: +0,0.396,131
Nov 01 2017 01: +0,0.407,129
Nov 02 2017 01: +0,0.41,151
Nov 03 2017 01: +0,0.41,141
Nov 04 2017 01: +0,0.424,138
Nov 05 2017 01: +0,0.412,146
Nov 06 2017 01: +0,0.42,122
Nov 07 2017 01: +0,0.421,90
Nov 08 2017 01: +0,0.413,99
Nov 09 2017 01: +0,0.414,79
Nov 10 2017 01: +0,0.413,113
Nov 11 2017 01: +0,0.393,140
Nov 12 2017 01: +0,0.416,134
Nov 13 2017 01: +0,0.405,117
Nov 14 2017 01: +0,0.397,89
Nov 15 2017 01: +0,0.404,104
Nov 16 2017 01: +0,0.386,120
Nov 17 2017 01: +0,0.387,115
Nov 18 2017 01: +0,0.405,149
Nov 19 2017 01: +0,0.41,133
Nov 20 2017 01: +0,0.395,114
Nov 21 2017 01: +0,0.398,95
Nov 22 2017 01: +0,0.379,94
Nov 23 2017 01: +0,0.344,163
Nov 24 2017 01: +0,0.337,173
Nov 25 2017 01: +0,0.325,204
Nov 26 2017 01: +0,0.324,159
Nov 27 2017 01: +0,0.318,149
Nov 28 2017 01: +0,0.318,129
Nov 29 2017 01: +0,0.331,121
Nov 30 2017 01: +0,0.336,128
Dec 01 2017 01: +0,0.341,104
Dec 02 2017 01: +0,0.353,158
Dec 03 2017 01: +0,0.367,128
Dec 04 2017 01: +0,0.365,106
Dec 05 2017 01: +0,0.376,99
Dec 06 2017 01: +0,0.39,132
Dec 07 2017 01: +0,0.411,127
Dec 08 2017 01: +0,0.414,132
Dec 09 2017 01: +0,0.412,138
Dec 10 2017 01: +0,0.421,131
Dec 11 2017 01: +0,0.425,103
Dec 12 2017 01: +0,0.408,106
Dec 13 2017 01: +0,0.415,106
Dec 14 2017 01: +0,0.418,158
Dec 15 2017 01: +0,0.427,121
Dec 16 2017 01: +0,0.433,123
Dec 17 2017 01: +0,0.411,128
Dec 18 2017 01: +0,0.378,105
Dec 19 2017 01: +0,0.379,104
Dec 20 2017 01: +0,0.378,112
Dec 21 2017 01: +0,0.378,116
Dec 22 2017 01: +0,0.342,158
Dec 23 2017 01: +0,0.344,157
Dec 24 2017 01: +0,0.354,160
Dec 25 2017 01: +0,0.353,199
Dec 26 2017 01: +0,0.354,181
Dec 27 2017 01: +0,0.377,207
Dec 28 2017 01: +0,0.396,161
Dec 29 2017 01: +0,0.41,172
Dec 30 2017 01: +0,0.419,170
Dec 31 2017 01: +0,0.417,153
Jan 01 2018 01: +0,0.428,126
Jan 02 2018 01: +0,0.415,161
Jan 03 2018 01: +0,0.41,158
Jan 04 2018 01: +0,0.402,148
Jan 05 2018 01: +0,0.44,166
Jan 06 2018 01: +0,0.435,162
Jan 07 2018 01: +0,0.439,133
Jan 08 2018 01: +0,0.464,158
Jan 09 2018 01: +0,0.463,131
Jan 10 2018 01: +0,0.476,112
Jan 11 2018 01: +0,0.457,126
Jan 12 2018 01: +0,0.46,175
Jan 13 2018 01: +0,0.457,179
Jan 14 2018 01: +0,0.461,147
Jan 15 2018 01: +0,0.442,154
Jan 16 2018 01: +0,0.446,138
Jan 17 2018 01: +0,0.456,137
Jan 18 2018 01: +0,0.451,142
Jan 19 2018 01: +0,0.46,139
Jan 20 2018 01: +0,0.457,147
Jan 21 2018 01: +0,0.462,178
Jan 22 2018 01: +0,0.458,148
Jan 23 2018 01: +0,0.458,147
Jan 24 2018 01: +0,0.452,127
Jan 25 2018 01: +0,0.452,148
Jan 26 2018 01: +0,0.47,153
Jan 27 2018 01: +0,0.444,163
Jan 28 2018 01: +0,0.434,170
Jan 29 2018 01: +0,0.424,139
Jan 30 2018 01: +0,0.408,120
Jan 31 2018 01: +0,0.409,136
Feb 01 2018 01: +0,0.408,140
Feb 02 2018 01: +0,0.406,156
Feb 03 2018 01: +0,0.401,178
Feb 04 2018 01: +0,0.404,163
Feb 05 2018 01: +0,0.392,138
Feb 06 2018 01: +0,0.391,137
Feb 07 2018 01: +0,0.406,133
Feb 08 2018 01: +0,0.398,116
Feb 09 2018 01: +0,0.402,148
Feb 10 2018 01: +0,0.4,148
Feb 11 2018 01: +0,0.407,134
Feb 12 2018 01: +0,0.407,137
Feb 13 2018 01: +0,0.403,123
Feb 14 2018 01: +0,0.428,124
Feb 15 2018 01: +0,0.439,125
Feb 16 2018 01: +0,0.415,163
Feb 17 2018 01: +0,0.417,205
Feb 18 2018 01: +0,0.403,191
Feb 19 2018 01: +0,0.406,173
Feb 20 2018 01: +0,0.426,165
Feb 21 2018 01: +0,0.432,150
Feb 22 2018 01: +0,0.446,155
Feb 23 2018 01: +0,0.448,155
Feb 24 2018 01: +0,0.458,188
Feb 25 2018 01: +0,0.475,170
Feb 26 2018 01: +0,0.454,150
Feb 27 2018 01: +0,0.457,129
Feb 28 2018 01: +0,0.472,82
Feb 28 2018 19: +0,0.491,10
Feb 28 2018 20: +0,0.496,6
Feb 28 2018 21: +0,0.467,3
Feb 28 2018 22: +0,0.486,8
Feb 28 2018 23: +0,0.5,9
Mar 01 2018 00: +0,0.489,7
Mar 01 2018 01: +0,0.498,6
Mar 01 2018 02: +0,0.462,4
Mar 01 2018 03: +0,0.489,3
Mar 01 2018 04: +0,0.492,3
Mar 01 2018 05: +0,0.47,1
Mar 01 2018 06: +0,0.41,3
Mar 01 2018 07: +0,0.462,2
Mar 01 2018 08: +0,0.47,1
Mar 01 2018 09: +0,0.46,3
Mar 01 2018 10: +0,0.493,5
Mar 01 2018 11: +0,0.43,6
Mar 01 2018 12: +0,0.449,4
Mar 01 2018 13: +0,0.476,5
Mar 01 2018 14: +0,0.49,6
Mar 01 2018 15: +0,0.478,8
Mar 01 2018 16: +0,0.476,5
Mar 01 2018 17: +0,0.494,11
Mar 01 2018 18: +0,0.483,4
Mar 01 2018 19: +0,0.486,11
Mar 01 2018 20: +0,0.486,12
Mar 01 2018 21: +0,0.489,10
Mar 01 2018 22: +0,0.487,5
Mar 01 2018 23: +0,0.487,4
Mar 02 2018 00: +0,0.492,4
Mar 02 2018 01: +0,0.454,2
Mar 02 2018 02: +0,0.471,2
Mar 02 2018 03: +0,0.476,2
Mar 02 2018 04: +0,0.504,3
Mar 02 2018 05: +0,0.482,4
Mar 02 2018 06: +0,0.426,2
Mar 02 2018 07: +0,0.44,2
Mar 02 2018 08: +0,0.479,2
Mar 02 2018 09: +0,0.479,4
Mar 02 2018 10: +0,0.482,6
Mar 02 2018 11: +0,0.442,9
Mar 02 2018 12: +0,0.468,5
Mar 02 2018 13: +0,0.467,9
Mar 02 2018 14: +0,0.468,8
Mar 02 2018 15: +0,0.491,12
Mar 02 2018 16: +0,0.486,8
Mar 02 2018 17: +0,0.485,8
Mar 02 2018 18: +0,0.49,14
Mar 02 2018 19: +0,0.475,10
Mar 02 2018 20: +0,0.487,9
Mar 02 2018 21: +0,0.475,7
Mar 02 2018 22: +0,0.48,7
Mar 02 2018 23: +0,0.48,6
Mar 03 2018 00: +0,0.487,6
Mar 03 2018 01: +0,0.488,4
Mar 03 2018 02: +0,0.504,4
Mar 03 2018 03: +0,0.5,3
Mar 03 2018 04: +0,0.479,2
Mar 03 2018 05: +0,0.504,4
Mar 03 2018 06: +0,0.48,3
Mar 03 2018 09: +0,0.452,4
Mar 03 2018 10: +0,0.458,5
Mar 03 2018 11: +0,0.478,9
Mar 03 2018 12: +0,0.483,7
Mar 03 2018 13: +0,0.494,12
Mar 03 2018 14: +0,0.475,8
Mar 03 2018 15: +0,0.481,8
Mar 03 2018 16: +0,0.483,11
Mar 03 2018 17: +0,0.463,10
Mar 03 2018 18: +0,0.468,12
Mar 03 2018 19: +0,0.471,12
Mar 03 2018 20: +0,0.471,8
Mar 03 2018 21: +0,0.443,11
Mar 03 2018 22: +0,0.48,7
Mar 03 2018 23: +0,0.44,8
Mar 04 2018 00: +0,0.475,4
Mar 04 2018 01: +0,0.45,4
Mar 04 2018 02: +0,0.493,4
Mar 04 2018 03: +0,0.494,3
Mar 04 2018 05: +0,0.47,3
Mar 04 2018 06: +0,0.472,6
Mar 04 2018 07: +0,0.457,2
Mar 04 2018 08: +0,0.45,4
Mar 04 2018 09: +0,0.46,5
Mar 04 2018 10: +0,0.445,5
Mar 04 2018 11: +0,0.442,10
Mar 04 2018 12: +0,0.458,7
Mar 04 2018 13: +0,0.481,8
Mar 04 2018 14: +0,0.49,9
Mar 04 2018 15: +0,0.445,9
Mar 04 2018 16: +0,0.48,16
Mar 04 2018 17: +0,0.48,12
Mar 04 2018 18: +0,0.463,13
Mar 04 2018 19: +0,0.455,13
Mar 04 2018 20: +0,0.481,6
Mar 04 2018 21: +0,0.458,11
Mar 04 2018 22: +0,0.458,4
Mar 04 2018 23: +0,0.431,5
Mar 05 2018 00: +0,0.422,2
Mar 05 2018 01: +0,0.42,1
Mar 05 2018 02: +0,0.412,5
Mar 05 2018 03: +0,0.437,1
Mar 05 2018 04: +0,0.4,3
Mar 05 2018 05: +0,0.387,4
Mar 05 2018 06: +0,0.39,1
Mar 05 2018 07: +0,0.437,3
Mar 05 2018 08: +0,0.425,2
Mar 05 2018 09: +0,0.426,2
Mar 05 2018 10: +0,0.443,5
Mar 05 2018 11: +0,0.452,3
Mar 05 2018 12: +0,0.454,8
Mar 05 2018 13: +0,0.469,8
Mar 05 2018 14: +0,0.446,8
Mar 05 2018 15: +0,0.463,11
Mar 05 2018 16: +0,0.457,9
Mar 05 2018 17: +0,0.468,10
Mar 05 2018 18: +0,0.468,8
Mar 05 2018 19: +0,0.476,18
Mar 05 2018 20: +0,0.481,4
Mar 05 2018 21: +0,0.468,7
Mar 05 2018 22: +0,0.459,4
Mar 05 2018 23: +0,0.469,4
Mar 06 2018 00: +0,0.461,7
Mar 06 2018 01: +0,0.451,2
Mar 06 2018 02: +0,0.414,5
Mar 06 2018 03: +0,0.438,3
Mar 06 2018 04: +0,0.386,2
Mar 06 2018 06: +0,0.43,2
Mar 06 2018 07: +0,0.459,2
Mar 06 2018 08: +0,0.469,4
Mar 06 2018 09: +0,0.469,3
Mar 06 2018 10: +0,0.47,4
Mar 06 2018 11: +0,0.472,5
Mar 06 2018 12: +0,0.479,4
Mar 06 2018 13: +0,0.483,7
Mar 06 2018 14: +0,0.462,8
Mar 06 2018 15: +0,0.48,16
Mar 06 2018 16: +0,0.472,11
Mar 06 2018 17: +0,0.484,9
Mar 06 2018 18: +0,0.493,14
Mar 06 2018 19: +0,0.468,10
Mar 06 2018 20: +0,0.399,6
Mar 06 2018 21: +0,0.468,11
Mar 06 2018 22: +0,0.48,7
Mar 06 2018 23: +0,0.481,4
Mar 07 2018 00: +0,0.481,6
Mar 07 2018 01: +0,0.443,3
Mar 07 2018 02: +0,0.474,1
Mar 07 2018 03: +0,0.48,1
Mar 07 2018 04: +0,0.443,2
Mar 07 2018 05: +0,0.475,2
Mar 07 2018 06: +0,0.475,2
Mar 07 2018 07: +0,0.467,5
Mar 07 2018 08: +0,0.471,3
Mar 07 2018 09: +0,0.473,6
Mar 07 2018 10: +0,0.384,1
Mar 07 2018 11: +0,0.458,5
Mar 07 2018 12: +0,0.444,11
Mar 07 2018 13: +0,0.479,9
Mar 07 2018 14: +0,0.471,10
Mar 07 2018 15: +0,0.484,11
Mar 07 2018 16: +0,0.494,10
Mar 07 2018 17: +0,0.477,7
Mar 07 2018 18: +0,0.462,13
Mar 07 2018 19: +0,0.488,8
Mar 07 2018 20: +0,0.42,3
Mar 07 2018 21: +0,0.48,9
Mar 07 2018 22: +0,0.484,5
Mar 07 2018 23: +0,0.484,5
Mar 08 2018 00: +0,0.486,1
Mar 08 2018 01: +0,0.483,3
Mar 08 2018 02: +0,0.441,2
Mar 08 2018 03: +0,0.442,4
Mar 08 2018 04: +0,0.46,1
Mar 08 2018 05: +0,0.481,5
Mar 08 2018 06: +0,0.463,5
Mar 08 2018 07: +0,0.479,2
Mar 08 2018 08: +0,0.474,2
Mar 08 2018 09: +0,0.483,3
Mar 08 2018 10: +0,0.439,6
Mar 08 2018 11: +0,0.463,5
Mar 08 2018 12: +0,0.463,4
Mar 08 2018 13: +0,0.469,4
Mar 08 2018 14: +0,0.4,5
Mar 08 2018 15: +0,0.459,8
Mar 08 2018 16: +0,0.448,8
Mar 08 2018 17: +0,0.446,12
Mar 08 2018 18: +0,0.455,16
Mar 08 2018 19: +0,0.457,5
Mar 08 2018 20: +0,0.42,8
Mar 08 2018 21: +0,0.434,13
Mar 08 2018 22: +0,0.421,5
Mar 08 2018 23: +0,0.421,7
Mar 09 2018 00: +0,0.424,1
Mar 09 2018 01: +0,0.404,2
Mar 09 2018 02: +0,0.41,4
Mar 09 2018 03: +0,0.421,4
Mar 09 2018 04: +0,0.425,3
Mar 09 2018 05: +0,0.42,3
Mar 09 2018 06: +0,0.426,1
Mar 09 2018 07: +0,0.4,6
Mar 09 2018 08: +0,0.421,4
Mar 09 2018 09: +0,0.41,2
Mar 09 2018 10: +0,0.426,9
Mar 09 2018 11: +0,0.422,34
Mar 09 2018 12: +0,0.459,6
Mar 09 2018 13: +0,0.459,4
Mar 09 2018 14: +0,0.456,4
Mar 09 2018 15: +0,0.456,7
Mar 09 2018 16: +0,0.441,8
Mar 09 2018 17: +0,0.452,9
Mar 09 2018 18: +0,0.458,5
Mar 09 2018 19: +0,0.445,15
Mar 09 2018 20: +0,0.444,4
Mar 09 2018 21: +0,0.43,9
Mar 09 2018 22: +0,0.436,10
Mar 09 2018 23: +0,0.43,6
Mar 10 2018 00: +0,0.429,7
Mar 10 2018 01: +0,0.451,6
Mar 10 2018 02: +0,0.433,4
Mar 10 2018 03: +0,0.459,3
Mar 10 2018 04: +0,0.415,4
Mar 10 2018 06: +0,0.446,3
Mar 10 2018 07: +0,0.446,4
Mar 10 2018 08: +0,0.45,6
Mar 10 2018 09: +0,0.438,5
Mar 10 2018 10: +0,0.424,6
Mar 10 2018 11: +0,0.437,11
Mar 10 2018 12: +0,0.431,6
Mar 10 2018 13: +0,0.425,4
Mar 10 2018 14: +0,0.445,13
Mar 10 2018 15: +0,0.436,8
Mar 10 2018 16: +0,0.455,17
Mar 10 2018 17: +0,0.456,13
Mar 10 2018 18: +0,0.466,14
Mar 10 2018 19: +0,0.46,11
Mar 10 2018 20: +0,0.46,9
Mar 10 2018 21: +0,0.44,14
Mar 10 2018 22: +0,0.461,3
Mar 10 2018 23: +0,0.41,7
Mar 11 2018 00: +0,0.424,5
Mar 11 2018 01: +0,0.411,4
Mar 11 2018 02: +0,0.44,4
Mar 11 2018 03: +0,0.423,2
Mar 11 2018 04: +0,0.431,3
Mar 11 2018 05: +0,0.45,2
Mar 11 2018 06: +0,0.4,5
Mar 11 2018 07: +0,0.45,5
Mar 11 2018 08: +0,0.451,7
Mar 11 2018 09: +0,0.45,9
Mar 11 2018 10: +0,0.442,7
Mar 11 2018 11: +0,0.43,4
Mar 11 2018 12: +0,0.446,10
Mar 11 2018 13: +0,0.45,9
Mar 11 2018 14: +0,0.442,7
Mar 11 2018 15: +0,0.46,10
Mar 11 2018 16: +0,0.467,12
Mar 11 2018 17: +0,0.445,7
Mar 11 2018 18: +0,0.456,10
Mar 11 2018 19: +0,0.464,12
Mar 11 2018 20: +0,0.465,11
Mar 11 2018 21: +0,0.45,4
Mar 11 2018 22: +0,0.447,1
Mar 11 2018 23: +0,0.46,3
Mar 12 2018 00: +0,0.455,7
Mar 12 2018 01: +0,0.405,2
Mar 12 2018 02: +0,0.446,3
Mar 12 2018 03: +0,0.448,1
Mar 12 2018 04: +0,0.36,2
Mar 12 2018 05: +0,0.459,3
Mar 12 2018 06: +0,0.441,2
Mar 12 2018 07: +0,0.39,1
Mar 12 2018 08: +0,0.418,3
Mar 12 2018 09: +0,0.423,4
Mar 12 2018 10: +0,0.43,6
Mar 12 2018 11: +0,0.435,5
Mar 12 2018 12: +0,0.447,6
Mar 12 2018 13: +0,0.435,4
Mar 12 2018 14: +0,0.448,11
Mar 12 2018 15: +0,0.439,10
Mar 12 2018 16: +0,0.457,4
Mar 12 2018 17: +0,0.464,8
Mar 12 2018 18: +0,0.442,11
Mar 12 2018 19: +0,0.412,8
Mar 12 2018 20: +0,0.345,3
Mar 12 2018 21: +0,0.43,11
Mar 12 2018 22: +0,0.429,5
Mar 12 2018 23: +0,0.434,3
Mar 13 2018 00: +0,0.399,3
Mar 13 2018 01: +0,0.42,3
Mar 13 2018 02: +0,0.435,2
Mar 13 2018 04: +0,0.439,3
Mar 13 2018 05: +0,0.437,1
Mar 13 2018 06: +0,0.422,4
Mar 13 2018 07: +0,0.44,5
Mar 13 2018 08: +0,0.415,3
Mar 13 2018 09: +0,0.438,3
Mar 13 2018 10: +0,0.443,5
Mar 13 2018 11: +0,0.393,3
Mar 13 2018 12: +0,0.456,4
Mar 13 2018 13: +0,0.434,6
Mar 13 2018 14: +0,0.399,9
Mar 13 2018 15: +0,0.414,13
Mar 13 2018 16: +0,0.46,10
Mar 13 2018 17: +0,0.442,6
Mar 13 2018 18: +0,0.463,14
Mar 13 2018 19: +0,0.452,8
Mar 13 2018 20: +0,0.455,3
Mar 13 2018 21: +0,0.468,8
Mar 13 2018 22: +0,0.457,5
Mar 13 2018 23: +0,0.459,2
Mar 14 2018 01: +0,0.4,1
Mar 14 2018 02: +0,0.448,4
Mar 14 2018 03: +0,0.442,2
Mar 14 2018 04: +0,0.466,13
Mar 14 2018 05: +0,0.45,2
Mar 14 2018 06: +0,0.459,1
Mar 14 2018 07: +0,0.454,3
Mar 14 2018 08: +0,0.432,2
Mar 14 2018 10: +0,0.424,6
Mar 14 2018 11: +0,0.436,7
Mar 14 2018 12: +0,0.415,6
Mar 14 2018 13: +0,0.42,7
Mar 14 2018 14: +0,0.425,8
Mar 14 2018 15: +0,0.434,11
Mar 14 2018 16: +0,0.42,10
Mar 14 2018 17: +0,0.459,10
Mar 14 2018 18: +0,0.432,7
Mar 14 2018 19: +0,0.434,4
Mar 14 2018 20: +0,0.436,2
Mar 14 2018 21: +0,0.457,8
Mar 14 2018 22: +0,0.452,6
Mar 14 2018 23: +0,0.425,3
Mar 15 2018 00: +0,0.423,4
Mar 15 2018 01: +0,0.434,6
Mar 15 2018 04: +0,0.417,2
Mar 15 2018 05: +0,0.448,3
Mar 15 2018 08: +0,0.431,2
Mar 15 2018 09: +0,0.38,1
Mar 15 2018 10: +0,0.444,3
Mar 15 2018 11: +0,0.3,1
Mar 15 2018 12: +0,0.441,4
Mar 15 2018 13: +0,0.441,6
Mar 15 2018 14: +0,0.425,5
Mar 15 2018 15: +0,0.414,9
Mar 15 2018 16: +0,0.414,6
Mar 15 2018 17: +0,0.393,8
Mar 15 2018 18: +0,0.422,13
Mar 15 2018 19: +0,0.416,12
Mar 15 2018 20: +0,0.447,5
Mar 15 2018 21: +0,0.444,9
Mar 15 2018 22: +0,0.448,5
Mar 15 2018 23: +0,0.446,1
Mar 16 2018 00: +0,0.27,1
Mar 16 2018 01: +0,0.43,2
Mar 16 2018 02: +0,0.438,2
Mar 16 2018 03: +0,0.447,3
Mar 16 2018 04: +0,0.441,1
Mar 16 2018 05: +0,0.439,3
Mar 16 2018 06: +0,0.424,2
Mar 16 2018 07: +0,0.446,3
Mar 16 2018 08: +0,0.43,3
Mar 16 2018 09: +0,0.448,1
Mar 16 2018 10: +0,0.419,4
Mar 16 2018 11: +0,0.441,3
Mar 16 2018 12: +0,0.441,3
Mar 16 2018 13: +0,0.451,8
Mar 16 2018 14: +0,0.456,6
Mar 16 2018 15: +0,0.424,3
Mar 16 2018 16: +0,0.439,6
Mar 16 2018 17: +0,0.44,10
Mar 16 2018 18: +0,0.441,7
Mar 16 2018 19: +0,0.433,16
Mar 16 2018 20: +0,0.41,8
Mar 16 2018 21: +0,0.422,10
Mar 16 2018 22: +0,0.442,9
Mar 16 2018 23: +0,0.457,4
Mar 17 2018 00: +0,0.447,5
Mar 17 2018 01: +0,0.453,2
Mar 17 2018 02: +0,0.455,5
Mar 17 2018 03: +0,0.459,7
Mar 17 2018 04: +0,0.46,3
Mar 17 2018 05: +0,0.458,2
Mar 17 2018 06: +0,0.457,3
Mar 17 2018 07: +0,0.427,2
Mar 17 2018 08: +0,0.388,4
Mar 17 2018 09: +0,0.409,3
Mar 17 2018 10: +0,0.416,16
Mar 17 2018 11: +0,0.457,5
Mar 17 2018 12: +0,0.441,10
Mar 17 2018 13: +0,0.452,9
Mar 17 2018 14: +0,0.449,9
Mar 17 2018 15: +0,0.456,6
Mar 17 2018 16: +0,0.465,11
Mar 17 2018 17: +0,0.432,5
Mar 17 2018 18: +0,0.457,10
Mar 17 2018 19: +0,0.455,17
Mar 17 2018 20: +0,0.457,8
Mar 17 2018 21: +0,0.45,4
Mar 17 2018 22: +0,0.453,6
Mar 17 2018 23: +0,0.433,6
Mar 18 2018 00: +0,0.451,4
Mar 18 2018 01: +0,0.41,6
Mar 18 2018 02: +0,0.43,1
Mar 18 2018 03: +0,0.439,3
Mar 18 2018 04: +0,0.434,2
Mar 18 2018 05: +0,0.43,5
Mar 18 2018 06: +0,0.413,2
Mar 18 2018 07: +0,0.39,5
Mar 18 2018 08: +0,0.439,6
Mar 18 2018 09: +0,0.451,2
Mar 18 2018 10: +0,0.468,8
Mar 18 2018 11: +0,0.452,6
Mar 18 2018 12: +0,0.446,7
Mar 18 2018 13: +0,0.451,8
Mar 18 2018 14: +0,0.419,7
Mar 18 2018 15: +0,0.39,12
Mar 18 2018 16: +0,0.424,15
Mar 18 2018 17: +0,0.442,9
Mar 18 2018 18: +0,0.445,12
Mar 18 2018 19: +0,0.425,8
Mar 18 2018 20: +0,0.418,3
Mar 18 2018 21: +0,0.434,9
Mar 18 2018 22: +0,0.448,4
Mar 18 2018 23: +0,0.459,4
Mar 19 2018 00: +0,0.459,1
Mar 19 2018 01: +0,0.419,4
Mar 19 2018 02: +0,0.444,2
Mar 19 2018 03: +0,0.455,1
Mar 19 2018 04: +0,0.465,2
Mar 19 2018 05: +0,0.469,3
Mar 19 2018 06: +0,0.468,2
Mar 19 2018 07: +0,0.439,3
Mar 19 2018 08: +0,0.467,8
Mar 19 2018 10: +0,0.385,4
Mar 19 2018 11: +0,0.404,2
Mar 19 2018 12: +0,0.425,2
Mar 19 2018 13: +0,0.438,5
Mar 19 2018 14: +0,0.446,4
Mar 19 2018 15: +0,0.452,12
Mar 19 2018 16: +0,0.417,8
Mar 19 2018 17: +0,0.442,12
Mar 19 2018 18: +0,0.455,19
Mar 19 2018 19: +0,0.463,2
Mar 19 2018 20: +0,0.442,8
Mar 19 2018 21: +0,0.433,5
Mar 19 2018 22: +0,0.445,11
Mar 19 2018 23: +0,0.426,2
Mar 20 2018 00: +0,0.417,2
Mar 20 2018 01: +0,0.435,3
Mar 20 2018 02: +0,0.448,3
Mar 20 2018 03: +0,0.41,2
Mar 20 2018 06: +0,0.437,1
Mar 20 2018 08: +0,0.405,2
Mar 20 2018 09: +0,0.426,2
Mar 20 2018 10: +0,0.42,2
Mar 20 2018 11: +0,0.418,2
Mar 20 2018 12: +0,0.428,7
Mar 20 2018 13: +0,0.431,3
Mar 20 2018 14: +0,0.445,9
Mar 20 2018 15: +0,0.452,8
Mar 20 2018 16: +0,0.443,6
Mar 20 2018 17: +0,0.444,6
Mar 20 2018 18: +0,0.457,14
Mar 20 2018 19: +0,0.455,15
Mar 20 2018 20: +0,0.454,8
Mar 20 2018 21: +0,0.454,7
Mar 20 2018 22: +0,0.454,7
Mar 20 2018 23: +0,0.447,5
Mar 21 2018 00: +0,0.424,3
Mar 21 2018 01: +0,0.395,2
Mar 21 2018 02: +0,0.396,4
Mar 21 2018 03: +0,0.428,2
Mar 21 2018 04: +0,0.398,2
Mar 21 2018 06: +0,0.388,2
Mar 21 2018 07: +0,0.437,1
Mar 21 2018 08: +0,0.435,5
Mar 21 2018 09: +0,0.45,2
Mar 21 2018 10: +0,0.444,4
Mar 21 2018 11: +0,0.398,3
Mar 21 2018 12: +0,0.452,5
Mar 21 2018 13: +0,0.454,4
Mar 21 2018 14: +0,0.435,12
Mar 21 2018 15: +0,0.417,6
Mar 21 2018 16: +0,0.45,5
Mar 21 2018 17: +0,0.429,7
Mar 21 2018 18: +0,0.415,12
Mar 21 2018 19: +0,0.448,10
Mar 21 2018 20: +0,0.429,7
Mar 21 2018 21: +0,0.426,4
Mar 21 2018 22: +0,0.439,1
Mar 21 2018 23: +0,0.411,6
Mar 22 2018 00: +0,0.439,1
Mar 22 2018 01: +0,0.415,2
Mar 22 2018 02: +0,0.42,1
Mar 22 2018 03: +0,0.438,5
Mar 22 2018 04: +0,0.42,1
Mar 22 2018 05: +0,0.447,2
Mar 22 2018 06: +0,0.42,5
Mar 22 2018 07: +0,0.417,3
Mar 22 2018 08: +0,0.419,5
Mar 22 2018 09: +0,0.409,3
Mar 22 2018 10: +0,0.418,5
Mar 22 2018 11: +0,0.418,2
Mar 22 2018 12: +0,0.414,2
Mar 22 2018 13: +0,0.416,9
Mar 22 2018 14: +0,0.39,4
Mar 22 2018 15: +0,0.409,12
Mar 22 2018 16: +0,0.391,5
Mar 22 2018 17: +0,0.409,10
Mar 22 2018 18: +0,0.409,8
Mar 22 2018 19: +0,0.417,6
Mar 22 2018 20: +0,0.436,7
Mar 22 2018 21: +0,0.429,5
Mar 22 2018 22: +0,0.43,5
Mar 22 2018 23: +0,0.434,5
Mar 23 2018 00: +0,0.436,4
Mar 23 2018 01: +0,0.393,3
Mar 23 2018 02: +0,0.345,2
Mar 23 2018 04: +0,0.437,2
Mar 23 2018 05: +0,0.365,2
Mar 23 2018 06: +0,0.437,3
Mar 23 2018 07: +0,0.414,4
Mar 23 2018 08: +0,0.401,5
Mar 23 2018 09: +0,0.404,2
Mar 23 2018 10: +0,0.381,3
Mar 23 2018 11: +0,0.404,8
Mar 23 2018 12: +0,0.424,5
Mar 23 2018 13: +0,0.421,4
Mar 23 2018 14: +0,0.421,8
Mar 23 2018 15: +0,0.416,15
Mar 23 2018 16: +0,0.438,12
Mar 23 2018 17: +0,0.446,4
Mar 23 2018 18: +0,0.446,8
Mar 23 2018 19: +0,0.438,10
Mar 23 2018 20: +0,0.448,8
Mar 23 2018 21: +0,0.456,11
Mar 23 2018 22: +0,0.406,2
Mar 23 2018 23: +0,0.431,3
Mar 24 2018 00: +0,0.437,5
Mar 24 2018 01: +0,0.436,3
Mar 24 2018 02: +0,0.426,3
Mar 24 2018 03: +0,0.429,1
Mar 24 2018 04: +0,0.42,3
Mar 24 2018 05: +0,0.437,3
Mar 24 2018 06: +0,0.376,2
Mar 24 2018 07: +0,0.431,3
Mar 24 2018 08: +0,0.424,5
Mar 24 2018 09: +0,0.37,2
Mar 24 2018 10: +0,0.39,7
Mar 24 2018 11: +0,0.417,4
Mar 24 2018 12: +0,0.432,10
Mar 24 2018 13: +0,0.425,7
Mar 24 2018 14: +0,0.41,5
Mar 24 2018 15: +0,0.427,9
Mar 24 2018 16: +0,0.423,11
Mar 24 2018 17: +0,0.425,9
Mar 24 2018 18: +0,0.424,11
Mar 24 2018 19: +0,0.425,8
Mar 24 2018 20: +0,0.422,8
Mar 24 2018 21: +0,0.399,6
Mar 24 2018 22: +0,0.429,4
Mar 24 2018 23: +0,0.436,4
Mar 25 2018 00: +0,0.412,3
Mar 25 2018 01: +0,0.36,3
Mar 25 2018 02: +0,0.41,3
Mar 25 2018 03: +0,0.391,2
Mar 25 2018 04: +0,0.439,5
Mar 25 2018 05: +0,0.447,2
Mar 25 2018 06: +0,0.425,1
Mar 25 2018 07: +0,0.423,4
Mar 25 2018 08: +0,0.428,4
Mar 25 2018 09: +0,0.424,1
Mar 25 2018 10: +0,0.405,1
Mar 25 2018 11: +0,0.413,3
Mar 25 2018 12: +0,0.423,7
Mar 25 2018 13: +0,0.423,3
Mar 25 2018 14: +0,0.431,7
Mar 25 2018 15: +0,0.422,9
Mar 25 2018 16: +0,0.424,11
Mar 25 2018 17: +0,0.431,8
Mar 25 2018 18: +0,0.425,7
Mar 25 2018 19: +0,0.419,7
Mar 25 2018 20: +0,0.401,4
Mar 25 2018 21: +0,0.382,8
Mar 25 2018 22: +0,0.41,5
Mar 25 2018 23: +0,0.406,4
Mar 26 2018 01: +0,0.419,3
Mar 26 2018 02: +0,0.391,3
Mar 26 2018 03: +0,0.389,4
Mar 26 2018 04: +0,0.423,2
Mar 26 2018 05: +0,0.412,2
Mar 26 2018 06: +0,0.41,1
Mar 26 2018 07: +0,0.35,1
Mar 26 2018 09: +0,0.389,5
Mar 26 2018 10: +0,0.414,4
Mar 26 2018 11: +0,0.425,3
Mar 26 2018 12: +0,0.403,5
Mar 26 2018 13: +0,0.409,7
Mar 26 2018 14: +0,0.414,7
Mar 26 2018 15: +0,0.431,6
Mar 26 2018 16: +0,0.402,10
Mar 26 2018 17: +0,0.418,10
Mar 26 2018 18: +0,0.421,9
Mar 26 2018 19: +0,0.422,6
Mar 26 2018 20: +0,0.414,5
Mar 26 2018 21: +0,0.421,6
Mar 26 2018 22: +0,0.414,3
Mar 26 2018 23: +0,0.43,1
Mar 27 2018 00: +0,0.41,5
Mar 27 2018 01: +0,0.383,4
Mar 27 2018 02: +0,0.41,6
Mar 27 2018 03: +0,0.36,3
Mar 27 2018 04: +0,0.411,2
Mar 27 2018 05: +0,0.414,6
Mar 27 2018 06: +0,0.417,2
Mar 27 2018 07: +0,0.422,5
Mar 27 2018 08: +0,0.415,2
Mar 27 2018 09: +0,0.414,4
Mar 27 2018 10: +0,0.422,5
Mar 27 2018 11: +0,0.419,4
Mar 27 2018 12: +0,0.419,6
Mar 27 2018 13: +0,0.414,12
Mar 27 2018 14: +0,0.417,7
Mar 27 2018 15: +0,0.422,12
Mar 27 2018 16: +0,0.427,16
Mar 27 2018 17: +0,0.412,6
Mar 27 2018 18: +0,0.425,10
Mar 27 2018 19: +0,0.405,8
Mar 27 2018 20: +0,0.4,7
Mar 27 2018 21: +0,0.419,2
Mar 27 2018 22: +0,0.417,8
Mar 27 2018 23: +0,0.424,1
Mar 28 2018 01: +0,0.393,2
Mar 28 2018 02: +0,0.399,2
Mar 28 2018 03: +0,0.4,4
Mar 28 2018 04: +0,0.4,1
Mar 28 2018 05: +0,0.407,2
Mar 28 2018 06: +0,0.389,1
Mar 28 2018 07: +0,0.388,3
Mar 28 2018 08: +0,0.34,6
Mar 28 2018 09: +0,0.359,5
Mar 28 2018 10: +0,0.373,4
Mar 28 2018 11: +0,0.391,7
Mar 28 2018 12: +0,0.371,5
Mar 28 2018 13: +0,0.383,7
Mar 28 2018 14: +0,0.383,5
Mar 28 2018 15: +0,0.397,6
Mar 28 2018 16: +0,0.414,11
Mar 28 2018 17: +0,0.418,12
Mar 28 2018 18: +0,0.423,11
Mar 28 2018 19: +0,0.41,6
Mar 28 2018 20: +0,0.383,5
Mar 28 2018 21: +0,0.398,7
Mar 28 2018 22: +0,0.384,1
Mar 28 2018 23: +0,0.398,2
Mar 29 2018 00: +0,0.382,6
Mar 29 2018 01: +0,0.383,3
Mar 29 2018 02: +0,0.406,3
Mar 29 2018 04: +0,0.391,1
Mar 29 2018 05: +0,0.416,1
Mar 29 2018 06: +0,0.37,5
Mar 29 2018 07: +0,0.417,6
Mar 29 2018 08: +0,0.424,4
Mar 29 2018 09: +0,0.391,7
Mar 29 2018 10: +0,0.42,4
Mar 29 2018 11: +0,0.432,9
Mar 29 2018 12: +0,0.44,5
Mar 29 2018 13: +0,0.41,8
Mar 29 2018 14: +0,0.416,8
Mar 29 2018 15: +0,0.425,8
Mar 29 2018 16: +0,0.441,8
Mar 29 2018 17: +0,0.429,8
Mar 29 2018 18: +0,0.441,11
Mar 29 2018 19: +0,0.424,9
Mar 29 2018 20: +0,0.401,4
Mar 29 2018 21: +0,0.431,4
Mar 29 2018 22: +0,0.425,3
Mar 29 2018 23: +0,0.433,4
Mar 30 2018 00: +0,0.419,3
Mar 30 2018 01: +0,0.425,4
Mar 30 2018 02: +0,0.43,2
Mar 30 2018 03: +0,0.438,4
Mar 30 2018 04: +0,0.436,3
Mar 30 2018 05: +0,0.427,4
Mar 30 2018 06: +0,0.422,2
Mar 30 2018 07: +0,0.427,4
Mar 30 2018 08: +0,0.42,1
Mar 30 2018 09: +0,0.413,8
Mar 30 2018 10: +0,0.365,6
Mar 30 2018 11: +0,0.394,9
Mar 30 2018 12: +0,0.384,4
Mar 30 2018 13: +0,0.382,9
Mar 30 2018 14: +0,0.357,8
Mar 30 2018 15: +0,0.394,11
Mar 30 2018 16: +0,0.407,13
Mar 30 2018 17: +0,0.419,7
