Apr 16 2015 01: +0,2.537,1354
Apr 17 2015 01: +0,1.573,1436
Apr 18 2015 01: +0,1.105,1715
Apr 19 2015 01: +0,0.976,1337
Apr 20 2015 01: +0,0.88,1404
Apr 21 2015 01: +0,0.853,1242
Apr 22 2015 01: +0,0.817,1261
Apr 23 2015 01: +0,0.775,1303
Apr 24 2015 01: +0,0.752,1607
Apr 25 2015 01: +0,0.723,2002
Apr 26 2015 01: +0,0.658,1990
Apr 27 2015 01: +0,0.635,1767
Apr 28 2015 01: +0,0.635,1537
Apr 29 2015 01: +0,0.62,1596
Apr 30 2015 01: +0,0.638,1880
May 01 2015 01: +0,0.648,1719
May 02 2015 01: +0,0.615,2074
May 03 2015 01: +0,0.585,2171
May 04 2015 01: +0,0.554,1936
May 05 2015 01: +0,0.564,1665
May 06 2015 01: +0,0.557,1618
May 07 2015 01: +0,0.552,1573
May 08 2015 01: +0,0.562,2104
May 09 2015 01: +0,0.54,2066
May 10 2015 01: +0,0.505,2187
May 11 2015 01: +0,0.499,1830
May 12 2015 01: +0,0.503,1628
May 13 2015 01: +0,0.509,1845
May 14 2015 01: +0,0.503,1870
May 15 2015 01: +0,0.499,1862
May 16 2015 01: +0,0.512,1965
May 17 2015 01: +0,0.477,2115
May 18 2015 01: +0,0.476,1839
May 19 2015 01: +0,0.465,1785
May 20 2015 01: +0,0.467,1735
May 21 2015 01: +0,0.455,1689
May 22 2015 01: +0,0.456,2011
May 23 2015 01: +0,0.466,2285
May 24 2015 01: +0,0.448,2017
May 25 2015 01: +0,0.432,1962
May 26 2015 01: +0,0.438,1847
May 27 2015 01: +0,0.282,2715
May 28 2015 01: +0,0.335,2556
May 29 2015 01: +0,0.364,2606
May 30 2015 01: +0,0.39,2422
May 31 2015 01: +0,0.393,2637
Jun 01 2015 01: +0,0.396,2272
Jun 02 2015 01: +0,0.399,2176
Jun 03 2015 01: +0,0.39,2297
Jun 04 2015 01: +0,0.369,2178
Jun 05 2015 01: +0,0.344,2230
Jun 06 2015 01: +0,0.352,2368
Jun 07 2015 01: +0,0.347,2224
Jun 08 2015 01: +0,0.346,2021
Jun 09 2015 01: +0,0.352,2015
Jun 10 2015 01: +0,0.349,2249
Jun 11 2015 01: +0,0.343,2036
Jun 12 2015 01: +0,0.314,2132
Jun 13 2015 01: +0,0.318,2429
Jun 14 2015 01: +0,0.304,2337
Jun 15 2015 01: +0,0.301,2186
Jun 16 2015 01: +0,0.303,2065
Jun 17 2015 01: +0,0.306,2075
Jun 18 2015 01: +0,0.307,1878
Jun 19 2015 01: +0,0.31,2243
Jun 20 2015 01: +0,0.306,2054
Jun 21 2015 01: +0,0.295,2087
Jun 22 2015 01: +0,0.294,2055
Jun 23 2015 01: +0,0.317,2289
Jun 24 2015 01: +0,0.329,1938
Jun 25 2015 01: +0,0.338,2201
Jun 26 2015 01: +0,0.336,2161
Jun 27 2015 01: +0,0.34,2194
Jun 28 2015 01: +0,0.339,2295
Jun 29 2015 01: +0,0.331,2210
Jun 30 2015 01: +0,0.341,2102
Jul 01 2015 01: +0,0.341,2420
Jul 02 2015 01: +0,0.339,2166
Jul 03 2015 01: +0,0.337,2065
Jul 04 2015 01: +0,0.341,1935
Jul 05 2015 01: +0,0.338,1978
Jul 06 2015 01: +0,0.334,1953
Jul 07 2015 01: +0,0.331,2169
Jul 08 2015 01: +0,0.332,2047
Jul 09 2015 01: +0,0.331,2294
Jul 10 2015 01: +0,0.337,2259
Jul 11 2015 01: +0,0.329,1981
Jul 12 2015 01: +0,0.32,1985
Jul 13 2015 01: +0,0.315,2212
Jul 14 2015 01: +0,0.319,1957
Jul 15 2015 01: +0,0.315,2045
Jul 16 2015 01: +0,0.311,2040
Jul 17 2015 01: +0,0.315,2234
Jul 18 2015 01: +0,0.312,2190
Jul 19 2015 01: +0,0.314,2146
Jul 20 2015 01: +0,0.308,2268
Jul 21 2015 01: +0,0.308,2185
Jul 22 2015 01: +0,0.309,2065
Jul 23 2015 01: +0,0.308,2228
Jul 24 2015 01: +0,0.306,2255
Jul 25 2015 01: +0,0.309,2194
Jul 26 2015 01: +0,0.303,1978
Jul 27 2015 01: +0,0.307,2225
Jul 28 2015 01: +0,0.308,2129
Jul 29 2015 01: +0,0.307,2053
Jul 30 2015 01: +0,0.305,2252
Jul 31 2015 01: +0,0.301,2300
Aug 01 2015 01: +0,0.297,2086
Aug 02 2015 01: +0,0.292,2016
Aug 03 2015 01: +0,0.298,2278
Aug 04 2015 01: +0,0.299,2149
Aug 05 2015 01: +0,0.295,2072
Aug 06 2015 01: +0,0.296,2113
Aug 07 2015 01: +0,0.293,2248
Aug 08 2015 01: +0,0.296,2235
Aug 09 2015 01: +0,0.294,2167
Aug 10 2015 01: +0,0.293,2137
Aug 11 2015 01: +0,0.291,2062
Aug 12 2015 01: +0,0.289,2052
Aug 13 2015 01: +0,0.285,2004
Aug 14 2015 01: +0,0.289,2308
Aug 15 2015 01: +0,0.246,2405
Aug 16 2015 01: +0,0.24,2193
Aug 17 2015 01: +0,0.251,2222
Aug 18 2015 01: +0,0.258,2057
Aug 19 2015 01: +0,0.26,2016
Aug 20 2015 01: +0,0.254,2019
Aug 21 2015 01: +0,0.244,2380
Aug 22 2015 01: +0,0.253,2442
Aug 23 2015 01: +0,0.225,2361
Aug 24 2015 01: +0,0.236,2616
Aug 25 2015 01: +0,0.272,2407
Aug 26 2015 01: +0,0.285,2424
Aug 27 2015 01: +0,0.292,2300
Aug 28 2015 01: +0,0.294,2525
Aug 29 2015 01: +0,0.302,2438
Aug 30 2015 01: +0,0.299,2526
Aug 31 2015 01: +0,0.304,2552
Sep 01 2015 01: +0,0.308,2359
Sep 02 2015 01: +0,0.304,2128
Sep 03 2015 01: +0,0.301,2126
Sep 04 2015 01: +0,0.302,2179
Sep 05 2015 01: +0,0.301,2613
Sep 06 2015 01: +0,0.299,2409
Sep 07 2015 01: +0,0.296,1946
Sep 08 2015 01: +0,0.298,2054
Sep 09 2015 01: +0,0.296,1769
Sep 10 2015 01: +0,0.301,2342
Sep 11 2015 01: +0,0.293,2263
Sep 12 2015 01: +0,0.298,2650
Sep 13 2015 01: +0,0.296,2602
Sep 14 2015 01: +0,0.293,2156
Sep 15 2015 01: +0,0.294,2102
Sep 16 2015 01: +0,0.297,2446
Sep 17 2015 01: +0,0.298,2285
Sep 18 2015 01: +0,0.292,3200
Sep 19 2015 01: +0,0.309,3776
Sep 20 2015 01: +0,0.312,3463
Sep 21 2015 01: +0,0.305,2949
Sep 22 2015 01: +0,0.301,2532
Sep 23 2015 01: +0,0.308,2594
Sep 24 2015 01: +0,0.308,2480
Sep 25 2015 01: +0,0.31,2913
Sep 26 2015 01: +0,0.31,3290
Sep 27 2015 01: +0,0.308,2863
Sep 28 2015 01: +0,0.307,2441
Sep 29 2015 01: +0,0.307,2429
Sep 30 2015 01: +0,0.304,2376
Oct 01 2015 01: +0,0.304,2203
Oct 02 2015 01: +0,0.305,2496
Oct 03 2015 01: +0,0.301,2720
Oct 04 2015 01: +0,0.297,2350
Oct 05 2015 01: +0,0.297,2440
Oct 06 2015 01: +0,0.309,1991
Oct 07 2015 01: +0,0.304,2036
Oct 08 2015 01: +0,0.311,2175
Oct 09 2015 01: +0,0.307,2045
Oct 10 2015 01: +0,0.305,2367
Oct 11 2015 01: +0,0.299,2274
Oct 12 2015 01: +0,0.297,1824
Oct 13 2015 01: +0,0.294,1726
Oct 14 2015 01: +0,0.287,1914
Oct 15 2015 01: +0,0.286,1981
Oct 16 2015 01: +0,0.283,1732
Oct 17 2015 01: +0,0.282,2425
Oct 18 2015 01: +0,0.28,2306
Oct 19 2015 01: +0,0.267,1673
Oct 20 2015 01: +0,0.274,1638
Oct 21 2015 01: +0,0.249,1912
Oct 22 2015 01: +0,0.244,1586
Oct 23 2015 01: +0,0.257,2279
Oct 24 2015 01: +0,0.258,2617
Oct 25 2015 01: +0,0.251,2443
Oct 26 2015 01: +0,0.257,1836
Oct 27 2015 01: +0,0.259,1704
Oct 28 2015 01: +0,0.246,1940
Oct 29 2015 01: +0,0.244,2061
Oct 30 2015 01: +0,0.244,2285
Oct 31 2015 01: +0,0.246,2487
Nov 01 2015 01: +0,0.216,2538
Nov 02 2015 01: +0,0.223,2160
Nov 03 2015 01: +0,0.241,1899
Nov 04 2015 01: +0,0.259,1952
Nov 05 2015 01: +0,0.267,1729
Nov 06 2015 01: +0,0.267,2000
Nov 07 2015 01: +0,0.272,2365
Nov 08 2015 01: +0,0.268,2118
Nov 09 2015 01: +0,0.27,1712
Nov 10 2015 01: +0,0.269,1522
Nov 11 2015 01: +0,0.267,1591
Nov 12 2015 01: +0,0.265,1518
Nov 13 2015 01: +0,0.265,1655
Nov 14 2015 01: +0,0.264,1988
Nov 15 2015 01: +0,0.257,1913
Nov 16 2015 01: +0,0.257,1667
Nov 17 2015 01: +0,0.256,1534
Nov 18 2015 01: +0,0.255,1615
Nov 19 2015 01: +0,0.26,1392
Nov 20 2015 01: +0,0.26,1626
Nov 21 2015 01: +0,0.259,1856
Nov 22 2015 01: +0,0.234,1290
Nov 23 2015 01: +0,0.224,1510
Nov 24 2015 01: +0,0.255,1950
Nov 25 2015 01: +0,0.258,1704
Nov 26 2015 01: +0,0.223,1643
Nov 27 2015 01: +0,0.22,2014
Nov 28 2015 01: +0,0.227,2055
Nov 29 2015 01: +0,0.222,2021
Nov 30 2015 01: +0,0.221,1500
Dec 01 2015 01: +0,0.224,1409
Dec 02 2015 01: +0,0.239,1413
Dec 03 2015 01: +0,0.247,1618
Dec 04 2015 01: +0,0.26,1865
Dec 05 2015 01: +0,0.268,2186
Dec 06 2015 01: +0,0.27,2103
Dec 07 2015 01: +0,0.278,1563
Dec 08 2015 01: +0,0.273,1665
Dec 09 2015 01: +0,0.268,2191
Dec 10 2015 01: +0,0.276,1809
Dec 11 2015 01: +0,0.287,2089
Dec 12 2015 01: +0,0.292,2481
Dec 13 2015 01: +0,0.285,2179
Dec 14 2015 01: +0,0.287,1676
Dec 15 2015 01: +0,0.29,1683
Dec 16 2015 01: +0,0.292,1686
Dec 17 2015 01: +0,0.292,1492
Dec 18 2015 01: +0,0.281,1640
Dec 19 2015 01: +0,0.277,1884
Dec 20 2015 01: +0,0.264,1784
Dec 21 2015 01: +0,0.262,1643
Dec 22 2015 01: +0,0.26,1570
Dec 23 2015 01: +0,0.216,1913
Dec 24 2015 01: +0,0.219,1777
Dec 25 2015 01: +0,0.242,2065
Dec 26 2015 01: +0,0.248,2191
Dec 27 2015 01: +0,0.251,2139
Dec 28 2015 01: +0,0.246,2107
Dec 29 2015 01: +0,0.246,2036
Dec 30 2015 01: +0,0.248,2052
Dec 31 2015 01: +0,0.25,1836
Jan 01 2016 01: +0,0.233,2060
Jan 02 2016 01: +0,0.229,2332
Jan 03 2016 01: +0,0.229,2161
Jan 04 2016 01: +0,0.226,1833
Jan 05 2016 01: +0,0.245,1844
Jan 06 2016 01: +0,0.256,1647
Jan 07 2016 01: +0,0.257,1624
Jan 08 2016 01: +0,0.273,2154
Jan 09 2016 01: +0,0.272,2067
Jan 10 2016 01: +0,0.268,2048
Jan 11 2016 01: +0,0.266,1703
Jan 12 2016 01: +0,0.266,1684
Jan 13 2016 01: +0,0.275,1565
Jan 14 2016 01: +0,0.275,1460
Jan 15 2016 01: +0,0.272,1593
Jan 16 2016 01: +0,0.267,1889
Jan 17 2016 01: +0,0.261,1847
Jan 18 2016 01: +0,0.262,1540
Jan 19 2016 01: +0,0.253,1567
Jan 20 2016 01: +0,0.25,1562
Jan 21 2016 01: +0,0.257,1472
Jan 22 2016 01: +0,0.263,1710
Jan 23 2016 01: +0,0.261,2010
Jan 24 2016 01: +0,0.258,1695
Jan 25 2016 01: +0,0.261,1491
Jan 26 2016 01: +0,0.26,1501
Jan 27 2016 01: +0,0.26,1585
Jan 28 2016 01: +0,0.26,1300
Jan 29 2016 01: +0,0.257,1558
Jan 30 2016 01: +0,0.256,1906
Jan 31 2016 01: +0,0.255,1935
Feb 01 2016 01: +0,0.252,1566
Feb 02 2016 01: +0,0.255,1440
Feb 03 2016 01: +0,0.252,1402
Feb 04 2016 01: +0,0.254,1706
Feb 05 2016 01: +0,0.254,1649
Feb 06 2016 01: +0,0.235,1952
Feb 07 2016 01: +0,0.215,1650
Feb 08 2016 01: +0,0.212,1516
Feb 09 2016 01: +0,0.223,1519
Feb 10 2016 01: +0,0.218,1440
Feb 11 2016 01: +0,0.215,1407
Feb 12 2016 01: +0,0.222,1724
Feb 13 2016 01: +0,0.235,2061
Feb 14 2016 01: +0,0.242,2019
Feb 15 2016 01: +0,0.239,1656
Feb 16 2016 01: +0,0.241,1412
Feb 17 2016 01: +0,0.237,1471
Feb 18 2016 01: +0,0.201,2317
Feb 19 2016 01: +0,0.215,2204
Feb 20 2016 01: +0,0.226,2635
Feb 21 2016 01: +0,0.231,2476
Feb 22 2016 01: +0,0.23,2026
Feb 23 2016 01: +0,0.235,1827
Feb 24 2016 01: +0,0.234,1918
Feb 25 2016 01: +0,0.233,1928
Feb 26 2016 01: +0,0.238,2288
Feb 27 2016 01: +0,0.236,2308
Feb 28 2016 01: +0,0.239,1679
Feb 29 2016 01: +0,0.236,1854
Mar 01 2016 01: +0,0.241,1690
Mar 02 2016 01: +0,0.246,1571
Mar 03 2016 01: +0,0.246,1890
Mar 04 2016 01: +0,0.236,1916
Mar 05 2016 01: +0,0.24,2219
Mar 06 2016 01: +0,0.236,2280
Mar 07 2016 01: +0,0.235,1530
Mar 08 2016 01: +0,0.238,1518
Mar 09 2016 01: +0,0.238,1355
Mar 10 2016 01: +0,0.256,1120
Mar 11 2016 01: +0,0.263,1212
Mar 12 2016 01: +0,0.281,1506
Mar 13 2016 01: +0,0.286,1484
Mar 14 2016 01: +0,0.286,1068
Mar 15 2016 01: +0,0.288,1070
Mar 16 2016 01: +0,0.297,1041
Mar 17 2016 01: +0,0.294,1084
Mar 18 2016 01: +0,0.288,1169
Mar 19 2016 01: +0,0.295,1429
Mar 20 2016 01: +0,0.295,1229
Mar 21 2016 01: +0,0.291,1081
Mar 22 2016 01: +0,0.295,1080
Mar 23 2016 01: +0,0.292,987
Mar 24 2016 01: +0,0.288,1115
Mar 25 2016 01: +0,0.285,1222
Mar 26 2016 01: +0,0.284,1103
Mar 27 2016 01: +0,0.283,1369
Mar 28 2016 01: +0,0.274,1357
Mar 29 2016 01: +0,0.267,1085
Mar 30 2016 01: +0,0.265,1235
Mar 31 2016 01: +0,0.269,1340
Apr 01 2016 01: +0,0.287,1510
Apr 02 2016 01: +0,0.295,1411
Apr 03 2016 01: +0,0.266,1675
Apr 04 2016 01: +0,0.276,1362
Apr 05 2016 01: +0,0.289,1268
Apr 06 2016 01: +0,0.296,1380
Apr 07 2016 01: +0,0.298,1139
Apr 08 2016 01: +0,0.3,1291
Apr 09 2016 01: +0,0.304,1451
Apr 10 2016 01: +0,0.299,1679
Apr 11 2016 01: +0,0.302,1233
Apr 12 2016 01: +0,0.302,1142
Apr 13 2016 01: +0,0.297,1203
Apr 14 2016 01: +0,0.295,1267
Apr 15 2016 01: +0,0.3,1280
Apr 16 2016 01: +0,0.306,1484
Apr 17 2016 01: +0,0.302,1398
Apr 18 2016 01: +0,0.292,1215
Apr 19 2016 01: +0,0.29,1071
Apr 20 2016 01: +0,0.294,1162
Apr 21 2016 01: +0,0.293,1214
Apr 22 2016 01: +0,0.298,1169
Apr 23 2016 01: +0,0.299,1253
Apr 24 2016 01: +0,0.295,1537
Apr 25 2016 01: +0,0.29,1045
Apr 26 2016 01: +0,0.287,1280
Apr 27 2016 01: +0,0.29,1325
Apr 28 2016 01: +0,0.291,1431
Apr 29 2016 01: +0,0.297,1576
Apr 30 2016 01: +0,0.296,1668
May 01 2016 01: +0,0.301,1948
May 02 2016 01: +0,0.3,1471
May 03 2016 01: +0,0.303,1424
May 04 2016 01: +0,0.304,1417
May 05 2016 01: +0,0.306,1446
May 06 2016 01: +0,0.3,1392
May 07 2016 01: +0,0.302,1289
May 08 2016 01: +0,0.298,1416
May 09 2016 01: +0,0.297,1180
May 10 2016 01: +0,0.296,1133
May 11 2016 01: +0,0.295,1123
May 12 2016 01: +0,0.294,1116
May 13 2016 01: +0,0.295,1275
May 14 2016 01: +0,0.292,1772
May 15 2016 01: +0,0.288,1509
May 16 2016 01: +0,0.287,1128
May 17 2016 01: +0,0.277,1109
May 18 2016 01: +0,0.261,977
May 19 2016 01: +0,0.25,1186
May 20 2016 01: +0,0.23,1474
May 21 2016 01: +0,0.244,1654
May 22 2016 01: +0,0.238,1377
May 23 2016 01: +0,0.241,1094
May 24 2016 01: +0,0.236,975
May 25 2016 01: +0,0.242,923
May 26 2016 01: +0,0.246,981
May 27 2016 01: +0,0.243,1050
May 28 2016 01: +0,0.25,1040
May 29 2016 01: +0,0.246,951
May 30 2016 01: +0,0.243,1022
May 31 2016 01: +0,0.243,1076
Jun 01 2016 01: +0,0.239,1173
Jun 02 2016 01: +0,0.237,1086
Jun 03 2016 01: +0,0.237,1130
Jun 04 2016 01: +0,0.24,1261
Jun 05 2016 01: +0,0.238,992
Jun 06 2016 01: +0,0.239,930
Jun 07 2016 01: +0,0.231,810
Jun 08 2016 01: +0,0.235,1090
Jun 09 2016 01: +0,0.233,803
Jun 10 2016 01: +0,0.236,1060
Jun 11 2016 01: +0,0.235,906
Jun 12 2016 01: +0,0.234,990
Jun 13 2016 01: +0,0.233,1007
Jun 14 2016 01: +0,0.228,839
Jun 15 2016 01: +0,0.229,933
Jun 16 2016 01: +0,0.23,1255
Jun 17 2016 01: +0,0.248,1279
Jun 18 2016 01: +0,0.251,1133
Jun 19 2016 01: +0,0.256,1331
Jun 20 2016 01: +0,0.253,1136
Jun 21 2016 01: +0,0.26,991
Jun 22 2016 01: +0,0.248,873
Jun 23 2016 01: +0,0.227,970
Jun 24 2016 01: +0,0.212,1101
Jun 25 2016 01: +0,0.213,1179
Jun 26 2016 01: +0,0.211,1343
Jun 27 2016 01: +0,0.205,1071
Jun 28 2016 01: +0,0.208,1053
Jun 29 2016 01: +0,0.209,999
Jun 30 2016 01: +0,0.217,943
Jul 01 2016 01: +0,0.221,961
Jul 02 2016 01: +0,0.221,1083
Jul 03 2016 01: +0,0.216,808
Jul 04 2016 01: +0,0.213,1162
Jul 05 2016 01: +0,0.221,1206
Jul 06 2016 01: +0,0.234,1056
Jul 07 2016 01: +0,0.238,879
Jul 08 2016 01: +0,0.241,1018
Jul 09 2016 01: +0,0.246,1066
Jul 10 2016 01: +0,0.236,1005
Jul 11 2016 01: +0,0.231,790
Jul 12 2016 01: +0,0.246,836
Jul 13 2016 01: +0,0.257,818
Jul 14 2016 01: +0,0.255,788
Jul 15 2016 01: +0,0.26,903
Jul 16 2016 01: +0,0.271,937
Jul 17 2016 01: +0,0.276,755
Jul 18 2016 01: +0,0.28,745
Jul 19 2016 01: +0,0.276,711
Jul 20 2016 01: +0,0.281,742
Jul 21 2016 01: +0,0.279,604
Jul 22 2016 01: +0,0.276,643
Jul 23 2016 01: +0,0.27,525
Jul 24 2016 01: +0,0.27,648
Jul 25 2016 01: +0,0.278,778
Jul 26 2016 01: +0,0.276,696
Jul 27 2016 01: +0,0.277,838
Jul 28 2016 01: +0,0.274,730
Jul 29 2016 01: +0,0.278,767
Jul 30 2016 01: +0,0.278,780
Jul 31 2016 01: +0,0.278,730
Aug 01 2016 01: +0,0.277,627
Aug 02 2016 01: +0,0.275,605
Aug 03 2016 01: +0,0.278,550
Aug 04 2016 01: +0,0.269,553
Aug 05 2016 01: +0,0.273,588
Aug 06 2016 01: +0,0.264,625
Aug 07 2016 01: +0,0.266,580
Aug 08 2016 01: +0,0.26,531
Aug 09 2016 01: +0,0.257,626
Aug 10 2016 01: +0,0.26,531
Aug 11 2016 01: +0,0.258,487
Aug 12 2016 01: +0,0.254,481
Aug 13 2016 01: +0,0.259,608
Aug 14 2016 01: +0,0.254,623
Aug 15 2016 01: +0,0.26,548
Aug 16 2016 01: +0,0.26,631
Aug 17 2016 01: +0,0.263,749
Aug 18 2016 01: +0,0.263,717
Aug 19 2016 01: +0,0.263,803
Aug 20 2016 01: +0,0.262,730
Aug 21 2016 01: +0,0.26,689
Aug 22 2016 01: +0,0.254,574
Aug 23 2016 01: +0,0.254,663
Aug 24 2016 01: +0,0.253,590
Aug 25 2016 01: +0,0.255,648
Aug 26 2016 01: +0,0.256,706
Aug 27 2016 01: +0,0.261,718
Aug 28 2016 01: +0,0.26,738
Aug 29 2016 01: +0,0.261,675
Aug 30 2016 01: +0,0.266,637
Aug 31 2016 01: +0,0.26,638
Sep 01 2016 01: +0,0.272,651
Sep 02 2016 01: +0,0.268,575
Sep 03 2016 01: +0,0.268,714
Sep 04 2016 01: +0,0.268,648
Sep 05 2016 01: +0,0.267,608
Sep 06 2016 01: +0,0.264,487
Sep 07 2016 01: +0,0.267,504
Sep 08 2016 01: +0,0.269,574
Sep 09 2016 01: +0,0.27,645
Sep 10 2016 01: +0,0.268,602
Sep 11 2016 01: +0,0.266,775
Sep 12 2016 01: +0,0.266,535
Sep 13 2016 01: +0,0.256,456
Sep 14 2016 01: +0,0.259,491
Sep 15 2016 01: +0,0.257,548
Sep 16 2016 01: +0,0.255,652
Sep 17 2016 01: +0,0.248,563
Sep 18 2016 01: +0,0.243,689
Sep 19 2016 01: +0,0.241,472
Sep 20 2016 01: +0,0.241,426
Sep 21 2016 01: +0,0.247,520
Sep 22 2016 01: +0,0.242,467
Sep 23 2016 01: +0,0.25,519
Sep 24 2016 01: +0,0.249,767
Sep 25 2016 01: +0,0.246,543
Sep 26 2016 01: +0,0.238,535
Sep 27 2016 01: +0,0.238,539
Sep 28 2016 01: +0,0.246,484
Sep 29 2016 01: +0,0.241,485
Sep 30 2016 01: +0,0.248,573
Oct 01 2016 01: +0,0.252,537
Oct 02 2016 01: +0,0.246,576
Oct 03 2016 01: +0,0.244,592
Oct 04 2016 01: +0,0.241,432
Oct 05 2016 01: +0,0.244,501
Oct 06 2016 01: +0,0.239,421
Oct 07 2016 01: +0,0.233,524
Oct 08 2016 01: +0,0.236,617
Oct 09 2016 01: +0,0.23,525
Oct 10 2016 01: +0,0.224,402
Oct 11 2016 01: +0,0.225,440
Oct 12 2016 01: +0,0.233,401
Oct 13 2016 01: +0,0.232,438
Oct 14 2016 01: +0,0.232,763
Oct 15 2016 01: +0,0.223,577
Oct 16 2016 01: +0,0.222,585
Oct 17 2016 01: +0,0.214,545
Oct 18 2016 01: +0,0.209,1454
Oct 19 2016 01: +0,0.202,767
Oct 20 2016 01: +0,0.215,869
Oct 21 2016 01: +0,0.22,716
Oct 22 2016 01: +0,0.219,664
Oct 23 2016 01: +0,0.218,481
Oct 24 2016 01: +0,0.217,410
Oct 25 2016 01: +0,0.214,533
Oct 26 2016 01: +0,0.212,505
Oct 27 2016 01: +0,0.207,475
Oct 28 2016 01: +0,0.205,451
Oct 29 2016 01: +0,0.204,496
Oct 30 2016 01: +0,0.209,641
Oct 31 2016 01: +0,0.203,388
Nov 01 2016 01: +0,0.203,535
Nov 02 2016 01: +0,0.206,478
Nov 03 2016 01: +0,0.209,340
Nov 04 2016 01: +0,0.219,477
Nov 05 2016 01: +0,0.222,616
Nov 06 2016 01: +0,0.222,540
Nov 07 2016 01: +0,0.222,507
Nov 08 2016 01: +0,0.222,382
Nov 09 2016 01: +0,0.222,394
Nov 10 2016 01: +0,0.225,428
Nov 11 2016 01: +0,0.22,479
Nov 12 2016 01: +0,0.221,732
Nov 13 2016 01: +0,0.22,623
Nov 14 2016 01: +0,0.218,458
Nov 15 2016 01: +0,0.219,381
Nov 16 2016 01: +0,0.221,464
Nov 17 2016 01: +0,0.22,392
Nov 18 2016 01: +0,0.221,458
Nov 19 2016 01: +0,0.222,528
Nov 20 2016 01: +0,0.217,490
Nov 21 2016 01: +0,0.217,488
Nov 22 2016 01: +0,0.215,394
Nov 23 2016 01: +0,0.209,394
Nov 24 2016 01: +0,0.2,380
Nov 25 2016 01: +0,0.195,425
Nov 26 2016 01: +0,0.196,555
Nov 27 2016 01: +0,0.191,478
Nov 28 2016 01: +0,0.194,448
Nov 29 2016 01: +0,0.199,426
Nov 30 2016 01: +0,0.213,753
Dec 01 2016 01: +0,0.22,572
Dec 02 2016 01: +0,0.223,625
Dec 03 2016 01: +0,0.231,582
Dec 04 2016 01: +0,0.227,603
Dec 05 2016 01: +0,0.226,427
Dec 06 2016 01: +0,0.224,527
Dec 07 2016 01: +0,0.231,544
Dec 08 2016 01: +0,0.229,568
Dec 09 2016 01: +0,0.234,411
Dec 10 2016 01: +0,0.235,636
Dec 11 2016 01: +0,0.239,534
Dec 12 2016 01: +0,0.239,484
Dec 13 2016 01: +0,0.221,344
Dec 14 2016 01: +0,0.224,396
Dec 15 2016 01: +0,0.221,438
Dec 16 2016 01: +0,0.22,494
Dec 17 2016 01: +0,0.225,585
Dec 18 2016 01: +0,0.22,472
Dec 19 2016 01: +0,0.214,444
Dec 20 2016 01: +0,0.212,424
Dec 21 2016 01: +0,0.218,435
Dec 22 2016 01: +0,0.209,423
Dec 23 2016 01: +0,0.19,473
Dec 24 2016 01: +0,0.194,601
Dec 25 2016 01: +0,0.212,633
Dec 26 2016 01: +0,0.218,585
Dec 27 2016 01: +0,0.219,601
Dec 28 2016 01: +0,0.223,604
Dec 29 2016 01: +0,0.22,584
Dec 30 2016 01: +0,0.22,611
Dec 31 2016 01: +0,0.22,659
Jan 01 2017 01: +0,0.219,638
Jan 02 2017 01: +0,0.219,636
Jan 03 2017 01: +0,0.229,588
Jan 04 2017 01: +0,0.233,536
Jan 05 2017 01: +0,0.229,573
Jan 06 2017 01: +0,0.239,663
Jan 07 2017 01: +0,0.24,597
Jan 08 2017 01: +0,0.235,546
Jan 09 2017 01: +0,0.239,484
Jan 10 2017 01: +0,0.241,473
Jan 11 2017 01: +0,0.242,499
Jan 12 2017 01: +0,0.241,445
Jan 13 2017 01: +0,0.236,556
Jan 14 2017 01: +0,0.232,625
Jan 15 2017 01: +0,0.227,491
Jan 16 2017 01: +0,0.226,583
Jan 17 2017 01: +0,0.229,555
Jan 18 2017 01: +0,0.229,438
Jan 19 2017 01: +0,0.226,405
Jan 20 2017 01: +0,0.233,580
Jan 21 2017 01: +0,0.237,512
Jan 22 2017 01: +0,0.23,517
Jan 23 2017 01: +0,0.232,561
Jan 24 2017 01: +0,0.237,512
Jan 25 2017 01: +0,0.244,450
Jan 26 2017 01: +0,0.242,538
Jan 27 2017 01: +0,0.248,497
Jan 28 2017 01: +0,0.25,685
Jan 29 2017 01: +0,0.25,558
Jan 30 2017 01: +0,0.242,461
Jan 31 2017 01: +0,0.245,489
Feb 01 2017 01: +0,0.252,439
Feb 02 2017 01: +0,0.257,565
Feb 03 2017 01: +0,0.256,511
Feb 04 2017 01: +0,0.262,695
Feb 05 2017 01: +0,0.257,489
Feb 06 2017 01: +0,0.259,535
Feb 07 2017 01: +0,0.263,457
Feb 08 2017 01: +0,0.261,443
Feb 09 2017 01: +0,0.264,432
Feb 10 2017 01: +0,0.263,633
Feb 11 2017 01: +0,0.263,683
Feb 12 2017 01: +0,0.264,635
Feb 13 2017 01: +0,0.261,479
Feb 14 2017 01: +0,0.258,398
Feb 15 2017 01: +0,0.256,452
Feb 16 2017 01: +0,0.253,500
Feb 17 2017 01: +0,0.258,514
Feb 18 2017 01: +0,0.253,555
Feb 19 2017 01: +0,0.25,663
Feb 20 2017 01: +0,0.248,493
Feb 21 2017 01: +0,0.249,493
Feb 22 2017 01: +0,0.251,406
Feb 23 2017 01: +0,0.258,454
Feb 24 2017 01: +0,0.259,554
Feb 25 2017 01: +0,0.256,639
Feb 26 2017 01: +0,0.257,560
Feb 27 2017 01: +0,0.251,475
Feb 28 2017 01: +0,0.254,501
Mar 01 2017 01: +0,0.252,480
Mar 02 2017 01: +0,0.253,480
Mar 03 2017 01: +0,0.252,560
Mar 04 2017 01: +0,0.257,687
Mar 05 2017 01: +0,0.253,580
Mar 06 2017 01: +0,0.251,398
Mar 07 2017 01: +0,0.25,413
Mar 08 2017 01: +0,0.255,373
Mar 09 2017 01: +0,0.256,399
Mar 10 2017 01: +0,0.255,387
Mar 11 2017 01: +0,0.25,524
Mar 12 2017 01: +0,0.258,552
Mar 13 2017 01: +0,0.257,442
Mar 14 2017 01: +0,0.249,402
Mar 15 2017 01: +0,0.249,467
Mar 16 2017 01: +0,0.254,680
Mar 17 2017 01: +0,0.256,595
Mar 18 2017 01: +0,0.259,851
Mar 19 2017 01: +0,0.266,920
Mar 20 2017 01: +0,0.26,622
Mar 21 2017 01: +0,0.256,468
Mar 22 2017 01: +0,0.258,554
Mar 23 2017 01: +0,0.26,501
Mar 24 2017 01: +0,0.266,609
Mar 25 2017 01: +0,0.258,617
Mar 26 2017 01: +0,0.253,591
Mar 27 2017 01: +0,0.244,556
Mar 28 2017 01: +0,0.246,485
Mar 29 2017 01: +0,0.242,443
Mar 30 2017 01: +0,0.239,444
Mar 31 2017 01: +0,0.243,548
Apr 01 2017 01: +0,0.245,679
Apr 02 2017 01: +0,0.241,697
Apr 03 2017 01: +0,0.241,464
Apr 04 2017 01: +0,0.245,502
Apr 05 2017 01: +0,0.245,586
Apr 06 2017 01: +0,0.239,432
Apr 07 2017 01: +0,0.24,427
Apr 08 2017 01: +0,0.244,540
Apr 09 2017 01: +0,0.242,477
Apr 10 2017 01: +0,0.237,431
Apr 11 2017 01: +0,0.236,428
Apr 12 2017 01: +0,0.235,386
Apr 13 2017 01: +0,0.235,426
Apr 14 2017 01: +0,0.239,559
Apr 15 2017 01: +0,0.245,796
Apr 16 2017 01: +0,0.25,667
Apr 17 2017 01: +0,0.245,531
Apr 18 2017 01: +0,0.242,487
Apr 19 2017 01: +0,0.247,446
Apr 20 2017 01: +0,0.25,541
Apr 21 2017 01: +0,0.255,534
Apr 22 2017 01: +0,0.26,493
Apr 23 2017 01: +0,0.254,432
Apr 24 2017 01: +0,0.249,354
Apr 25 2017 01: +0,0.245,348
Apr 26 2017 01: +0,0.252,387
Apr 27 2017 01: +0,0.246,301
Apr 28 2017 01: +0,0.25,434
Apr 29 2017 01: +0,0.247,404
Apr 30 2017 01: +0,0.249,470
May 01 2017 01: +0,0.25,489
May 02 2017 01: +0,0.242,333
May 03 2017 01: +0,0.249,370
May 04 2017 01: +0,0.245,285
May 05 2017 01: +0,0.248,415
May 06 2017 01: +0,0.251,497
May 07 2017 01: +0,0.248,477
May 08 2017 01: +0,0.252,409
May 09 2017 01: +0,0.249,303
May 10 2017 01: +0,0.252,319
May 11 2017 01: +0,0.251,342
May 12 2017 01: +0,0.255,336
May 13 2017 01: +0,0.259,524
May 14 2017 01: +0,0.258,482
May 15 2017 01: +0,0.254,376
May 16 2017 01: +0,0.256,382
May 17 2017 01: +0,0.253,266
May 18 2017 01: +0,0.26,312
May 19 2017 01: +0,0.259,323
May 20 2017 01: +0,0.262,371
May 21 2017 01: +0,0.258,409
May 22 2017 01: +0,0.256,269
May 23 2017 01: +0,0.252,279
May 24 2017 01: +0,0.231,444
May 25 2017 01: +0,0.235,381
May 26 2017 01: +0,0.249,425
May 27 2017 01: +0,0.256,470
May 28 2017 01: +0,0.257,535
May 29 2017 01: +0,0.26,430
May 30 2017 01: +0,0.257,388
May 31 2017 01: +0,0.257,330
Jun 01 2017 01: +0,0.259,321
Jun 02 2017 01: +0,0.259,318
Jun 03 2017 01: +0,0.262,353
Jun 04 2017 01: +0,0.261,445
Jun 05 2017 01: +0,0.264,352
Jun 06 2017 01: +0,0.264,299
Jun 07 2017 01: +0,0.267,374
Jun 08 2017 01: +0,0.27,333
Jun 09 2017 01: +0,0.271,416
Jun 10 2017 01: +0,0.27,335
Jun 11 2017 01: +0,0.26,321
Jun 12 2017 01: +0,0.261,309
Jun 13 2017 01: +0,0.262,333
Jun 14 2017 01: +0,0.26,327
Jun 15 2017 01: +0,0.26,249
Jun 16 2017 01: +0,0.253,333
Jun 17 2017 01: +0,0.252,295
Jun 18 2017 01: +0,0.253,273
Jun 19 2017 01: +0,0.256,257
Jun 20 2017 01: +0,0.256,259
Jun 21 2017 01: +0,0.25,365
Jun 22 2017 01: +0,0.24,364
Jun 23 2017 01: +0,0.22,329
Jun 24 2017 01: +0,0.222,311
Jun 25 2017 01: +0,0.222,280
Jun 26 2017 01: +0,0.22,237
Jun 27 2017 01: +0,0.222,318
Jun 28 2017 01: +0,0.224,302
Jun 29 2017 01: +0,0.224,257
Jun 30 2017 01: +0,0.233,264
Jul 01 2017 01: +0,0.236,274
Jul 02 2017 01: +0,0.231,294
Jul 03 2017 01: +0,0.234,285
Jul 04 2017 01: +0,0.237,304
Jul 05 2017 01: +0,0.244,466
Jul 06 2017 01: +0,0.25,358
Jul 07 2017 01: +0,0.243,282
Jul 08 2017 01: +0,0.245,287
Jul 09 2017 01: +0,0.251,294
Jul 10 2017 01: +0,0.252,205
Jul 11 2017 01: +0,0.254,237
Jul 12 2017 01: +0,0.252,243
Jul 13 2017 01: +0,0.252,229
Jul 14 2017 01: +0,0.248,292
Jul 15 2017 01: +0,0.255,284
Jul 16 2017 01: +0,0.252,255
Jul 17 2017 01: +0,0.259,203
Jul 18 2017 01: +0,0.26,293
Jul 19 2017 01: +0,0.266,360
Jul 20 2017 01: +0,0.264,355
Jul 21 2017 01: +0,0.276,286
Jul 22 2017 01: +0,0.276,284
Jul 23 2017 01: +0,0.266,317
Jul 24 2017 01: +0,0.259,288
Jul 25 2017 01: +0,0.262,249
Jul 26 2017 01: +0,0.263,285
Jul 27 2017 01: +0,0.267,318
Jul 28 2017 01: +0,0.275,308
Jul 29 2017 01: +0,0.285,265
Jul 30 2017 01: +0,0.284,293
Jul 31 2017 01: +0,0.287,366
Aug 01 2017 01: +0,0.289,195
Aug 02 2017 01: +0,0.292,276
Aug 03 2017 01: +0,0.285,337
Aug 04 2017 01: +0,0.286,319
Aug 05 2017 01: +0,0.286,369
Aug 06 2017 01: +0,0.288,336
Aug 07 2017 01: +0,0.282,328
Aug 08 2017 01: +0,0.295,367
Aug 09 2017 01: +0,0.292,357
Aug 10 2017 01: +0,0.284,317
Aug 11 2017 01: +0,0.284,345
Aug 12 2017 01: +0,0.285,288
Aug 13 2017 01: +0,0.281,339
Aug 14 2017 01: +0,0.282,335
Aug 15 2017 01: +0,0.284,276
Aug 16 2017 01: +0,0.282,280
Aug 17 2017 01: +0,0.284,275
Aug 18 2017 01: +0,0.288,273
Aug 19 2017 01: +0,0.278,288
Aug 20 2017 01: +0,0.286,372
Aug 21 2017 01: +0,0.28,254
Aug 22 2017 01: +0,0.28,319
Aug 23 2017 01: +0,0.281,303
Aug 24 2017 01: +0,0.28,288
Aug 25 2017 01: +0,0.289,325
Aug 26 2017 01: +0,0.297,267
Aug 27 2017 01: +0,0.298,280
Aug 28 2017 01: +0,0.293,267
Aug 29 2017 01: +0,0.29,283
Aug 30 2017 01: +0,0.288,319
Aug 31 2017 01: +0,0.292,227
Sep 01 2017 01: +0,0.294,289
Sep 02 2017 01: +0,0.308,326
Sep 03 2017 01: +0,0.312,336
Sep 04 2017 01: +0,0.309,305
Sep 05 2017 01: +0,0.303,241
Sep 06 2017 01: +0,0.304,236
Sep 07 2017 01: +0,0.307,237
Sep 08 2017 01: +0,0.309,264
Sep 09 2017 01: +0,0.308,352
Sep 10 2017 01: +0,0.305,274
Sep 11 2017 01: +0,0.316,413
Sep 12 2017 01: +0,0.306,258
Sep 13 2017 01: +0,0.303,235
Sep 14 2017 01: +0,0.304,250
Sep 15 2017 01: +0,0.312,367
Sep 16 2017 01: +0,0.323,385
Sep 17 2017 01: +0,0.328,333
Sep 18 2017 01: +0,0.324,295
Sep 19 2017 01: +0,0.325,297
Sep 20 2017 01: +0,0.327,253
Sep 21 2017 01: +0,0.33,277
Sep 22 2017 01: +0,0.33,324
Sep 23 2017 01: +0,0.328,428
Sep 24 2017 01: +0,0.33,309
Sep 25 2017 01: +0,0.322,261
Sep 26 2017 01: +0,0.312,240
Sep 27 2017 01: +0,0.317,253
Sep 28 2017 01: +0,0.316,247
Sep 29 2017 01: +0,0.315,277
Sep 30 2017 01: +0,0.328,369
Oct 01 2017 01: +0,0.322,330
Oct 02 2017 01: +0,0.325,276
Oct 03 2017 01: +0,0.316,239
Oct 04 2017 01: +0,0.316,266
Oct 05 2017 01: +0,0.314,231
Oct 06 2017 01: +0,0.317,255
Oct 07 2017 01: +0,0.32,301
Oct 08 2017 01: +0,0.328,285
Oct 09 2017 01: +0,0.312,213
Oct 10 2017 01: +0,0.307,234
Oct 11 2017 01: +0,0.308,235
Oct 12 2017 01: +0,0.319,236
Oct 13 2017 01: +0,0.329,253
Oct 14 2017 01: +0,0.321,301
Oct 15 2017 01: +0,0.321,286
Oct 16 2017 01: +0,0.325,218
Oct 17 2017 01: +0,0.315,194
Oct 18 2017 01: +0,0.325,210
Oct 19 2017 01: +0,0.32,220
Oct 20 2017 01: +0,0.32,262
Oct 21 2017 01: +0,0.324,307
Oct 22 2017 01: +0,0.329,285
Oct 23 2017 01: +0,0.322,239
Oct 24 2017 01: +0,0.318,197
Oct 25 2017 01: +0,0.317,242
Oct 26 2017 01: +0,0.305,266
Oct 27 2017 01: +0,0.303,260
Oct 28 2017 01: +0,0.322,281
Oct 29 2017 01: +0,0.313,284
Oct 30 2017 01: +0,0.312,216
Oct 31 2017 01: +0,0.308,237
Nov 01 2017 01: +0,0.315,238
Nov 02 2017 01: +0,0.312,259
Nov 03 2017 01: +0,0.312,260
Nov 04 2017 01: +0,0.315,264
Nov 05 2017 01: +0,0.31,288
Nov 06 2017 01: +0,0.309,196
Nov 07 2017 01: +0,0.301,182
Nov 08 2017 01: +0,0.302,187
Nov 09 2017 01: +0,0.303,167
Nov 10 2017 01: +0,0.302,196
Nov 11 2017 01: +0,0.291,278
Nov 12 2017 01: +0,0.29,257
Nov 13 2017 01: +0,0.283,188
Nov 14 2017 01: +0,0.278,195
Nov 15 2017 01: +0,0.276,214
Nov 16 2017 01: +0,0.283,185
Nov 17 2017 01: +0,0.285,201
Nov 18 2017 01: +0,0.29,261
Nov 19 2017 01: +0,0.289,249
Nov 20 2017 01: +0,0.286,191
Nov 21 2017 01: +0,0.281,179
Nov 22 2017 01: +0,0.27,213
Nov 23 2017 01: +0,0.254,287
Nov 24 2017 01: +0,0.248,234
Nov 25 2017 01: +0,0.264,302
Nov 26 2017 01: +0,0.251,259
Nov 27 2017 01: +0,0.243,228
Nov 28 2017 01: +0,0.245,296
Nov 29 2017 01: +0,0.269,169
Nov 30 2017 01: +0,0.269,184
Dec 01 2017 01: +0,0.271,235
Dec 02 2017 01: +0,0.274,281
Dec 03 2017 01: +0,0.276,259
Dec 04 2017 01: +0,0.281,210
Dec 05 2017 01: +0,0.278,245
Dec 06 2017 01: +0,0.287,218
Dec 07 2017 01: +0,0.288,199
Dec 08 2017 01: +0,0.29,188
Dec 09 2017 01: +0,0.293,289
Dec 10 2017 01: +0,0.306,375
Dec 11 2017 01: +0,0.304,244
Dec 12 2017 01: +0,0.3,254
Dec 13 2017 01: +0,0.304,229
Dec 14 2017 01: +0,0.31,261
Dec 15 2017 01: +0,0.309,215
Dec 16 2017 01: +0,0.318,276
Dec 17 2017 01: +0,0.303,268
Dec 18 2017 01: +0,0.297,223
Dec 19 2017 01: +0,0.295,200
Dec 20 2017 01: +0,0.286,229
Dec 21 2017 01: +0,0.268,261
Dec 22 2017 01: +0,0.265,267
Dec 23 2017 01: +0,0.266,286
Dec 24 2017 01: +0,0.262,258
Dec 25 2017 01: +0,0.27,270
Dec 26 2017 01: +0,0.274,275
Dec 27 2017 01: +0,0.273,286
Dec 28 2017 01: +0,0.272,299
Dec 29 2017 01: +0,0.282,325
Dec 30 2017 01: +0,0.279,299
Dec 31 2017 01: +0,0.283,267
Jan 01 2018 01: +0,0.29,281
Jan 02 2018 01: +0,0.289,302
Jan 03 2018 01: +0,0.3,321
Jan 04 2018 01: +0,0.294,294
Jan 05 2018 01: +0,0.306,273
Jan 06 2018 01: +0,0.315,270
Jan 07 2018 01: +0,0.315,274
Jan 08 2018 01: +0,0.312,258
Jan 09 2018 01: +0,0.322,275
Jan 10 2018 01: +0,0.314,230
Jan 11 2018 01: +0,0.299,272
Jan 12 2018 01: +0,0.303,333
Jan 13 2018 01: +0,0.317,408
Jan 14 2018 01: +0,0.325,358
Jan 15 2018 01: +0,0.314,342
Jan 16 2018 01: +0,0.322,332
Jan 17 2018 01: +0,0.326,325
Jan 18 2018 01: +0,0.325,305
Jan 19 2018 01: +0,0.333,323
Jan 20 2018 01: +0,0.34,389
Jan 21 2018 01: +0,0.342,360
Jan 22 2018 01: +0,0.342,330
Jan 23 2018 01: +0,0.342,332
Jan 24 2018 01: +0,0.348,293
Jan 25 2018 01: +0,0.353,309
Jan 26 2018 01: +0,0.348,335
Jan 27 2018 01: +0,0.324,361
Jan 28 2018 01: +0,0.333,388
Jan 29 2018 01: +0,0.332,382
Jan 30 2018 01: +0,0.344,339
Jan 31 2018 01: +0,0.335,309
Feb 01 2018 01: +0,0.342,329
Feb 02 2018 01: +0,0.347,343
Feb 03 2018 01: +0,0.357,354
Feb 04 2018 01: +0,0.348,356
Feb 05 2018 01: +0,0.349,323
Feb 06 2018 01: +0,0.346,282
Feb 07 2018 01: +0,0.338,304
Feb 08 2018 01: +0,0.344,282
Feb 09 2018 01: +0,0.355,283
Feb 10 2018 01: +0,0.354,294
Feb 11 2018 01: +0,0.36,297
Feb 12 2018 01: +0,0.355,301
Feb 13 2018 01: +0,0.361,248
Feb 14 2018 01: +0,0.35,241
Feb 15 2018 01: +0,0.35,256
Feb 16 2018 01: +0,0.343,354
Feb 17 2018 01: +0,0.351,440
Feb 18 2018 01: +0,0.343,422
Feb 19 2018 01: +0,0.341,397
Feb 20 2018 01: +0,0.347,322
Feb 21 2018 01: +0,0.346,336
Feb 22 2018 01: +0,0.343,374
Feb 23 2018 01: +0,0.346,404
Feb 24 2018 01: +0,0.357,492
Feb 25 2018 01: +0,0.365,374
Feb 26 2018 01: +0,0.351,349
Feb 27 2018 01: +0,0.355,335
Feb 28 2018 01: +0,0.345,231
Feb 28 2018 19: +0,0.368,25
Feb 28 2018 20: +0,0.364,30
Feb 28 2018 21: +0,0.356,17
Feb 28 2018 22: +0,0.362,15
Feb 28 2018 23: +0,0.342,11
Mar 01 2018 00: +0,0.36,15
Mar 01 2018 01: +0,0.361,17
Mar 01 2018 02: +0,0.36,11
Mar 01 2018 03: +0,0.345,6
Mar 01 2018 04: +0,0.362,8
Mar 01 2018 05: +0,0.35,7
Mar 01 2018 06: +0,0.356,7
Mar 01 2018 07: +0,0.368,14
Mar 01 2018 08: +0,0.368,11
Mar 01 2018 09: +0,0.364,10
Mar 01 2018 10: +0,0.326,12
Mar 01 2018 11: +0,0.341,12
Mar 01 2018 12: +0,0.366,14
Mar 01 2018 13: +0,0.354,14
Mar 01 2018 14: +0,0.333,17
Mar 01 2018 15: +0,0.355,21
Mar 01 2018 16: +0,0.353,24
Mar 01 2018 17: +0,0.345,28
Mar 01 2018 18: +0,0.342,21
Mar 01 2018 19: +0,0.342,25
Mar 01 2018 20: +0,0.333,18
Mar 01 2018 21: +0,0.339,17
Mar 01 2018 22: +0,0.343,16
Mar 01 2018 23: +0,0.341,15
Mar 02 2018 00: +0,0.347,14
Mar 02 2018 01: +0,0.333,4
Mar 02 2018 02: +0,0.333,12
Mar 02 2018 03: +0,0.327,7
Mar 02 2018 04: +0,0.342,6
Mar 02 2018 05: +0,0.343,12
Mar 02 2018 06: +0,0.35,13
Mar 02 2018 07: +0,0.351,3
Mar 02 2018 08: +0,0.352,15
Mar 02 2018 09: +0,0.352,10
Mar 02 2018 10: +0,0.352,14
Mar 02 2018 11: +0,0.352,11
Mar 02 2018 12: +0,0.353,12
Mar 02 2018 13: +0,0.343,16
Mar 02 2018 14: +0,0.343,27
Mar 02 2018 15: +0,0.35,25
Mar 02 2018 16: +0,0.35,29
Mar 02 2018 17: +0,0.35,25
Mar 02 2018 18: +0,0.353,22
Mar 02 2018 19: +0,0.343,30
Mar 02 2018 20: +0,0.351,22
Mar 02 2018 21: +0,0.343,17
Mar 02 2018 22: +0,0.356,17
Mar 02 2018 23: +0,0.344,19
Mar 03 2018 00: +0,0.34,18
Mar 03 2018 01: +0,0.326,10
Mar 03 2018 02: +0,0.344,7
Mar 03 2018 03: +0,0.34,11
Mar 03 2018 04: +0,0.322,5
Mar 03 2018 05: +0,0.331,7
Mar 03 2018 06: +0,0.337,10
Mar 03 2018 07: +0,0.343,11
Mar 03 2018 08: +0,0.343,19
Mar 03 2018 09: +0,0.344,11
Mar 03 2018 10: +0,0.344,17
Mar 03 2018 11: +0,0.344,14
Mar 03 2018 12: +0,0.339,22
Mar 03 2018 13: +0,0.346,24
Mar 03 2018 14: +0,0.345,24
Mar 03 2018 15: +0,0.341,37
Mar 03 2018 16: +0,0.34,27
Mar 03 2018 17: +0,0.348,30
Mar 03 2018 18: +0,0.346,29
Mar 03 2018 19: +0,0.345,32
Mar 03 2018 20: +0,0.352,23
Mar 03 2018 21: +0,0.35,21
Mar 03 2018 22: +0,0.355,17
Mar 03 2018 23: +0,0.357,30
Mar 04 2018 00: +0,0.357,16
Mar 04 2018 01: +0,0.356,11
Mar 04 2018 02: +0,0.357,7
Mar 04 2018 03: +0,0.351,7
Mar 04 2018 04: +0,0.345,9
Mar 04 2018 05: +0,0.317,5
Mar 04 2018 06: +0,0.346,11
Mar 04 2018 07: +0,0.335,10
Mar 04 2018 08: +0,0.35,12
Mar 04 2018 09: +0,0.356,18
Mar 04 2018 10: +0,0.364,25
Mar 04 2018 11: +0,0.356,17
Mar 04 2018 12: +0,0.353,21
Mar 04 2018 13: +0,0.345,23
Mar 04 2018 14: +0,0.356,28
Mar 04 2018 15: +0,0.356,21
Mar 04 2018 16: +0,0.341,18
Mar 04 2018 17: +0,0.337,26
Mar 04 2018 18: +0,0.337,32
Mar 04 2018 19: +0,0.34,24
Mar 04 2018 20: +0,0.34,21
Mar 04 2018 21: +0,0.34,17
Mar 04 2018 22: +0,0.331,14
Mar 04 2018 23: +0,0.328,16
Mar 05 2018 00: +0,0.331,14
Mar 05 2018 01: +0,0.331,8
Mar 05 2018 02: +0,0.331,10
Mar 05 2018 03: +0,0.326,4
Mar 05 2018 04: +0,0.32,8
Mar 05 2018 05: +0,0.331,10
Mar 05 2018 06: +0,0.331,9
Mar 05 2018 07: +0,0.326,8
Mar 05 2018 08: +0,0.315,4
Mar 05 2018 09: +0,0.339,12
Mar 05 2018 10: +0,0.332,9
Mar 05 2018 11: +0,0.333,10
Mar 05 2018 12: +0,0.339,8
Mar 05 2018 13: +0,0.332,22
Mar 05 2018 14: +0,0.334,30
Mar 05 2018 15: +0,0.336,22
Mar 05 2018 16: +0,0.338,27
Mar 05 2018 17: +0,0.332,31
Mar 05 2018 18: +0,0.337,32
Mar 05 2018 19: +0,0.341,26
Mar 05 2018 20: +0,0.34,27
Mar 05 2018 21: +0,0.345,24
Mar 05 2018 22: +0,0.34,16
Mar 05 2018 23: +0,0.34,15
Mar 06 2018 00: +0,0.34,11
Mar 06 2018 01: +0,0.331,9
Mar 06 2018 02: +0,0.34,7
Mar 06 2018 03: +0,0.337,7
Mar 06 2018 04: +0,0.316,6
Mar 06 2018 05: +0,0.321,4
Mar 06 2018 06: +0,0.322,4
Mar 06 2018 07: +0,0.341,6
Mar 06 2018 08: +0,0.341,9
Mar 06 2018 09: +0,0.333,7
Mar 06 2018 10: +0,0.339,10
Mar 06 2018 11: +0,0.344,13
Mar 06 2018 12: +0,0.341,10
Mar 06 2018 13: +0,0.34,15
Mar 06 2018 14: +0,0.345,15
Mar 06 2018 15: +0,0.34,20
Mar 06 2018 16: +0,0.343,35
Mar 06 2018 17: +0,0.345,23
Mar 06 2018 18: +0,0.345,29
Mar 06 2018 19: +0,0.347,18
Mar 06 2018 20: +0,0.328,11
Mar 06 2018 21: +0,0.331,15
Mar 06 2018 22: +0,0.333,11
Mar 06 2018 23: +0,0.337,17
Mar 07 2018 00: +0,0.334,12
Mar 07 2018 01: +0,0.337,14
Mar 07 2018 02: +0,0.337,9
Mar 07 2018 03: +0,0.343,11
Mar 07 2018 04: +0,0.343,7
Mar 07 2018 05: +0,0.346,12
Mar 07 2018 06: +0,0.327,6
Mar 07 2018 07: +0,0.34,5
Mar 07 2018 08: +0,0.34,7
Mar 07 2018 09: +0,0.341,5
Mar 07 2018 10: +0,0.342,14
Mar 07 2018 11: +0,0.341,13
Mar 07 2018 12: +0,0.334,17
Mar 07 2018 13: +0,0.349,20
Mar 07 2018 14: +0,0.347,14
Mar 07 2018 15: +0,0.345,18
Mar 07 2018 16: +0,0.354,20
Mar 07 2018 17: +0,0.34,22
Mar 07 2018 18: +0,0.342,33
Mar 07 2018 19: +0,0.328,17
Mar 07 2018 20: +0,0.353,22
Mar 07 2018 21: +0,0.356,16
Mar 07 2018 22: +0,0.335,14
Mar 07 2018 23: +0,0.341,14
Mar 08 2018 00: +0,0.343,11
Mar 08 2018 01: +0,0.337,7
Mar 08 2018 02: +0,0.32,7
Mar 08 2018 03: +0,0.344,11
Mar 08 2018 04: +0,0.334,6
Mar 08 2018 05: +0,0.317,6
Mar 08 2018 06: +0,0.338,9
Mar 08 2018 07: +0,0.356,5
Mar 08 2018 08: +0,0.357,6
Mar 08 2018 09: +0,0.351,3
Mar 08 2018 10: +0,0.351,9
Mar 08 2018 11: +0,0.355,8
Mar 08 2018 12: +0,0.345,15
Mar 08 2018 13: +0,0.344,16
Mar 08 2018 14: +0,0.345,12
Mar 08 2018 15: +0,0.346,26
Mar 08 2018 16: +0,0.351,42
Mar 08 2018 17: +0,0.347,30
Mar 08 2018 18: +0,0.35,31
Mar 08 2018 19: +0,0.322,23
Mar 08 2018 20: +0,0.347,13
Mar 08 2018 21: +0,0.347,20
Mar 08 2018 22: +0,0.338,12
Mar 08 2018 23: +0,0.338,12
Mar 09 2018 00: +0,0.326,9
Mar 09 2018 01: +0,0.326,3
Mar 09 2018 02: +0,0.326,7
Mar 09 2018 03: +0,0.338,5
Mar 09 2018 04: +0,0.322,3
Mar 09 2018 05: +0,0.34,8
Mar 09 2018 06: +0,0.342,7
Mar 09 2018 07: +0,0.344,8
Mar 09 2018 08: +0,0.346,8
Mar 09 2018 09: +0,0.354,9
Mar 09 2018 10: +0,0.355,17
Mar 09 2018 11: +0,0.346,11
Mar 09 2018 12: +0,0.337,13
Mar 09 2018 13: +0,0.342,15
Mar 09 2018 14: +0,0.346,18
Mar 09 2018 15: +0,0.346,21
Mar 09 2018 16: +0,0.35,20
Mar 09 2018 17: +0,0.356,19
Mar 09 2018 18: +0,0.354,19
Mar 09 2018 19: +0,0.341,19
Mar 09 2018 20: +0,0.353,16
Mar 09 2018 21: +0,0.359,25
Mar 09 2018 22: +0,0.323,17
Mar 09 2018 23: +0,0.342,23
Mar 10 2018 00: +0,0.344,15
Mar 10 2018 01: +0,0.345,6
Mar 10 2018 02: +0,0.335,9
Mar 10 2018 03: +0,0.332,9
Mar 10 2018 04: +0,0.339,10
Mar 10 2018 05: +0,0.342,10
Mar 10 2018 06: +0,0.359,6
Mar 10 2018 07: +0,0.336,5
Mar 10 2018 08: +0,0.359,4
Mar 10 2018 09: +0,0.357,20
Mar 10 2018 10: +0,0.369,18
Mar 10 2018 11: +0,0.364,10
Mar 10 2018 12: +0,0.353,15
Mar 10 2018 13: +0,0.356,23
Mar 10 2018 14: +0,0.355,33
Mar 10 2018 15: +0,0.364,23
Mar 10 2018 16: +0,0.364,14
Mar 10 2018 17: +0,0.356,22
Mar 10 2018 18: +0,0.351,21
Mar 10 2018 19: +0,0.368,48
Mar 10 2018 20: +0,0.36,25
Mar 10 2018 21: +0,0.337,18
Mar 10 2018 22: +0,0.346,22
Mar 10 2018 23: +0,0.356,17
Mar 11 2018 00: +0,0.354,11
Mar 11 2018 01: +0,0.356,16
Mar 11 2018 02: +0,0.36,6
Mar 11 2018 03: +0,0.366,5
Mar 11 2018 04: +0,0.36,11
Mar 11 2018 05: +0,0.354,5
Mar 11 2018 06: +0,0.34,9
Mar 11 2018 07: +0,0.35,8
Mar 11 2018 08: +0,0.343,7
Mar 11 2018 09: +0,0.337,8
Mar 11 2018 10: +0,0.344,10
Mar 11 2018 11: +0,0.331,16
Mar 11 2018 12: +0,0.339,14
Mar 11 2018 13: +0,0.344,17
Mar 11 2018 14: +0,0.346,23
Mar 11 2018 15: +0,0.362,20
Mar 11 2018 16: +0,0.366,23
Mar 11 2018 17: +0,0.34,21
Mar 11 2018 18: +0,0.349,16
Mar 11 2018 19: +0,0.356,19
Mar 11 2018 20: +0,0.356,15
Mar 11 2018 21: +0,0.348,11
Mar 11 2018 22: +0,0.343,16
Mar 11 2018 23: +0,0.34,12
Mar 12 2018 00: +0,0.329,7
Mar 12 2018 01: +0,0.319,9
Mar 12 2018 02: +0,0.319,4
Mar 12 2018 03: +0,0.311,7
Mar 12 2018 04: +0,0.345,5
Mar 12 2018 05: +0,0.349,6
Mar 12 2018 06: +0,0.343,6
Mar 12 2018 07: +0,0.344,7
Mar 12 2018 08: +0,0.34,3
Mar 12 2018 09: +0,0.339,6
Mar 12 2018 10: +0,0.338,7
Mar 12 2018 11: +0,0.343,14
Mar 12 2018 12: +0,0.332,4
Mar 12 2018 13: +0,0.313,17
Mar 12 2018 14: +0,0.344,17
Mar 12 2018 15: +0,0.344,24
Mar 12 2018 16: +0,0.348,19
Mar 12 2018 17: +0,0.346,18
Mar 12 2018 18: +0,0.34,26
Mar 12 2018 19: +0,0.344,20
Mar 12 2018 20: +0,0.342,18
Mar 12 2018 21: +0,0.344,17
Mar 12 2018 22: +0,0.319,11
Mar 12 2018 23: +0,0.338,8
Mar 13 2018 00: +0,0.333,9
Mar 13 2018 01: +0,0.333,8
Mar 13 2018 02: +0,0.34,5
Mar 13 2018 03: +0,0.331,14
Mar 13 2018 04: +0,0.333,8
Mar 13 2018 05: +0,0.333,7
Mar 13 2018 06: +0,0.349,4
Mar 13 2018 07: +0,0.345,7
Mar 13 2018 08: +0,0.348,7
Mar 13 2018 09: +0,0.331,8
Mar 13 2018 10: +0,0.334,7
Mar 13 2018 11: +0,0.338,9
Mar 13 2018 12: +0,0.342,10
Mar 13 2018 13: +0,0.345,19
Mar 13 2018 14: +0,0.332,19
Mar 13 2018 15: +0,0.319,25
Mar 13 2018 16: +0,0.337,20
Mar 13 2018 17: +0,0.344,21
Mar 13 2018 18: +0,0.339,25
Mar 13 2018 19: +0,0.333,21
Mar 13 2018 20: +0,0.344,20
Mar 13 2018 21: +0,0.341,19
Mar 13 2018 22: +0,0.344,11
Mar 13 2018 23: +0,0.333,10
Mar 14 2018 00: +0,0.341,8
Mar 14 2018 01: +0,0.35,19
Mar 14 2018 02: +0,0.34,4
Mar 14 2018 03: +0,0.346,3
Mar 14 2018 04: +0,0.335,2
Mar 14 2018 05: +0,0.35,3
Mar 14 2018 06: +0,0.303,3
Mar 14 2018 07: +0,0.303,3
Mar 14 2018 08: +0,0.341,8
Mar 14 2018 09: +0,0.333,6
Mar 14 2018 10: +0,0.331,10
Mar 14 2018 11: +0,0.328,8
Mar 14 2018 12: +0,0.333,11
Mar 14 2018 13: +0,0.313,12
Mar 14 2018 14: +0,0.345,12
Mar 14 2018 15: +0,0.341,12
Mar 14 2018 16: +0,0.316,7
Mar 14 2018 17: +0,0.307,16
Mar 14 2018 18: +0,0.32,20
Mar 14 2018 19: +0,0.327,19
Mar 14 2018 20: +0,0.345,16
Mar 14 2018 21: +0,0.34,10
Mar 14 2018 22: +0,0.31,15
Mar 14 2018 23: +0,0.325,9
Mar 15 2018 00: +0,0.341,7
Mar 15 2018 01: +0,0.341,5
Mar 15 2018 02: +0,0.328,7
Mar 15 2018 03: +0,0.322,5
Mar 15 2018 04: +0,0.332,7
Mar 15 2018 05: +0,0.269,2
Mar 15 2018 06: +0,0.324,6
Mar 15 2018 07: +0,0.331,5
Mar 15 2018 08: +0,0.299,3
Mar 15 2018 09: +0,0.344,7
Mar 15 2018 10: +0,0.343,13
Mar 15 2018 11: +0,0.345,10
Mar 15 2018 12: +0,0.314,6
Mar 15 2018 13: +0,0.341,14
Mar 15 2018 14: +0,0.329,12
Mar 15 2018 15: +0,0.325,8
Mar 15 2018 16: +0,0.334,17
Mar 15 2018 17: +0,0.339,28
Mar 15 2018 18: +0,0.345,22
Mar 15 2018 19: +0,0.341,21
Mar 15 2018 20: +0,0.312,21
Mar 15 2018 21: +0,0.333,22
Mar 15 2018 22: +0,0.31,15
Mar 15 2018 23: +0,0.309,10
Mar 16 2018 00: +0,0.332,8
Mar 16 2018 01: +0,0.338,14
Mar 16 2018 02: +0,0.341,6
Mar 16 2018 03: +0,0.333,10
Mar 16 2018 04: +0,0.345,27
Mar 16 2018 05: +0,0.339,8
Mar 16 2018 06: +0,0.331,3
Mar 16 2018 07: +0,0.332,5
Mar 16 2018 08: +0,0.337,3
Mar 16 2018 09: +0,0.317,4
Mar 16 2018 10: +0,0.322,7
Mar 16 2018 11: +0,0.308,10
Mar 16 2018 12: +0,0.342,14
Mar 16 2018 13: +0,0.334,14
Mar 16 2018 14: +0,0.345,19
Mar 16 2018 15: +0,0.341,18
Mar 16 2018 16: +0,0.335,16
Mar 16 2018 17: +0,0.322,17
Mar 16 2018 18: +0,0.34,18
Mar 16 2018 19: +0,0.327,20
Mar 16 2018 20: +0,0.34,22
Mar 16 2018 21: +0,0.34,18
Mar 16 2018 22: +0,0.341,16
Mar 16 2018 23: +0,0.331,16
Mar 17 2018 00: +0,0.321,11
Mar 17 2018 01: +0,0.34,9
Mar 17 2018 02: +0,0.339,5
Mar 17 2018 03: +0,0.344,7
Mar 17 2018 04: +0,0.331,8
Mar 17 2018 05: +0,0.345,5
Mar 17 2018 06: +0,0.341,10
Mar 17 2018 07: +0,0.333,7
Mar 17 2018 08: +0,0.342,8
Mar 17 2018 09: +0,0.34,8
Mar 17 2018 10: +0,0.344,11
Mar 17 2018 11: +0,0.315,19
Mar 17 2018 12: +0,0.342,14
Mar 17 2018 13: +0,0.331,20
Mar 17 2018 14: +0,0.345,17
Mar 17 2018 15: +0,0.342,16
Mar 17 2018 16: +0,0.34,23
Mar 17 2018 17: +0,0.344,21
Mar 17 2018 18: +0,0.344,17
Mar 17 2018 19: +0,0.344,25
Mar 17 2018 20: +0,0.34,19
Mar 17 2018 21: +0,0.34,21
Mar 17 2018 22: +0,0.345,29
Mar 17 2018 23: +0,0.341,18
Mar 18 2018 00: +0,0.337,10
Mar 18 2018 01: +0,0.32,12
Mar 18 2018 02: +0,0.312,7
Mar 18 2018 03: +0,0.337,8
Mar 18 2018 04: +0,0.346,9
Mar 18 2018 05: +0,0.345,9
Mar 18 2018 06: +0,0.309,11
Mar 18 2018 07: +0,0.345,7
Mar 18 2018 08: +0,0.331,6
Mar 18 2018 09: +0,0.343,13
Mar 18 2018 10: +0,0.339,23
Mar 18 2018 11: +0,0.332,15
Mar 18 2018 12: +0,0.332,20
Mar 18 2018 13: +0,0.333,20
Mar 18 2018 14: +0,0.343,30
Mar 18 2018 15: +0,0.344,26
Mar 18 2018 16: +0,0.322,18
Mar 18 2018 17: +0,0.345,28
Mar 18 2018 18: +0,0.342,26
Mar 18 2018 19: +0,0.34,46
Mar 18 2018 20: +0,0.344,16
Mar 18 2018 21: +0,0.351,16
Mar 18 2018 22: +0,0.316,12
Mar 18 2018 23: +0,0.318,9
Mar 19 2018 00: +0,0.318,9
Mar 19 2018 01: +0,0.336,10
Mar 19 2018 02: +0,0.342,6
Mar 19 2018 03: +0,0.332,6
Mar 19 2018 04: +0,0.342,8
Mar 19 2018 05: +0,0.337,6
Mar 19 2018 06: +0,0.336,4
Mar 19 2018 07: +0,0.317,4
Mar 19 2018 08: +0,0.344,5
Mar 19 2018 09: +0,0.351,14
Mar 19 2018 10: +0,0.356,10
Mar 19 2018 11: +0,0.356,11
Mar 19 2018 12: +0,0.342,7
Mar 19 2018 13: +0,0.344,24
Mar 19 2018 14: +0,0.332,19
Mar 19 2018 15: +0,0.356,16
Mar 19 2018 16: +0,0.355,15
Mar 19 2018 17: +0,0.331,20
Mar 19 2018 18: +0,0.34,18
Mar 19 2018 19: +0,0.344,13
Mar 19 2018 20: +0,0.337,8
Mar 19 2018 21: +0,0.341,15
Mar 19 2018 22: +0,0.357,12
Mar 19 2018 23: +0,0.329,4
Mar 20 2018 00: +0,0.309,9
Mar 20 2018 01: +0,0.322,11
Mar 20 2018 02: +0,0.355,11
Mar 20 2018 03: +0,0.356,6
Mar 20 2018 04: +0,0.347,8
Mar 20 2018 05: +0,0.345,2
Mar 20 2018 06: +0,0.32,5
Mar 20 2018 07: +0,0.343,4
Mar 20 2018 08: +0,0.32,2
Mar 20 2018 09: +0,0.337,8
Mar 20 2018 10: +0,0.337,12
Mar 20 2018 11: +0,0.341,8
Mar 20 2018 12: +0,0.34,5
Mar 20 2018 13: +0,0.34,13
Mar 20 2018 14: +0,0.325,16
Mar 20 2018 15: +0,0.319,18
Mar 20 2018 16: +0,0.355,23
Mar 20 2018 17: +0,0.355,19
Mar 20 2018 18: +0,0.355,19
Mar 20 2018 19: +0,0.357,13
Mar 20 2018 20: +0,0.352,7
Mar 20 2018 21: +0,0.341,15
Mar 20 2018 22: +0,0.34,8
Mar 20 2018 23: +0,0.331,5
Mar 21 2018 00: +0,0.327,4
Mar 21 2018 01: +0,0.333,9
Mar 21 2018 02: +0,0.34,4
Mar 21 2018 03: +0,0.336,4
Mar 21 2018 04: +0,0.34,6
Mar 21 2018 05: +0,0.341,5
Mar 21 2018 06: +0,0.333,8
Mar 21 2018 07: +0,0.331,4
Mar 21 2018 08: +0,0.339,9
Mar 21 2018 09: +0,0.341,8
Mar 21 2018 10: +0,0.342,12
Mar 21 2018 11: +0,0.336,4
Mar 21 2018 12: +0,0.312,9
Mar 21 2018 13: +0,0.338,13
Mar 21 2018 14: +0,0.342,25
Mar 21 2018 15: +0,0.342,18
Mar 21 2018 16: +0,0.329,15
Mar 21 2018 17: +0,0.313,16
Mar 21 2018 18: +0,0.331,20
Mar 21 2018 19: +0,0.323,12
Mar 21 2018 20: +0,0.331,13
Mar 21 2018 21: +0,0.31,10
Mar 21 2018 22: +0,0.331,13
Mar 21 2018 23: +0,0.338,12
Mar 22 2018 00: +0,0.336,11
Mar 22 2018 01: +0,0.324,9
Mar 22 2018 02: +0,0.336,7
Mar 22 2018 03: +0,0.327,5
Mar 22 2018 04: +0,0.315,4
Mar 22 2018 05: +0,0.336,6
Mar 22 2018 06: +0,0.341,7
Mar 22 2018 07: +0,0.332,1
Mar 22 2018 08: +0,0.341,6
Mar 22 2018 09: +0,0.334,6
Mar 22 2018 10: +0,0.338,7
Mar 22 2018 11: +0,0.327,11
Mar 22 2018 12: +0,0.339,7
Mar 22 2018 13: +0,0.339,10
Mar 22 2018 14: +0,0.34,17
Mar 22 2018 15: +0,0.344,15
Mar 22 2018 16: +0,0.343,15
Mar 22 2018 17: +0,0.327,17
Mar 22 2018 18: +0,0.327,14
Mar 22 2018 19: +0,0.343,17
Mar 22 2018 20: +0,0.331,22
Mar 22 2018 21: +0,0.34,15
Mar 22 2018 22: +0,0.332,7
Mar 22 2018 23: +0,0.319,9
Mar 23 2018 00: +0,0.319,10
Mar 23 2018 01: +0,0.306,8
Mar 23 2018 02: +0,0.315,2
Mar 23 2018 03: +0,0.322,7
Mar 23 2018 04: +0,0.347,3
Mar 23 2018 05: +0,0.344,1
Mar 23 2018 06: +0,0.26,3
Mar 23 2018 07: +0,0.307,5
Mar 23 2018 08: +0,0.316,3
Mar 23 2018 09: +0,0.316,6
Mar 23 2018 10: +0,0.317,5
Mar 23 2018 11: +0,0.324,10
Mar 23 2018 12: +0,0.339,13
Mar 23 2018 13: +0,0.344,12
Mar 23 2018 14: +0,0.344,13
Mar 23 2018 15: +0,0.344,16
Mar 23 2018 16: +0,0.344,15
Mar 23 2018 17: +0,0.332,19
Mar 23 2018 18: +0,0.31,15
Mar 23 2018 19: +0,0.334,23
Mar 23 2018 20: +0,0.332,13
Mar 23 2018 21: +0,0.324,16
Mar 23 2018 22: +0,0.33,11
Mar 23 2018 23: +0,0.32,7
Mar 24 2018 00: +0,0.33,18
Mar 24 2018 01: +0,0.324,9
Mar 24 2018 02: +0,0.317,6
Mar 24 2018 03: +0,0.309,5
Mar 24 2018 04: +0,0.313,7
Mar 24 2018 05: +0,0.31,5
Mar 24 2018 06: +0,0.332,6
Mar 24 2018 07: +0,0.333,3
Mar 24 2018 08: +0,0.338,5
Mar 24 2018 09: +0,0.338,9
Mar 24 2018 10: +0,0.322,14
Mar 24 2018 11: +0,0.332,19
Mar 24 2018 12: +0,0.333,14
Mar 24 2018 13: +0,0.333,11
Mar 24 2018 14: +0,0.338,31
Mar 24 2018 15: +0,0.334,18
Mar 24 2018 16: +0,0.329,14
Mar 24 2018 17: +0,0.333,19
Mar 24 2018 18: +0,0.339,22
Mar 24 2018 19: +0,0.326,21
Mar 24 2018 20: +0,0.333,18
Mar 24 2018 21: +0,0.31,11
Mar 24 2018 22: +0,0.32,13
Mar 24 2018 23: +0,0.296,6
Mar 25 2018 00: +0,0.311,9
Mar 25 2018 01: +0,0.31,6
Mar 25 2018 02: +0,0.312,9
Mar 25 2018 03: +0,0.306,12
Mar 25 2018 04: +0,0.33,7
Mar 25 2018 05: +0,0.32,6
Mar 25 2018 06: +0,0.3,9
Mar 25 2018 07: +0,0.336,15
Mar 25 2018 08: +0,0.3,4
Mar 25 2018 09: +0,0.309,10
Mar 25 2018 10: +0,0.329,14
Mar 25 2018 11: +0,0.33,12
Mar 25 2018 12: +0,0.333,13
Mar 25 2018 13: +0,0.326,16
Mar 25 2018 14: +0,0.333,21
Mar 25 2018 15: +0,0.333,18
Mar 25 2018 16: +0,0.333,21
Mar 25 2018 17: +0,0.338,20
Mar 25 2018 18: +0,0.323,22
Mar 25 2018 19: +0,0.325,17
Mar 25 2018 20: +0,0.32,15
Mar 25 2018 21: +0,0.326,20
Mar 25 2018 22: +0,0.326,37
Mar 25 2018 23: +0,0.333,12
Mar 26 2018 00: +0,0.327,2
Mar 26 2018 01: +0,0.29,5
Mar 26 2018 02: +0,0.332,6
Mar 26 2018 03: +0,0.33,5
Mar 26 2018 04: +0,0.31,3
Mar 26 2018 05: +0,0.335,2
Mar 26 2018 06: +0,0.325,6
Mar 26 2018 07: +0,0.333,5
Mar 26 2018 08: +0,0.32,9
Mar 26 2018 09: +0,0.333,20
Mar 26 2018 10: +0,0.333,11
Mar 26 2018 11: +0,0.333,15
Mar 26 2018 12: +0,0.324,12
Mar 26 2018 13: +0,0.335,15
Mar 26 2018 14: +0,0.333,16
Mar 26 2018 15: +0,0.302,15
Mar 26 2018 16: +0,0.322,12
Mar 26 2018 17: +0,0.32,19
Mar 26 2018 18: +0,0.315,11
Mar 26 2018 19: +0,0.328,18
Mar 26 2018 20: +0,0.333,13
Mar 26 2018 21: +0,0.305,16
Mar 26 2018 22: +0,0.324,16
Mar 26 2018 23: +0,0.298,9
Mar 27 2018 00: +0,0.297,9
Mar 27 2018 01: +0,0.299,10
Mar 27 2018 02: +0,0.3,8
Mar 27 2018 03: +0,0.303,5
Mar 27 2018 04: +0,0.313,5
Mar 27 2018 05: +0,0.319,6
Mar 27 2018 06: +0,0.325,17
Mar 27 2018 07: +0,0.315,6
Mar 27 2018 08: +0,0.321,10
Mar 27 2018 09: +0,0.297,11
Mar 27 2018 10: +0,0.32,16
Mar 27 2018 11: +0,0.299,10
Mar 27 2018 12: +0,0.329,19
Mar 27 2018 13: +0,0.321,16
Mar 27 2018 14: +0,0.316,15
Mar 27 2018 15: +0,0.311,18
Mar 27 2018 16: +0,0.321,21
Mar 27 2018 17: +0,0.322,22
Mar 27 2018 18: +0,0.326,22
Mar 27 2018 19: +0,0.333,15
Mar 27 2018 20: +0,0.323,13
Mar 27 2018 21: +0,0.327,14
Mar 27 2018 22: +0,0.309,9
Mar 27 2018 23: +0,0.31,10
Mar 28 2018 00: +0,0.323,10
Mar 28 2018 01: +0,0.331,4
Mar 28 2018 02: +0,0.322,5
Mar 28 2018 03: +0,0.318,5
Mar 28 2018 04: +0,0.31,4
Mar 28 2018 05: +0,0.311,1
Mar 28 2018 06: +0,0.311,8
Mar 28 2018 07: +0,0.311,7
Mar 28 2018 08: +0,0.311,4
Mar 28 2018 09: +0,0.313,12
Mar 28 2018 10: +0,0.317,14
Mar 28 2018 11: +0,0.317,9
Mar 28 2018 12: +0,0.301,8
Mar 28 2018 13: +0,0.319,11
Mar 28 2018 14: +0,0.312,13
Mar 28 2018 15: +0,0.331,15
Mar 28 2018 16: +0,0.334,21
Mar 28 2018 17: +0,0.32,14
Mar 28 2018 18: +0,0.331,18
Mar 28 2018 19: +0,0.313,17
Mar 28 2018 20: +0,0.309,13
Mar 28 2018 21: +0,0.323,13
Mar 28 2018 22: +0,0.311,12
Mar 28 2018 23: +0,0.323,11
Mar 29 2018 00: +0,0.334,6
Mar 29 2018 01: +0,0.29,5
Mar 29 2018 02: +0,0.31,5
Mar 29 2018 03: +0,0.309,8
Mar 29 2018 04: +0,0.316,8
Mar 29 2018 05: +0,0.314,4
Mar 29 2018 06: +0,0.29,9
Mar 29 2018 07: +0,0.31,5
Mar 29 2018 08: +0,0.311,6
Mar 29 2018 09: +0,0.328,16
Mar 29 2018 10: +0,0.312,6
Mar 29 2018 11: +0,0.32,9
Mar 29 2018 12: +0,0.333,13
Mar 29 2018 13: +0,0.309,23
Mar 29 2018 14: +0,0.325,16
Mar 29 2018 15: +0,0.337,11
Mar 29 2018 16: +0,0.308,22
Mar 29 2018 17: +0,0.322,21
Mar 29 2018 18: +0,0.322,17
Mar 29 2018 19: +0,0.324,23
Mar 29 2018 20: +0,0.308,10
Mar 29 2018 21: +0,0.316,16
Mar 29 2018 22: +0,0.375,2
Mar 29 2018 23: +0,0.3,11
Mar 30 2018 00: +0,0.295,10
Mar 30 2018 01: +0,0.311,7
Mar 30 2018 02: +0,0.29,7
Mar 30 2018 03: +0,0.32,5
Mar 30 2018 04: +0,0.311,4
Mar 30 2018 05: +0,0.323,8
Mar 30 2018 06: +0,0.307,6
Mar 30 2018 07: +0,0.299,7
Mar 30 2018 08: +0,0.322,9
Mar 30 2018 09: +0,0.324,14
Mar 30 2018 10: +0,0.294,11
Mar 30 2018 11: +0,0.296,13
Mar 30 2018 12: +0,0.311,20
Mar 30 2018 13: +0,0.293,14
Mar 30 2018 14: +0,0.299,22
Mar 30 2018 15: +0,0.3,10
Mar 30 2018 16: +0,0.299,16
Mar 30 2018 17: +0,0.308,27
