Aug 19 2016 01: +0,8.289,155
Aug 20 2016 01: +0,6.331,157
Aug 21 2016 01: +0,5.206,148
Aug 22 2016 01: +0,5.096,125
Aug 23 2016 01: +0,4.468,127
Aug 24 2016 01: +0,4.247,126
Aug 25 2016 01: +0,3.809,130
Aug 26 2016 01: +0,3.873,138
Aug 27 2016 01: +0,4.025,146
Aug 28 2016 01: +0,3.814,138
Aug 29 2016 01: +0,3.732,141
Aug 30 2016 01: +0,3.528,126
Aug 31 2016 01: +0,3.244,152
Sep 01 2016 01: +0,3.336,106
Sep 02 2016 01: +0,3.383,133
Sep 03 2016 01: +0,3.138,133
Sep 04 2016 01: +0,2.909,153
Sep 05 2016 01: +0,2.962,117
Sep 06 2016 01: +0,2.92,115
Sep 07 2016 01: +0,2.716,126
Sep 08 2016 01: +0,2.743,120
Sep 09 2016 01: +0,2.823,131
Sep 10 2016 01: +0,2.797,144
Sep 11 2016 01: +0,2.631,147
Sep 12 2016 01: +0,2.785,122
Sep 13 2016 01: +0,2.502,115
Sep 14 2016 01: +0,2.321,118
Sep 15 2016 01: +0,2.219,151
Sep 16 2016 01: +0,2.195,167
Sep 17 2016 01: +0,2.158,151
Sep 18 2016 01: +0,2.389,143
Sep 19 2016 01: +0,2.301,131
Sep 20 2016 01: +0,2.008,110
Sep 21 2016 01: +0,2.091,107
Sep 22 2016 01: +0,2.033,118
Sep 23 2016 01: +0,2.05,144
Sep 24 2016 01: +0,2,176
Sep 25 2016 01: +0,1.913,157
Sep 26 2016 01: +0,1.814,128
Sep 27 2016 01: +0,1.951,122
Sep 28 2016 01: +0,1.979,123
Sep 29 2016 01: +0,1.975,141
Sep 30 2016 01: +0,1.951,150
Oct 01 2016 01: +0,1.885,159
Oct 02 2016 01: +0,1.856,142
Oct 03 2016 01: +0,1.808,122
Oct 04 2016 01: +0,1.776,133
Oct 05 2016 01: +0,1.787,123
Oct 06 2016 01: +0,1.817,116
Oct 07 2016 01: +0,1.741,175
Oct 08 2016 01: +0,1.754,181
Oct 09 2016 01: +0,1.763,146
Oct 10 2016 01: +0,1.723,117
Oct 11 2016 01: +0,1.684,118
Oct 12 2016 01: +0,1.647,119
Oct 13 2016 01: +0,1.552,114
Oct 14 2016 01: +0,1.51,134
Oct 15 2016 01: +0,1.516,179
Oct 16 2016 01: +0,1.485,154
Oct 17 2016 01: +0,1.462,142
Oct 18 2016 01: +0,1.472,117
Oct 19 2016 01: +0,1.481,127
Oct 20 2016 01: +0,1.38,121
Oct 21 2016 01: +0,1.388,159
Oct 22 2016 01: +0,1.406,176
Oct 23 2016 01: +0,1.478,150
Oct 24 2016 01: +0,1.435,122
Oct 25 2016 01: +0,1.649,232
Oct 26 2016 01: +0,1.9,226
Oct 27 2016 01: +0,1.62,102
Oct 28 2016 01: +0,1.413,128
Oct 29 2016 01: +0,1.257,159
Oct 30 2016 01: +0,1.195,176
Oct 31 2016 01: +0,1.235,126
Nov 01 2016 01: +0,1.216,137
Nov 02 2016 01: +0,1.265,141
Nov 03 2016 01: +0,1.262,94
Nov 04 2016 01: +0,1.374,129
Nov 05 2016 01: +0,1.461,174
Nov 06 2016 01: +0,1.442,129
Nov 07 2016 01: +0,1.434,117
Nov 08 2016 01: +0,1.347,105
Nov 09 2016 01: +0,1.327,109
Nov 10 2016 01: +0,1.369,122
Nov 11 2016 01: +0,1.343,130
Nov 12 2016 01: +0,1.374,161
Nov 13 2016 01: +0,1.332,140
Nov 14 2016 01: +0,1.365,102
Nov 15 2016 01: +0,1.319,122
Nov 16 2016 01: +0,1.307,102
Nov 17 2016 01: +0,1.316,101
Nov 18 2016 01: +0,1.34,125
Nov 19 2016 01: +0,1.323,143
Nov 20 2016 01: +0,1.293,119
Nov 21 2016 01: +0,1.23,118
Nov 22 2016 01: +0,1.243,104
Nov 23 2016 01: +0,1.114,117
Nov 24 2016 01: +0,1.049,137
Nov 25 2016 01: +0,1.122,159
Nov 26 2016 01: +0,1.123,163
Nov 27 2016 01: +0,1.088,160
Nov 28 2016 01: +0,1.063,119
Nov 29 2016 01: +0,1.043,164
Nov 30 2016 01: +0,1.12,156
Dec 01 2016 01: +0,1.144,186
Dec 02 2016 01: +0,1.145,199
Dec 03 2016 01: +0,1.164,215
Dec 04 2016 01: +0,1.206,188
Dec 05 2016 01: +0,1.237,146
Dec 06 2016 01: +0,1.226,136
Dec 07 2016 01: +0,1.158,166
Dec 08 2016 01: +0,1.169,173
Dec 09 2016 01: +0,1.204,130
Dec 10 2016 01: +0,1.198,164
Dec 11 2016 01: +0,1.232,159
Dec 12 2016 01: +0,1.196,114
Dec 13 2016 01: +0,1.146,118
Dec 14 2016 01: +0,1.137,133
Dec 15 2016 01: +0,1.083,140
Dec 16 2016 01: +0,0.992,131
Dec 17 2016 01: +0,1.023,150
Dec 18 2016 01: +0,1.002,140
Dec 19 2016 01: +0,0.98,149
Dec 20 2016 01: +0,0.944,121
Dec 21 2016 01: +0,0.96,120
Dec 22 2016 01: +0,0.952,142
Dec 23 2016 01: +0,0.952,144
Dec 24 2016 01: +0,0.949,205
Dec 25 2016 01: +0,1.015,224
Dec 26 2016 01: +0,1.082,197
Dec 27 2016 01: +0,1.086,177
Dec 28 2016 01: +0,1.069,186
Dec 29 2016 01: +0,1.055,201
Dec 30 2016 01: +0,1.061,194
Dec 31 2016 01: +0,1.06,150
Jan 01 2017 01: +0,1.034,158
Jan 02 2017 01: +0,1.033,221
Jan 03 2017 01: +0,1.027,171
Jan 04 2017 01: +0,1.043,162
Jan 05 2017 01: +0,1.088,144
Jan 06 2017 01: +0,1.09,175
Jan 07 2017 01: +0,1.078,171
Jan 08 2017 01: +0,1.08,159
Jan 09 2017 01: +0,1.076,127
Jan 10 2017 01: +0,1.075,134
Jan 11 2017 01: +0,1.082,121
Jan 12 2017 01: +0,1.058,129
Jan 13 2017 01: +0,1.046,169
Jan 14 2017 01: +0,1.053,174
Jan 15 2017 01: +0,1.059,155
Jan 16 2017 01: +0,1.057,141
Jan 17 2017 01: +0,1.059,158
Jan 18 2017 01: +0,1.054,130
Jan 19 2017 01: +0,1.049,159
Jan 20 2017 01: +0,1.048,167
Jan 21 2017 01: +0,1.071,180
Jan 22 2017 01: +0,1.06,157
Jan 23 2017 01: +0,1.047,150
Jan 24 2017 01: +0,1.077,165
Jan 25 2017 01: +0,1.063,155
Jan 26 2017 01: +0,1.036,165
Jan 27 2017 01: +0,1.028,151
Jan 28 2017 01: +0,1.07,183
Jan 29 2017 01: +0,1.019,172
Jan 30 2017 01: +0,1.016,154
Jan 31 2017 01: +0,1.033,162
Feb 01 2017 01: +0,1.039,163
Feb 02 2017 01: +0,1.063,160
Feb 03 2017 01: +0,1.094,164
Feb 04 2017 01: +0,1.151,172
Feb 05 2017 01: +0,1.111,165
Feb 06 2017 01: +0,1.092,135
Feb 07 2017 01: +0,1.081,138
Feb 08 2017 01: +0,1.052,159
Feb 09 2017 01: +0,1.042,134
Feb 10 2017 01: +0,1.062,174
Feb 11 2017 01: +0,1.077,178
Feb 12 2017 01: +0,1.046,179
Feb 13 2017 01: +0,1.051,159
Feb 14 2017 01: +0,1.07,131
Feb 15 2017 01: +0,1.064,132
Feb 16 2017 01: +0,1.062,149
Feb 17 2017 01: +0,1.026,157
Feb 18 2017 01: +0,0.991,198
Feb 19 2017 01: +0,0.969,196
Feb 20 2017 01: +0,0.961,179
Feb 21 2017 01: +0,0.956,162
Feb 22 2017 01: +0,0.992,159
Feb 23 2017 01: +0,1.029,147
Feb 24 2017 01: +0,1.049,155
Feb 25 2017 01: +0,1.034,200
Feb 26 2017 01: +0,1.039,194
Feb 27 2017 01: +0,1.043,152
Feb 28 2017 01: +0,1.039,153
Mar 01 2017 01: +0,1.046,164
Mar 02 2017 01: +0,1.035,140
Mar 03 2017 01: +0,1.027,170
Mar 04 2017 01: +0,1.006,199
Mar 05 2017 01: +0,1.028,190
Mar 06 2017 01: +0,0.971,145
Mar 07 2017 01: +0,1.001,148
Mar 08 2017 01: +0,1.019,152
Mar 09 2017 01: +0,0.986,158
Mar 10 2017 01: +0,0.965,172
Mar 11 2017 01: +0,0.984,198
Mar 12 2017 01: +0,0.993,184
Mar 13 2017 01: +0,0.977,147
Mar 14 2017 01: +0,0.965,141
Mar 15 2017 01: +0,0.946,124
Mar 16 2017 01: +0,0.961,168
Mar 17 2017 01: +0,0.948,200
Mar 18 2017 01: +0,0.948,240
Mar 19 2017 01: +0,0.956,228
Mar 20 2017 01: +0,0.919,196
Mar 21 2017 01: +0,0.914,219
Mar 22 2017 01: +0,0.909,209
Mar 23 2017 01: +0,0.915,185
Mar 24 2017 01: +0,0.888,223
Mar 25 2017 01: +0,0.888,221
Mar 26 2017 01: +0,0.869,222
Mar 27 2017 01: +0,0.834,202
Mar 28 2017 01: +0,0.87,192
Mar 29 2017 01: +0,0.858,170
Mar 30 2017 01: +0,0.865,187
Mar 31 2017 01: +0,0.857,171
Apr 01 2017 01: +0,0.878,215
Apr 02 2017 01: +0,0.885,203
Apr 03 2017 01: +0,0.899,193
Apr 04 2017 01: +0,0.913,169
Apr 05 2017 01: +0,0.886,173
Apr 06 2017 01: +0,0.866,175
Apr 07 2017 01: +0,0.867,200
Apr 08 2017 01: +0,0.859,218
Apr 09 2017 01: +0,0.859,197
Apr 10 2017 01: +0,0.86,181
Apr 11 2017 01: +0,0.903,200
Apr 12 2017 01: +0,0.877,186
Apr 13 2017 01: +0,0.901,166
Apr 14 2017 01: +0,0.927,178
Apr 15 2017 01: +0,0.929,173
Apr 16 2017 01: +0,0.932,195
Apr 17 2017 01: +0,0.941,191
Apr 18 2017 01: +0,0.955,213
Apr 19 2017 01: +0,0.924,200
Apr 20 2017 01: +0,0.942,197
Apr 21 2017 01: +0,0.955,217
Apr 22 2017 01: +0,0.969,201
Apr 23 2017 01: +0,0.963,176
Apr 24 2017 01: +0,0.954,168
Apr 25 2017 01: +0,0.935,154
Apr 26 2017 01: +0,0.947,160
Apr 27 2017 01: +0,0.949,137
Apr 28 2017 01: +0,0.941,166
Apr 29 2017 01: +0,0.957,173
Apr 30 2017 01: +0,0.936,164
May 01 2017 01: +0,0.935,151
May 02 2017 01: +0,0.932,145
May 03 2017 01: +0,0.911,148
May 04 2017 01: +0,0.934,140
May 05 2017 01: +0,0.923,164
May 06 2017 01: +0,0.936,176
May 07 2017 01: +0,0.915,171
May 08 2017 01: +0,0.906,153
May 09 2017 01: +0,0.928,139
May 10 2017 01: +0,0.914,138
May 11 2017 01: +0,0.904,138
May 12 2017 01: +0,0.913,174
May 13 2017 01: +0,0.913,183
May 14 2017 01: +0,0.914,165
May 15 2017 01: +0,0.898,132
May 16 2017 01: +0,0.9,120
May 17 2017 01: +0,0.921,141
May 18 2017 01: +0,0.916,138
May 19 2017 01: +0,0.912,138
May 20 2017 01: +0,0.921,159
May 21 2017 01: +0,0.922,148
May 22 2017 01: +0,0.886,114
May 23 2017 01: +0,0.874,120
May 24 2017 01: +0,0.747,233
May 25 2017 01: +0,0.772,203
May 26 2017 01: +0,0.823,197
May 27 2017 01: +0,0.859,216
May 28 2017 01: +0,0.882,189
May 29 2017 01: +0,0.889,178
May 30 2017 01: +0,0.86,148
May 31 2017 01: +0,0.865,171
Jun 01 2017 01: +0,0.888,170
Jun 02 2017 01: +0,0.896,152
Jun 03 2017 01: +0,0.901,174
Jun 04 2017 01: +0,0.914,165
Jun 05 2017 01: +0,0.915,158
Jun 06 2017 01: +0,0.926,151
Jun 07 2017 01: +0,0.926,150
Jun 08 2017 01: +0,0.91,133
Jun 09 2017 01: +0,0.937,148
Jun 10 2017 01: +0,0.925,149
Jun 11 2017 01: +0,0.951,134
Jun 12 2017 01: +0,0.913,134
Jun 13 2017 01: +0,0.898,128
Jun 14 2017 01: +0,0.876,121
Jun 15 2017 01: +0,0.878,135
Jun 16 2017 01: +0,0.88,137
Jun 17 2017 01: +0,0.855,140
Jun 18 2017 01: +0,0.847,143
Jun 19 2017 01: +0,0.845,136
Jun 20 2017 01: +0,0.832,111
Jun 21 2017 01: +0,0.796,114
Jun 22 2017 01: +0,0.742,142
Jun 23 2017 01: +0,0.688,177
Jun 24 2017 01: +0,0.683,164
Jun 25 2017 01: +0,0.677,169
Jun 26 2017 01: +0,0.684,192
Jun 27 2017 01: +0,0.688,154
Jun 28 2017 01: +0,0.681,155
Jun 29 2017 01: +0,0.702,173
Jun 30 2017 01: +0,0.772,190
Jul 01 2017 01: +0,0.788,151
Jul 02 2017 01: +0,0.765,143
Jul 03 2017 01: +0,0.759,154
Jul 04 2017 01: +0,0.786,168
Jul 05 2017 01: +0,0.795,160
Jul 06 2017 01: +0,0.867,132
Jul 07 2017 01: +0,0.885,150
Jul 08 2017 01: +0,0.869,125
Jul 09 2017 01: +0,0.882,127
Jul 10 2017 01: +0,0.897,138
Jul 11 2017 01: +0,0.872,123
Jul 12 2017 01: +0,0.884,127
Jul 13 2017 01: +0,0.879,128
Jul 14 2017 01: +0,0.88,147
Jul 15 2017 01: +0,0.882,145
Jul 16 2017 01: +0,0.863,135
Jul 17 2017 01: +0,0.899,132
Jul 18 2017 01: +0,0.955,112
Jul 19 2017 01: +0,0.971,127
Jul 20 2017 01: +0,0.962,105
Jul 21 2017 01: +0,0.945,91
Jul 22 2017 01: +0,0.918,121
Jul 23 2017 01: +0,0.886,164
Jul 24 2017 01: +0,0.874,148
Jul 25 2017 01: +0,0.874,135
Jul 26 2017 01: +0,0.901,149
Jul 27 2017 01: +0,0.908,129
Jul 28 2017 01: +0,0.927,144
Jul 29 2017 01: +0,0.937,137
Jul 30 2017 01: +0,0.9,147
Jul 31 2017 01: +0,0.931,106
Aug 01 2017 01: +0,0.97,135
Aug 02 2017 01: +0,0.949,112
Aug 03 2017 01: +0,0.994,132
Aug 04 2017 01: +0,0.959,137
Aug 05 2017 01: +0,0.96,124
Aug 06 2017 01: +0,0.96,145
Aug 07 2017 01: +0,0.93,160
Aug 08 2017 01: +0,0.944,158
Aug 09 2017 01: +0,0.956,126
Aug 10 2017 01: +0,0.959,158
Aug 11 2017 01: +0,0.944,144
Aug 12 2017 01: +0,0.951,126
Aug 13 2017 01: +0,0.963,142
Aug 14 2017 01: +0,0.97,127
Aug 15 2017 01: +0,0.959,123
Aug 16 2017 01: +0,0.953,128
Aug 17 2017 01: +0,0.947,123
Aug 18 2017 01: +0,0.93,135
Aug 19 2017 01: +0,0.931,144
Aug 20 2017 01: +0,0.91,122
Aug 21 2017 01: +0,0.921,123
Aug 22 2017 01: +0,0.899,105
Aug 23 2017 01: +0,0.915,133
Aug 24 2017 01: +0,0.891,149
Aug 25 2017 01: +0,0.918,129
Aug 26 2017 01: +0,0.91,124
Aug 27 2017 01: +0,0.883,137
Aug 28 2017 01: +0,0.894,148
Aug 29 2017 01: +0,0.883,138
Aug 30 2017 01: +0,0.901,111
Aug 31 2017 01: +0,0.886,107
Sep 01 2017 01: +0,0.917,118
Sep 02 2017 01: +0,0.927,138
Sep 03 2017 01: +0,0.918,141
Sep 04 2017 01: +0,0.915,147
Sep 05 2017 01: +0,0.928,127
Sep 06 2017 01: +0,0.948,136
Sep 07 2017 01: +0,0.947,114
Sep 08 2017 01: +0,0.957,127
Sep 09 2017 01: +0,1.11,207
Sep 10 2017 01: +0,1.016,125
Sep 11 2017 01: +0,0.934,113
Sep 12 2017 01: +0,0.936,114
Sep 13 2017 01: +0,0.977,94
Sep 14 2017 01: +0,1.007,102
Sep 15 2017 01: +0,0.924,126
Sep 16 2017 01: +0,0.942,164
Sep 17 2017 01: +0,0.948,147
Sep 18 2017 01: +0,0.93,103
Sep 19 2017 01: +0,0.914,115
Sep 20 2017 01: +0,0.898,111
Sep 21 2017 01: +0,0.896,107
Sep 22 2017 01: +0,0.918,133
Sep 23 2017 01: +0,0.944,190
Sep 24 2017 01: +0,0.944,143
Sep 25 2017 01: +0,0.944,130
Sep 26 2017 01: +0,0.944,130
Sep 27 2017 01: +0,0.92,99
Sep 28 2017 01: +0,0.939,128
Sep 29 2017 01: +0,0.941,151
Sep 30 2017 01: +0,0.932,127
Oct 01 2017 01: +0,0.938,120
Oct 02 2017 01: +0,0.899,117
Oct 03 2017 01: +0,0.914,102
Oct 04 2017 01: +0,0.893,104
Oct 05 2017 01: +0,0.907,96
Oct 06 2017 01: +0,0.925,105
Oct 07 2017 01: +0,0.901,118
Oct 08 2017 01: +0,0.893,124
Oct 09 2017 01: +0,0.905,124
Oct 10 2017 01: +0,0.903,99
Oct 11 2017 01: +0,0.881,108
Oct 12 2017 01: +0,0.933,87
Oct 13 2017 01: +0,0.87,102
Oct 14 2017 01: +0,0.916,127
Oct 15 2017 01: +0,0.854,131
Oct 16 2017 01: +0,0.869,103
Oct 17 2017 01: +0,0.847,109
Oct 18 2017 01: +0,0.826,89
Oct 19 2017 01: +0,0.849,87
Oct 20 2017 01: +0,0.858,118
Oct 21 2017 01: +0,0.86,144
Oct 22 2017 01: +0,0.862,110
Oct 23 2017 01: +0,0.823,89
Oct 24 2017 01: +0,0.813,108
Oct 25 2017 01: +0,0.788,81
Oct 26 2017 01: +0,0.804,95
Oct 27 2017 01: +0,0.781,105
Oct 28 2017 01: +0,0.737,137
Oct 29 2017 01: +0,0.745,121
Oct 30 2017 01: +0,0.736,117
Oct 31 2017 01: +0,0.772,93
Nov 01 2017 01: +0,0.774,114
Nov 02 2017 01: +0,0.789,112
Nov 03 2017 01: +0,0.792,109
Nov 04 2017 01: +0,0.796,113
Nov 05 2017 01: +0,0.773,120
Nov 06 2017 01: +0,0.754,104
Nov 07 2017 01: +0,0.755,122
Nov 08 2017 01: +0,0.773,90
Nov 09 2017 01: +0,0.788,78
Nov 10 2017 01: +0,0.799,113
Nov 11 2017 01: +0,0.798,141
Nov 12 2017 01: +0,0.838,115
Nov 13 2017 01: +0,0.81,94
Nov 14 2017 01: +0,0.771,100
Nov 15 2017 01: +0,0.747,110
Nov 16 2017 01: +0,0.722,92
Nov 17 2017 01: +0,0.751,122
Nov 18 2017 01: +0,0.788,121
Nov 19 2017 01: +0,0.801,109
Nov 20 2017 01: +0,0.759,89
Nov 21 2017 01: +0,0.741,101
Nov 22 2017 01: +0,0.728,76
Nov 23 2017 01: +0,0.684,125
Nov 24 2017 01: +0,0.683,120
Nov 25 2017 01: +0,0.679,127
Nov 26 2017 01: +0,0.668,122
Nov 27 2017 01: +0,0.651,114
Nov 28 2017 01: +0,0.674,105
Nov 29 2017 01: +0,0.685,98
Nov 30 2017 01: +0,0.69,106
Dec 01 2017 01: +0,0.688,125
Dec 02 2017 01: +0,0.731,135
Dec 03 2017 01: +0,0.721,107
Dec 04 2017 01: +0,0.712,106
Dec 05 2017 01: +0,0.696,96
Dec 06 2017 01: +0,0.707,96
Dec 07 2017 01: +0,0.73,104
Dec 08 2017 01: +0,0.744,113
Dec 09 2017 01: +0,0.783,119
Dec 10 2017 01: +0,0.735,97
Dec 11 2017 01: +0,0.717,101
Dec 12 2017 01: +0,0.717,117
Dec 13 2017 01: +0,0.727,93
Dec 14 2017 01: +0,0.718,92
Dec 15 2017 01: +0,0.722,106
Dec 16 2017 01: +0,0.711,103
Dec 17 2017 01: +0,0.762,123
Dec 18 2017 01: +0,0.713,90
Dec 19 2017 01: +0,0.732,79
Dec 20 2017 01: +0,0.676,97
Dec 21 2017 01: +0,0.671,93
Dec 22 2017 01: +0,0.667,117
Dec 23 2017 01: +0,0.654,112
Dec 24 2017 01: +0,0.639,136
Dec 25 2017 01: +0,0.704,152
Dec 26 2017 01: +0,0.712,166
Dec 27 2017 01: +0,0.771,157
Dec 28 2017 01: +0,0.756,143
Dec 29 2017 01: +0,0.7,131
Dec 30 2017 01: +0,0.708,126
Dec 31 2017 01: +0,0.716,95
Jan 01 2018 01: +0,0.716,91
Jan 02 2018 01: +0,0.735,137
Jan 03 2018 01: +0,0.739,125
Jan 04 2018 01: +0,0.714,112
Jan 05 2018 01: +0,0.752,131
Jan 06 2018 01: +0,0.744,138
Jan 07 2018 01: +0,0.778,112
Jan 08 2018 01: +0,0.771,105
Jan 09 2018 01: +0,0.748,101
Jan 10 2018 01: +0,0.754,93
Jan 11 2018 01: +0,0.775,97
Jan 12 2018 01: +0,0.797,132
Jan 13 2018 01: +0,0.817,142
Jan 14 2018 01: +0,0.805,122
Jan 15 2018 01: +0,0.795,137
Jan 16 2018 01: +0,0.798,103
Jan 17 2018 01: +0,0.766,153
Jan 18 2018 01: +0,0.755,110
Jan 19 2018 01: +0,0.786,124
Jan 20 2018 01: +0,0.772,149
Jan 21 2018 01: +0,0.79,130
Jan 22 2018 01: +0,0.749,133
Jan 23 2018 01: +0,0.739,103
Jan 24 2018 01: +0,0.742,127
Jan 25 2018 01: +0,0.751,128
Jan 26 2018 01: +0,0.762,143
Jan 27 2018 01: +0,0.717,143
Jan 28 2018 01: +0,0.698,126
Jan 29 2018 01: +0,0.664,146
Jan 30 2018 01: +0,0.695,124
Jan 31 2018 01: +0,0.673,128
Feb 01 2018 01: +0,0.671,126
Feb 02 2018 01: +0,0.664,123
Feb 03 2018 01: +0,0.657,159
Feb 04 2018 01: +0,0.642,131
Feb 05 2018 01: +0,0.669,123
Feb 06 2018 01: +0,0.662,118
Feb 07 2018 01: +0,0.646,111
Feb 08 2018 01: +0,0.661,105
Feb 09 2018 01: +0,0.666,135
Feb 10 2018 01: +0,0.676,108
Feb 11 2018 01: +0,0.702,131
Feb 12 2018 01: +0,0.69,114
Feb 13 2018 01: +0,0.694,91
Feb 14 2018 01: +0,0.684,112
Feb 15 2018 01: +0,0.672,111
Feb 16 2018 01: +0,0.67,165
Feb 17 2018 01: +0,0.682,201
Feb 18 2018 01: +0,0.683,180
Feb 19 2018 01: +0,0.688,168
Feb 20 2018 01: +0,0.68,120
Feb 21 2018 01: +0,0.673,130
Feb 22 2018 01: +0,0.674,147
Feb 23 2018 01: +0,0.694,171
Feb 24 2018 01: +0,0.701,180
Feb 25 2018 01: +0,0.705,162
Feb 26 2018 01: +0,0.713,143
Feb 27 2018 01: +0,0.709,123
Feb 28 2018 01: +0,0.706,96
Feb 28 2018 19: +0,0.721,5
Feb 28 2018 20: +0,0.725,5
Feb 28 2018 21: +0,0.718,6
Feb 28 2018 22: +0,0.721,5
Feb 28 2018 23: +0,0.679,6
Mar 01 2018 00: +0,0.673,4
Mar 01 2018 01: +0,0.656,4
Mar 01 2018 02: +0,0.59,3
Mar 01 2018 03: +0,1.038,2
Mar 01 2018 04: +0,0.688,4
Mar 01 2018 05: +0,0.69,3
Mar 01 2018 06: +0,0.651,2
Mar 01 2018 07: +0,0.696,3
Mar 01 2018 08: +0,0.722,7
Mar 01 2018 09: +0,0.681,4
Mar 01 2018 10: +0,0.73,1
Mar 01 2018 11: +0,0.732,8
Mar 01 2018 12: +0,0.735,3
Mar 01 2018 13: +0,0.733,5
Mar 01 2018 14: +0,0.733,8
Mar 01 2018 15: +0,0.733,9
Mar 01 2018 16: +0,0.721,7
Mar 01 2018 17: +0,0.721,13
Mar 01 2018 18: +0,0.727,10
Mar 01 2018 19: +0,0.711,4
Mar 01 2018 20: +0,0.71,7
Mar 01 2018 21: +0,0.72,8
Mar 01 2018 22: +0,0.71,5
Mar 01 2018 23: +0,0.718,7
Mar 02 2018 00: +0,0.718,3
Mar 02 2018 01: +0,0.716,1
Mar 02 2018 02: +0,0.716,1
Mar 02 2018 03: +0,0.679,2
Mar 02 2018 04: +0,0.693,4
Mar 02 2018 05: +0,0.667,4
Mar 02 2018 07: +0,0.68,4
Mar 02 2018 08: +0,0.67,4
Mar 02 2018 09: +0,0.719,2
Mar 02 2018 10: +0,0.7,5
Mar 02 2018 11: +0,0.706,1
Mar 02 2018 12: +0,0.704,7
Mar 02 2018 13: +0,0.724,11
Mar 02 2018 14: +0,0.706,7
Mar 02 2018 15: +0,0.724,10
Mar 02 2018 16: +0,0.73,12
Mar 02 2018 17: +0,0.718,6
Mar 02 2018 18: +0,0.672,6
Mar 02 2018 19: +0,0.713,8
Mar 02 2018 20: +0,0.715,12
Mar 02 2018 21: +0,0.718,7
Mar 02 2018 22: +0,0.72,4
Mar 02 2018 23: +0,0.72,10
Mar 03 2018 00: +0,0.691,4
Mar 03 2018 01: +0,0.714,5
Mar 03 2018 02: +0,0.65,3
Mar 03 2018 03: +0,0.719,5
Mar 03 2018 04: +0,0.719,6
Mar 03 2018 05: +0,0.717,4
Mar 03 2018 06: +0,0.709,5
Mar 03 2018 07: +0,0.719,1
Mar 03 2018 09: +0,0.701,4
Mar 03 2018 10: +0,0.72,7
Mar 03 2018 11: +0,0.701,5
Mar 03 2018 12: +0,0.701,7
Mar 03 2018 13: +0,0.705,9
Mar 03 2018 14: +0,0.71,12
Mar 03 2018 15: +0,0.701,6
Mar 03 2018 16: +0,0.701,6
Mar 03 2018 17: +0,0.726,13
Mar 03 2018 18: +0,0.706,6
Mar 03 2018 19: +0,0.727,9
Mar 03 2018 20: +0,0.717,8
Mar 03 2018 21: +0,0.73,13
Mar 03 2018 22: +0,0.734,10
Mar 03 2018 23: +0,0.701,9
Mar 04 2018 00: +0,0.66,4
Mar 04 2018 01: +0,0.693,5
Mar 04 2018 02: +0,0.664,5
Mar 04 2018 03: +0,0.701,3
Mar 04 2018 04: +0,0.718,2
Mar 04 2018 05: +0,0.707,4
Mar 04 2018 06: +0,0.69,5
Mar 04 2018 07: +0,0.72,3
Mar 04 2018 08: +0,0.735,4
Mar 04 2018 09: +0,0.738,7
Mar 04 2018 10: +0,0.736,6
Mar 04 2018 11: +0,0.733,6
Mar 04 2018 12: +0,0.732,12
Mar 04 2018 13: +0,0.739,16
Mar 04 2018 14: +0,0.726,10
Mar 04 2018 15: +0,0.743,5
Mar 04 2018 16: +0,0.738,6
Mar 04 2018 17: +0,0.742,15
Mar 04 2018 18: +0,0.738,9
Mar 04 2018 19: +0,0.738,6
Mar 04 2018 20: +0,0.73,15
Mar 04 2018 21: +0,0.735,8
Mar 04 2018 22: +0,0.733,8
Mar 04 2018 23: +0,0.732,6
Mar 05 2018 00: +0,0.72,1
Mar 05 2018 01: +0,0.703,4
Mar 05 2018 02: +0,0.711,3
Mar 05 2018 03: +0,0.632,5
Mar 05 2018 05: +0,0.703,6
Mar 05 2018 06: +0,0.526,2
Mar 05 2018 07: +0,0.733,3
Mar 05 2018 08: +0,0.728,2
Mar 05 2018 10: +0,0.677,5
Mar 05 2018 11: +0,0.683,6
Mar 05 2018 12: +0,0.732,5
Mar 05 2018 13: +0,0.632,5
Mar 05 2018 14: +0,0.635,6
Mar 05 2018 15: +0,0.653,12
Mar 05 2018 16: +0,0.725,11
Mar 05 2018 17: +0,0.735,10
Mar 05 2018 18: +0,0.735,10
Mar 05 2018 19: +0,0.738,5
Mar 05 2018 20: +0,0.714,11
Mar 05 2018 21: +0,0.719,8
Mar 05 2018 22: +0,0.717,4
Mar 05 2018 23: +0,0.658,4
Mar 06 2018 00: +0,0.718,4
Mar 06 2018 01: +0,0.726,5
Mar 06 2018 02: +0,0.735,6
Mar 06 2018 03: +0,0.655,2
Mar 06 2018 04: +0,0.691,1
Mar 06 2018 05: +0,0.73,3
Mar 06 2018 06: +0,0.736,1
Mar 06 2018 07: +0,0.737,3
Mar 06 2018 09: +0,0.714,4
Mar 06 2018 11: +0,0.735,9
Mar 06 2018 12: +0,0.705,3
Mar 06 2018 13: +0,0.693,1
Mar 06 2018 14: +0,0.693,11
Mar 06 2018 15: +0,0.695,7
Mar 06 2018 16: +0,0.714,13
Mar 06 2018 17: +0,0.677,7
Mar 06 2018 18: +0,0.702,8
Mar 06 2018 19: +0,0.709,11
Mar 06 2018 20: +0,0.71,11
Mar 06 2018 21: +0,0.69,6
Mar 06 2018 22: +0,0.716,5
Mar 06 2018 23: +0,0.607,4
Mar 07 2018 00: +0,0.718,7
Mar 07 2018 01: +0,0.718,1
Mar 07 2018 02: +0,0.6,3
Mar 07 2018 03: +0,0.648,1
Mar 07 2018 04: +0,0.675,3
Mar 07 2018 06: +0,0.707,2
Mar 07 2018 07: +0,0.712,3
Mar 07 2018 08: +0,0.691,3
Mar 07 2018 09: +0,0.706,3
Mar 07 2018 10: +0,0.708,6
Mar 07 2018 11: +0,0.697,5
Mar 07 2018 12: +0,0.706,3
Mar 07 2018 13: +0,0.698,5
Mar 07 2018 14: +0,0.704,10
Mar 07 2018 15: +0,0.711,15
Mar 07 2018 16: +0,0.718,9
Mar 07 2018 17: +0,0.706,9
Mar 07 2018 18: +0,0.721,6
Mar 07 2018 19: +0,0.712,2
Mar 07 2018 20: +0,0.711,8
Mar 07 2018 21: +0,0.711,9
Mar 07 2018 22: +0,0.703,6
Mar 07 2018 23: +0,0.67,2
Mar 08 2018 00: +0,0.622,3
Mar 08 2018 01: +0,0.708,4
Mar 08 2018 02: +0,0.696,3
Mar 08 2018 03: +0,0.696,5
Mar 08 2018 04: +0,0.7,2
Mar 08 2018 05: +0,0.689,6
Mar 08 2018 06: +0,0.694,2
Mar 08 2018 07: +0,0.696,3
Mar 08 2018 08: +0,0.701,6
Mar 08 2018 09: +0,0.708,4
Mar 08 2018 10: +0,0.708,5
Mar 08 2018 11: +0,0.693,4
Mar 08 2018 12: +0,0.708,9
Mar 08 2018 13: +0,0.707,7
Mar 08 2018 14: +0,0.707,5
Mar 08 2018 15: +0,0.711,6
Mar 08 2018 16: +0,0.72,8
Mar 08 2018 17: +0,0.729,6
Mar 08 2018 18: +0,0.728,13
Mar 08 2018 19: +0,0.732,13
Mar 08 2018 20: +0,0.719,10
Mar 08 2018 21: +0,0.732,9
Mar 08 2018 22: +0,0.712,4
Mar 08 2018 23: +0,0.714,6
Mar 09 2018 00: +0,0.573,2
Mar 09 2018 01: +0,0.69,1
Mar 09 2018 02: +0,0.664,2
Mar 09 2018 03: +0,0.673,3
Mar 09 2018 04: +0,0.696,2
Mar 09 2018 05: +0,0.69,3
Mar 09 2018 06: +0,0.69,1
Mar 09 2018 07: +0,0.727,3
Mar 09 2018 08: +0,0.721,7
Mar 09 2018 09: +0,0.736,5
Mar 09 2018 10: +0,0.731,6
Mar 09 2018 11: +0,0.649,4
Mar 09 2018 12: +0,0.681,5
Mar 09 2018 13: +0,0.733,10
Mar 09 2018 14: +0,0.73,4
Mar 09 2018 15: +0,0.73,8
Mar 09 2018 16: +0,0.725,5
Mar 09 2018 17: +0,0.73,12
Mar 09 2018 18: +0,0.722,7
Mar 09 2018 19: +0,0.73,12
Mar 09 2018 20: +0,0.731,6
Mar 09 2018 21: +0,0.717,4
Mar 09 2018 22: +0,0.73,4
Mar 09 2018 23: +0,0.738,8
Mar 10 2018 00: +0,0.737,11
Mar 10 2018 01: +0,0.7,3
Mar 10 2018 02: +0,0.735,3
Mar 10 2018 03: +0,0.733,3
Mar 10 2018 04: +0,0.731,2
Mar 10 2018 05: +0,0.725,3
Mar 10 2018 06: +0,0.725,3
Mar 10 2018 07: +0,0.737,6
Mar 10 2018 08: +0,0.729,4
Mar 10 2018 09: +0,0.681,6
Mar 10 2018 10: +0,0.693,8
Mar 10 2018 11: +0,0.666,8
Mar 10 2018 12: +0,0.673,8
Mar 10 2018 13: +0,0.725,10
Mar 10 2018 14: +0,0.713,5
Mar 10 2018 15: +0,0.734,7
Mar 10 2018 16: +0,0.734,11
Mar 10 2018 17: +0,0.719,12
Mar 10 2018 18: +0,0.728,7
Mar 10 2018 19: +0,0.698,6
Mar 10 2018 20: +0,0.725,11
Mar 10 2018 21: +0,0.703,11
Mar 10 2018 22: +0,0.732,6
Mar 10 2018 23: +0,0.728,6
Mar 11 2018 00: +0,0.73,9
Mar 11 2018 01: +0,0.725,6
Mar 11 2018 02: +0,0.732,5
Mar 11 2018 03: +0,0.735,3
Mar 11 2018 04: +0,0.7,3
Mar 11 2018 05: +0,0.71,3
Mar 11 2018 06: +0,0.664,4
Mar 11 2018 07: +0,0.689,4
Mar 11 2018 08: +0,0.694,6
Mar 11 2018 09: +0,0.667,10
Mar 11 2018 10: +0,0.7,9
Mar 11 2018 11: +0,0.658,4
Mar 11 2018 12: +0,0.717,5
Mar 11 2018 13: +0,0.731,10
Mar 11 2018 14: +0,0.736,6
Mar 11 2018 15: +0,0.71,9
Mar 11 2018 16: +0,0.704,10
Mar 11 2018 17: +0,0.722,8
Mar 11 2018 18: +0,0.695,4
Mar 11 2018 19: +0,0.682,12
Mar 11 2018 20: +0,0.723,5
Mar 11 2018 21: +0,0.698,9
Mar 11 2018 22: +0,0.718,6
Mar 11 2018 23: +0,0.672,4
Mar 12 2018 00: +0,0.679,2
Mar 12 2018 01: +0,0.7,6
Mar 12 2018 02: +0,0.712,8
Mar 12 2018 03: +0,0.722,4
Mar 12 2018 04: +0,0.68,3
Mar 12 2018 06: +0,0.723,2
Mar 12 2018 07: +0,0.65,2
Mar 12 2018 08: +0,0.662,2
Mar 12 2018 09: +0,0.672,2
Mar 12 2018 10: +0,0.71,3
Mar 12 2018 11: +0,0.72,7
Mar 12 2018 12: +0,0.723,5
Mar 12 2018 13: +0,0.72,4
Mar 12 2018 14: +0,0.723,9
Mar 12 2018 15: +0,0.707,13
Mar 12 2018 16: +0,0.723,15
Mar 12 2018 17: +0,0.705,11
Mar 12 2018 18: +0,0.725,6
Mar 12 2018 19: +0,0.676,9
Mar 12 2018 20: +0,0.7,7
Mar 12 2018 21: +0,0.719,7
Mar 12 2018 22: +0,0.723,3
Mar 12 2018 23: +0,0.676,5
Mar 13 2018 00: +0,0.713,5
Mar 13 2018 01: +0,0.699,2
Mar 13 2018 02: +0,0.71,1
Mar 13 2018 03: +0,0.66,3
Mar 13 2018 05: +0,0.65,3
Mar 13 2018 06: +0,0.634,2
Mar 13 2018 07: +0,0.682,2
Mar 13 2018 08: +0,0.609,2
Mar 13 2018 09: +0,0.676,5
Mar 13 2018 10: +0,0.679,5
Mar 13 2018 11: +0,0.705,5
Mar 13 2018 12: +0,0.667,5
Mar 13 2018 13: +0,0.663,9
Mar 13 2018 14: +0,0.674,9
Mar 13 2018 15: +0,0.639,6
Mar 13 2018 16: +0,0.676,11
Mar 13 2018 17: +0,0.687,7
Mar 13 2018 18: +0,0.688,6
Mar 13 2018 19: +0,0.676,6
Mar 13 2018 20: +0,0.676,9
Mar 13 2018 21: +0,0.644,6
Mar 13 2018 22: +0,0.69,5
Mar 13 2018 23: +0,0.679,8
Mar 14 2018 00: +0,0.693,6
Mar 14 2018 01: +0,0.699,4
Mar 14 2018 02: +0,0.678,2
Mar 14 2018 03: +0,0.69,3
Mar 14 2018 04: +0,0.644,1
Mar 14 2018 06: +0,0.69,2
Mar 14 2018 07: +0,0.69,5
Mar 14 2018 08: +0,0.69,5
Mar 14 2018 09: +0,0.666,2
Mar 14 2018 10: +0,0.69,4
Mar 14 2018 11: +0,0.695,5
Mar 14 2018 12: +0,0.696,5
Mar 14 2018 13: +0,0.702,6
Mar 14 2018 14: +0,0.703,4
Mar 14 2018 15: +0,0.705,8
Mar 14 2018 16: +0,0.692,6
Mar 14 2018 17: +0,0.634,6
Mar 14 2018 18: +0,0.63,14
Mar 14 2018 19: +0,0.63,12
Mar 14 2018 20: +0,0.636,4
Mar 14 2018 21: +0,0.697,7
Mar 14 2018 22: +0,0.713,3
Mar 14 2018 23: +0,0.7,3
Mar 15 2018 00: +0,0.666,1
Mar 15 2018 01: +0,0.59,1
Mar 15 2018 02: +0,0.696,4
Mar 15 2018 03: +0,0.63,1
Mar 15 2018 04: +0,0.699,3
Mar 15 2018 05: +0,0.699,1
Mar 15 2018 06: +0,0.704,1
Mar 15 2018 07: +0,0.684,2
Mar 15 2018 08: +0,0.698,4
Mar 15 2018 09: +0,0.693,4
Mar 15 2018 10: +0,0.699,6
Mar 15 2018 11: +0,0.694,2
Mar 15 2018 12: +0,0.625,4
Mar 15 2018 13: +0,0.673,2
Mar 15 2018 14: +0,0.667,8
Mar 15 2018 15: +0,0.706,12
Mar 15 2018 16: +0,0.691,6
Mar 15 2018 17: +0,0.684,5
Mar 15 2018 18: +0,0.64,4
Mar 15 2018 19: +0,0.667,15
Mar 15 2018 20: +0,0.717,9
Mar 15 2018 21: +0,0.678,3
Mar 15 2018 22: +0,0.697,4
Mar 15 2018 23: +0,0.71,2
Mar 16 2018 00: +0,0.6,3
Mar 16 2018 01: +0,0.622,2
Mar 16 2018 02: +0,0.666,7
Mar 16 2018 03: +0,0.651,2
Mar 16 2018 04: +0,0.692,3
Mar 16 2018 05: +0,0.6,1
Mar 16 2018 06: +0,0.663,1
Mar 16 2018 07: +0,1.332,1
Mar 16 2018 08: +0,0.657,2
Mar 16 2018 09: +0,0.659,4
Mar 16 2018 10: +0,0.654,3
Mar 16 2018 11: +0,0.678,4
Mar 16 2018 12: +0,0.68,6
Mar 16 2018 13: +0,0.69,8
Mar 16 2018 14: +0,0.68,7
Mar 16 2018 15: +0,0.692,9
Mar 16 2018 16: +0,0.686,11
Mar 16 2018 17: +0,0.688,12
Mar 16 2018 18: +0,0.646,6
Mar 16 2018 19: +0,0.686,12
Mar 16 2018 20: +0,0.7,6
Mar 16 2018 21: +0,0.697,12
Mar 16 2018 22: +0,0.697,5
Mar 16 2018 23: +0,0.7,7
Mar 17 2018 00: +0,0.69,2
Mar 17 2018 02: +0,0.69,6
Mar 17 2018 03: +0,0.71,3
Mar 17 2018 04: +0,0.704,6
Mar 17 2018 05: +0,0.71,3
Mar 17 2018 06: +0,0.709,2
Mar 17 2018 07: +0,0.654,2
Mar 17 2018 08: +0,0.708,2
Mar 17 2018 09: +0,0.71,3
Mar 17 2018 10: +0,0.809,26
Mar 17 2018 11: +0,0.713,12
Mar 17 2018 12: +0,0.72,9
Mar 17 2018 13: +0,0.677,13
Mar 17 2018 14: +0,0.706,14
Mar 17 2018 15: +0,0.67,5
Mar 17 2018 16: +0,0.69,9
Mar 17 2018 17: +0,0.703,4
Mar 17 2018 18: +0,0.693,9
Mar 17 2018 19: +0,0.663,7
Mar 17 2018 20: +0,0.693,9
Mar 17 2018 21: +0,0.636,2
Mar 17 2018 22: +0,0.67,8
Mar 17 2018 23: +0,0.7,7
Mar 18 2018 00: +0,0.7,1
Mar 18 2018 01: +0,0.642,1
Mar 18 2018 02: +0,0.69,1
Mar 18 2018 03: +0,0.677,4
Mar 18 2018 04: +0,0.688,3
Mar 18 2018 05: +0,0.709,4
Mar 18 2018 06: +0,0.698,2
Mar 18 2018 07: +0,0.707,5
Mar 18 2018 08: +0,0.627,1
Mar 18 2018 09: +0,0.715,6
Mar 18 2018 10: +0,0.717,6
Mar 18 2018 11: +0,0.715,6
Mar 18 2018 12: +0,0.643,2
Mar 18 2018 13: +0,0.663,3
Mar 18 2018 14: +0,0.7,11
Mar 18 2018 15: +0,0.7,8
Mar 18 2018 16: +0,0.703,10
Mar 18 2018 17: +0,0.713,11
Mar 18 2018 18: +0,0.7,7
Mar 18 2018 19: +0,0.68,7
Mar 18 2018 20: +0,0.639,9
Mar 18 2018 21: +0,0.709,10
Mar 18 2018 22: +0,0.713,1
Mar 18 2018 23: +0,0.676,3
Mar 19 2018 00: +0,0.703,4
Mar 19 2018 01: +0,0.706,1
Mar 19 2018 03: +0,0.6,1
Mar 19 2018 04: +0,0.647,1
Mar 19 2018 05: +0,0.668,2
Mar 19 2018 06: +0,0.697,1
Mar 19 2018 07: +0,0.672,3
Mar 19 2018 08: +0,0.643,3
Mar 19 2018 09: +0,0.638,3
Mar 19 2018 10: +0,0.712,5
Mar 19 2018 11: +0,0.711,3
Mar 19 2018 12: +0,0.62,1
Mar 19 2018 13: +0,0.679,8
Mar 19 2018 14: +0,0.688,9
Mar 19 2018 15: +0,0.681,12
Mar 19 2018 16: +0,0.688,7
Mar 19 2018 17: +0,0.668,10
Mar 19 2018 18: +0,0.689,11
Mar 19 2018 19: +0,0.676,8
Mar 19 2018 20: +0,0.643,4
Mar 19 2018 21: +0,0.679,9
Mar 19 2018 22: +0,0.677,6
Mar 19 2018 23: +0,0.706,6
Mar 20 2018 00: +0,0.665,4
Mar 20 2018 01: +0,0.605,2
Mar 20 2018 02: +0,0.64,4
Mar 20 2018 03: +0,0.636,4
Mar 20 2018 04: +0,0.642,3
Mar 20 2018 05: +0,0.636,2
Mar 20 2018 07: +0,0.651,3
Mar 20 2018 08: +0,0.684,4
Mar 20 2018 09: +0,0.644,2
Mar 20 2018 11: +0,0.626,3
Mar 20 2018 12: +0,0.604,5
Mar 20 2018 13: +0,0.652,5
Mar 20 2018 14: +0,0.684,2
Mar 20 2018 15: +0,0.677,5
Mar 20 2018 16: +0,0.677,5
Mar 20 2018 17: +0,0.696,6
Mar 20 2018 18: +0,0.636,4
Mar 20 2018 19: +0,0.712,6
Mar 20 2018 20: +0,0.689,7
Mar 20 2018 21: +0,0.711,1
Mar 20 2018 22: +0,0.66,4
Mar 20 2018 23: +0,0.664,2
Mar 21 2018 01: +0,0.66,1
Mar 21 2018 02: +0,0.637,5
Mar 21 2018 03: +0,0.601,1
Mar 21 2018 04: +0,0.637,2
Mar 21 2018 05: +0,0.642,1
Mar 21 2018 06: +0,0.649,1
Mar 21 2018 07: +0,0.683,2
Mar 21 2018 08: +0,0.656,2
Mar 21 2018 10: +0,0.68,7
Mar 21 2018 11: +0,0.62,1
Mar 21 2018 12: +0,0.69,4
Mar 21 2018 13: +0,0.649,4
Mar 21 2018 14: +0,0.631,4
Mar 21 2018 15: +0,0.687,9
Mar 21 2018 16: +0,0.711,7
Mar 21 2018 17: +0,0.7,7
Mar 21 2018 18: +0,0.711,6
Mar 21 2018 19: +0,0.699,8
Mar 21 2018 20: +0,0.7,6
Mar 21 2018 21: +0,0.7,3
Mar 21 2018 22: +0,0.701,5
Mar 21 2018 23: +0,0.701,3
Mar 22 2018 00: +0,0.69,2
Mar 22 2018 01: +0,0.687,4
Mar 22 2018 02: +0,0.689,3
Mar 22 2018 03: +0,0.6,1
Mar 22 2018 04: +0,0.652,4
Mar 22 2018 05: +0,0.677,5
Mar 22 2018 06: +0,0.701,2
Mar 22 2018 07: +0,0.7,1
Mar 22 2018 08: +0,0.695,1
Mar 22 2018 09: +0,0.7,5
Mar 22 2018 10: +0,0.69,1
Mar 22 2018 12: +0,0.659,1
Mar 22 2018 13: +0,0.669,6
Mar 22 2018 14: +0,0.702,9
Mar 22 2018 15: +0,0.704,7
Mar 22 2018 16: +0,0.642,6
Mar 22 2018 17: +0,0.702,4
Mar 22 2018 18: +0,0.677,7
Mar 22 2018 19: +0,0.689,4
Mar 22 2018 20: +0,0.884,1
Mar 22 2018 21: +0,0.61,4
Mar 22 2018 22: +0,0.675,2
Mar 22 2018 23: +0,0.678,3
Mar 23 2018 00: +0,0.686,3
Mar 23 2018 01: +0,0.685,2
Mar 23 2018 02: +0,0.622,2
Mar 23 2018 03: +0,0.649,2
Mar 23 2018 04: +0,0.686,1
Mar 23 2018 07: +0,0.689,8
Mar 23 2018 08: +0,0.689,4
Mar 23 2018 09: +0,0.676,3
Mar 23 2018 10: +0,0.688,4
Mar 23 2018 11: +0,0.681,4
Mar 23 2018 12: +0,0.68,5
Mar 23 2018 13: +0,0.607,4
Mar 23 2018 14: +0,0.614,8
Mar 23 2018 15: +0,0.685,9
Mar 23 2018 16: +0,0.691,5
Mar 23 2018 17: +0,0.669,4
Mar 23 2018 18: +0,0.673,3
Mar 23 2018 19: +0,0.678,9
Mar 23 2018 20: +0,0.676,11
Mar 23 2018 21: +0,0.678,5
Mar 23 2018 22: +0,0.629,3
Mar 23 2018 23: +0,0.678,4
Mar 24 2018 00: +0,0.683,6
Mar 24 2018 01: +0,0.658,2
Mar 24 2018 02: +0,0.684,1
Mar 24 2018 03: +0,0.645,2
Mar 24 2018 04: +0,0.674,3
Mar 24 2018 05: +0,0.66,2
Mar 24 2018 06: +0,0.69,1
Mar 24 2018 07: +0,0.676,5
Mar 24 2018 08: +0,0.635,2
Mar 24 2018 09: +0,0.658,6
Mar 24 2018 10: +0,0.66,8
Mar 24 2018 11: +0,0.69,10
Mar 24 2018 12: +0,0.68,4
Mar 24 2018 13: +0,0.61,9
Mar 24 2018 14: +0,0.682,7
Mar 24 2018 15: +0,0.625,6
Mar 24 2018 16: +0,0.678,3
Mar 24 2018 17: +0,0.638,7
Mar 24 2018 18: +0,0.678,6
Mar 24 2018 19: +0,0.685,8
Mar 24 2018 20: +0,0.678,10
Mar 24 2018 21: +0,0.682,4
Mar 24 2018 22: +0,0.678,6
Mar 24 2018 23: +0,0.672,4
Mar 25 2018 00: +0,0.678,7
Mar 25 2018 02: +0,0.633,5
Mar 25 2018 03: +0,0.693,4
Mar 25 2018 04: +0,0.679,2
Mar 25 2018 05: +0,0.625,2
Mar 25 2018 06: +0,0.688,3
Mar 25 2018 07: +0,0.69,4
Mar 25 2018 08: +0,0.695,4
Mar 25 2018 09: +0,0.692,5
Mar 25 2018 10: +0,0.674,8
Mar 25 2018 11: +0,0.678,7
Mar 25 2018 12: +0,0.695,8
Mar 25 2018 13: +0,0.678,7
Mar 25 2018 14: +0,0.696,7
Mar 25 2018 15: +0,0.696,7
Mar 25 2018 16: +0,0.627,8
Mar 25 2018 17: +0,0.651,4
Mar 25 2018 18: +0,0.703,12
Mar 25 2018 19: +0,0.701,4
Mar 25 2018 20: +0,0.677,4
Mar 25 2018 21: +0,0.6,5
Mar 25 2018 22: +0,0.638,7
Mar 25 2018 23: +0,0.615,4
Mar 26 2018 00: +0,0.639,1
Mar 26 2018 01: +0,0.638,6
Mar 26 2018 02: +0,0.57,1
Mar 26 2018 03: +0,0.655,4
Mar 26 2018 04: +0,0.63,2
Mar 26 2018 06: +0,0.695,4
Mar 26 2018 08: +0,0.665,2
Mar 26 2018 09: +0,0.59,3
Mar 26 2018 10: +0,0.665,3
Mar 26 2018 11: +0,0.69,3
Mar 26 2018 12: +0,0.653,1
Mar 26 2018 13: +0,0.667,5
Mar 26 2018 14: +0,0.666,10
Mar 26 2018 15: +0,0.678,9
Mar 26 2018 16: +0,0.686,8
Mar 26 2018 17: +0,0.641,7
Mar 26 2018 18: +0,0.59,3
Mar 26 2018 19: +0,0.623,13
Mar 26 2018 20: +0,0.684,4
Mar 26 2018 21: +0,0.633,3
Mar 26 2018 22: +0,0.69,1
Mar 26 2018 23: +0,0.638,2
Mar 27 2018 00: +0,0.633,1
Mar 27 2018 01: +0,0.621,1
Mar 27 2018 02: +0,0.627,2
Mar 27 2018 03: +0,0.62,1
Mar 27 2018 04: +0,0.623,1
Mar 27 2018 05: +0,0.619,2
Mar 27 2018 06: +0,0.628,1
Mar 27 2018 07: +0,0.606,4
Mar 27 2018 08: +0,0.628,3
Mar 27 2018 09: +0,0.608,5
Mar 27 2018 10: +0,0.677,5
Mar 27 2018 11: +0,0.677,2
Mar 27 2018 12: +0,0.67,3
Mar 27 2018 13: +0,0.685,4
Mar 27 2018 14: +0,0.683,9
Mar 27 2018 15: +0,0.596,7
Mar 27 2018 16: +0,0.665,8
Mar 27 2018 17: +0,0.67,5
Mar 27 2018 18: +0,0.67,9
Mar 27 2018 19: +0,0.658,5
Mar 27 2018 20: +0,0.651,3
Mar 27 2018 21: +0,0.591,2
Mar 27 2018 22: +0,0.652,5
Mar 27 2018 23: +0,0.599,1
Mar 28 2018 00: +0,0.64,3
Mar 28 2018 01: +0,0.6,2
Mar 28 2018 02: +0,0.653,2
Mar 28 2018 03: +0,0.575,2
Mar 28 2018 04: +0,0.647,4
Mar 28 2018 06: +0,0.652,1
Mar 28 2018 07: +0,0.609,3
Mar 28 2018 08: +0,0.608,4
Mar 28 2018 09: +0,0.61,5
Mar 28 2018 10: +0,0.608,5
Mar 28 2018 11: +0,0.611,9
Mar 28 2018 12: +0,0.66,8
Mar 28 2018 13: +0,0.674,6
Mar 28 2018 14: +0,0.656,5
Mar 28 2018 15: +0,0.677,5
Mar 28 2018 16: +0,0.679,7
Mar 28 2018 17: +0,0.679,3
Mar 28 2018 18: +0,0.663,2
Mar 28 2018 19: +0,0.652,6
Mar 28 2018 20: +0,0.656,4
Mar 28 2018 21: +0,0.62,5
Mar 28 2018 22: +0,0.585,4
Mar 28 2018 23: +0,0.637,6
Mar 29 2018 00: +0,0.663,4
Mar 29 2018 01: +0,0.664,4
Mar 29 2018 02: +0,0.623,2
Mar 29 2018 03: +0,0.634,1
Mar 29 2018 04: +0,0.585,4
Mar 29 2018 05: +0,0.59,1
Mar 29 2018 06: +0,0.617,4
Mar 29 2018 07: +0,0.623,2
Mar 29 2018 08: +0,0.665,6
Mar 29 2018 09: +0,0.666,10
Mar 29 2018 10: +0,0.679,5
Mar 29 2018 11: +0,0.61,7
Mar 29 2018 12: +0,0.65,7
Mar 29 2018 13: +0,0.651,3
Mar 29 2018 14: +0,0.653,6
Mar 29 2018 15: +0,0.66,11
Mar 29 2018 16: +0,0.638,7
Mar 29 2018 17: +0,0.651,3
Mar 29 2018 18: +0,0.637,9
Mar 29 2018 19: +0,0.606,13
Mar 29 2018 20: +0,0.641,8
Mar 29 2018 21: +0,0.653,3
Mar 29 2018 22: +0,0.637,3
Mar 29 2018 23: +0,0.55,1
Mar 30 2018 00: +0,0.626,2
Mar 30 2018 01: +0,0.6,3
Mar 30 2018 02: +0,0.65,1
Mar 30 2018 03: +0,0.625,2
Mar 30 2018 04: +0,0.59,1
Mar 30 2018 05: +0,0.622,2
Mar 30 2018 06: +0,0.626,2
Mar 30 2018 07: +0,0.62,3
Mar 30 2018 08: +0,0.621,1
Mar 30 2018 09: +0,0.515,2
Mar 30 2018 10: +0,0.599,7
Mar 30 2018 11: +0,0.604,9
Mar 30 2018 12: +0,0.628,16
Mar 30 2018 13: +0,0.666,7
Mar 30 2018 14: +0,0.657,5
Mar 30 2018 15: +0,0.616,6
Mar 30 2018 16: +0,0.621,7
Mar 30 2018 17: +0,0.617,7
