Nov 28 2013 01: +0,3.142,2
Nov 29 2013 01: +0,4.59,4
Nov 30 2013 01: +0,7.595,9
Dec 01 2013 01: +0,3.178,4
Dec 02 2013 01: +0,2.753,4
Dec 03 2013 01: +0,2.902,2
Dec 04 2013 01: +0,3.576,1
Dec 06 2013 01: +0,2.709,3
Dec 07 2013 01: +0,1.88,3
Dec 08 2013 01: +0,1.848,4
Dec 09 2013 01: +0,1.707,3
Dec 10 2013 01: +0,1.592,5
Dec 11 2013 01: +0,1.439,5
Dec 12 2013 01: +0,1.536,3
Dec 13 2013 01: +0,1.54,9
Dec 14 2013 01: +0,1.14,10
Dec 15 2013 01: +0,1.55,7
Dec 16 2013 01: +0,1.547,6
Dec 17 2013 01: +0,1.494,3
Dec 18 2013 01: +0,1.527,4
Dec 19 2013 01: +0,1.3,2
Dec 20 2013 01: +0,1.301,9
Dec 21 2013 01: +0,1.088,7
Dec 22 2013 01: +0,0.982,10
Dec 23 2013 01: +0,0.72,8
Dec 24 2013 01: +0,0.785,12
Dec 25 2013 01: +0,0.637,6
Dec 26 2013 01: +0,0.751,10
Dec 27 2013 01: +0,0.919,6
Dec 28 2013 01: +0,1.107,9
Dec 29 2013 01: +0,0.807,9
Dec 30 2013 01: +0,0.65,13
Dec 31 2013 01: +0,0.548,19
Jan 01 2014 01: +0,0.761,8
Jan 02 2014 01: +0,0.635,7
Jan 03 2014 01: +0,0.428,6
Jan 04 2014 01: +0,0.526,8
Jan 05 2014 01: +0,0.403,10
Jan 06 2014 01: +0,0.391,14
Jan 07 2014 01: +0,0.46,7
Jan 08 2014 01: +0,0.509,10
Jan 09 2014 01: +0,0.496,8
Jan 10 2014 01: +0,0.454,8
Jan 11 2014 01: +0,0.495,9
Jan 12 2014 01: +0,0.513,8
Jan 13 2014 01: +0,0.366,7
Jan 14 2014 01: +0,0.318,12
Jan 15 2014 01: +0,0.311,10
Jan 16 2014 01: +0,0.403,8
Jan 17 2014 01: +0,0.354,3
Jan 18 2014 01: +0,0.38,9
Jan 19 2014 01: +0,0.342,15
Jan 20 2014 01: +0,0.444,9
Jan 21 2014 01: +0,0.382,7
Jan 22 2014 01: +0,0.278,11
Jan 23 2014 01: +0,0.302,9
Jan 24 2014 01: +0,0.308,11
Jan 25 2014 01: +0,0.206,13
Jan 26 2014 01: +0,0.324,11
Jan 27 2014 01: +0,0.182,4
Jan 28 2014 01: +0,0.333,18
Jan 29 2014 01: +0,0.309,7
Jan 30 2014 01: +0,0.353,14
Jan 31 2014 01: +0,0.276,9
Feb 01 2014 01: +0,0.279,16
Feb 02 2014 01: +0,0.293,14
Feb 03 2014 01: +0,0.201,17
Feb 04 2014 01: +0,0.254,10
Feb 05 2014 01: +0,0.206,9
Feb 06 2014 01: +0,0.197,16
Feb 07 2014 01: +0,0.227,20
Feb 08 2014 01: +0,0.236,16
Feb 09 2014 01: +0,0.199,10
Feb 10 2014 01: +0,0.155,17
Feb 11 2014 01: +0,0.158,22
Feb 12 2014 01: +0,0.206,10
Feb 13 2014 01: +0,0.23,11
Feb 14 2014 01: +0,0.182,5
Feb 15 2014 01: +0,0.148,11
Feb 16 2014 01: +0,0.188,22
Feb 17 2014 01: +0,0.193,13
Feb 18 2014 01: +0,0.202,5
Feb 19 2014 01: +0,0.167,10
Feb 20 2014 01: +0,0.132,14
Feb 21 2014 01: +0,0.144,22
Feb 22 2014 01: +0,0.12,18
Feb 23 2014 01: +0,0.155,39
Feb 24 2014 01: +0,0.182,20
Feb 25 2014 01: +0,0.17,11
Feb 26 2014 01: +0,0.177,12
Feb 27 2014 01: +0,0.182,11
Feb 28 2014 01: +0,0.174,18
Mar 01 2014 01: +0,0.166,17
Mar 02 2014 01: +0,0.181,18
Mar 03 2014 01: +0,0.14,6
Mar 04 2014 01: +0,0.163,20
Mar 05 2014 01: +0,0.161,10
Mar 06 2014 01: +0,0.466,8
Mar 07 2014 01: +0,0.184,17
Mar 08 2014 01: +0,0.169,19
Mar 09 2014 01: +0,0.168,20
Mar 10 2014 01: +0,0.129,19
Mar 11 2014 01: +0,0.166,16
Mar 12 2014 01: +0,0.18,17
Mar 13 2014 01: +0,0.194,17
Mar 14 2014 01: +0,0.176,10
Mar 15 2014 01: +0,0.161,24
Mar 16 2014 01: +0,0.146,28
Mar 17 2014 01: +0,0.158,28
Mar 18 2014 01: +0,0.185,16
Mar 19 2014 01: +0,0.191,22
Mar 20 2014 01: +0,0.208,15
Mar 21 2014 01: +0,0.22,12
Mar 22 2014 01: +0,0.158,25
Mar 23 2014 01: +0,0.194,19
Mar 24 2014 01: +0,0.186,22
Mar 25 2014 01: +0,0.186,14
Mar 26 2014 01: +0,0.181,13
Mar 27 2014 01: +0,0.178,16
Mar 28 2014 01: +0,0.17,12
Mar 29 2014 01: +0,0.184,13
Mar 30 2014 01: +0,0.165,18
Mar 31 2014 01: +0,0.184,16
Apr 01 2014 01: +0,0.176,22
Apr 02 2014 01: +0,0.155,20
Apr 03 2014 01: +0,0.179,10
Apr 04 2014 01: +0,0.177,20
Apr 05 2014 01: +0,0.161,28
Apr 06 2014 01: +0,0.137,27
Apr 07 2014 01: +0,0.153,22
Apr 08 2014 01: +0,0.15,18
Apr 09 2014 01: +0,0.151,12
Apr 10 2014 01: +0,0.152,19
Apr 11 2014 01: +0,0.169,22
Apr 12 2014 01: +0,0.171,31
Apr 13 2014 01: +0,0.151,40
Apr 14 2014 01: +0,0.139,33
Apr 15 2014 01: +0,0.157,28
Apr 16 2014 01: +0,0.164,30
Apr 17 2014 01: +0,0.179,35
Apr 18 2014 01: +0,0.213,16
Apr 19 2014 01: +0,0.206,26
Apr 20 2014 01: +0,0.216,15
Apr 21 2014 01: +0,0.143,32
Apr 22 2014 01: +0,0.165,18
Apr 23 2014 01: +0,0.181,27
Apr 24 2014 01: +0,0.175,24
Apr 25 2014 01: +0,0.186,18
Apr 26 2014 01: +0,0.174,33
Apr 27 2014 01: +0,0.171,22
Apr 28 2014 01: +0,0.183,16
Apr 29 2014 01: +0,0.185,13
Apr 30 2014 01: +0,0.17,26
May 01 2014 01: +0,0.197,18
May 02 2014 01: +0,0.181,22
May 03 2014 01: +0,0.179,27
May 04 2014 01: +0,0.143,30
May 05 2014 01: +0,0.145,26
May 06 2014 01: +0,0.155,26
May 07 2014 01: +0,0.165,29
May 08 2014 01: +0,0.158,18
May 09 2014 01: +0,0.128,33
May 10 2014 01: +0,0.129,33
May 11 2014 01: +0,0.117,26
May 12 2014 01: +0,0.141,39
May 13 2014 01: +0,0.187,16
May 14 2014 01: +0,0.145,24
May 15 2014 01: +0,0.145,29
May 16 2014 01: +0,0.14,27
May 17 2014 01: +0,0.155,50
May 18 2014 01: +0,0.15,32
May 19 2014 01: +0,0.185,29
May 20 2014 01: +0,0.189,25
May 21 2014 01: +0,0.189,17
May 22 2014 01: +0,0.192,25
May 23 2014 01: +0,0.183,27
May 24 2014 01: +0,0.187,31
May 25 2014 01: +0,0.161,28
May 26 2014 01: +0,0.164,33
May 27 2014 01: +0,0.144,25
May 28 2014 01: +0,0.162,33
May 29 2014 01: +0,0.17,19
May 30 2014 01: +0,0.149,25
May 31 2014 01: +0,0.147,29
Jun 01 2014 01: +0,0.145,24
Jun 02 2014 01: +0,0.155,19
Jun 03 2014 01: +0,0.14,29
Jun 04 2014 01: +0,0.146,20
Jun 05 2014 01: +0,0.158,26
Jun 06 2014 01: +0,0.14,34
Jun 07 2014 01: +0,0.151,48
Jun 08 2014 01: +0,0.179,22
Jun 09 2014 01: +0,0.173,21
Jun 10 2014 01: +0,0.183,28
Jun 11 2014 01: +0,0.167,24
Jun 12 2014 01: +0,0.159,24
Jun 13 2014 01: +0,0.164,23
Jun 14 2014 01: +0,0.171,28
Jun 15 2014 01: +0,0.177,31
Jun 16 2014 01: +0,0.17,25
Jun 17 2014 01: +0,0.172,41
Jun 18 2014 01: +0,0.161,28
Jun 19 2014 01: +0,0.153,26
Jun 20 2014 01: +0,0.104,36
Jun 21 2014 01: +0,0.087,22
Jun 22 2014 01: +0,0.095,45
Jun 23 2014 01: +0,0.119,29
Jun 24 2014 01: +0,0.108,39
Jun 25 2014 01: +0,0.115,33
Jun 26 2014 01: +0,0.107,22
Jun 27 2014 01: +0,0.136,37
Jun 28 2014 01: +0,0.148,39
Jun 29 2014 01: +0,0.155,37
Jun 30 2014 01: +0,0.152,25
Jul 01 2014 01: +0,0.165,36
Jul 02 2014 01: +0,0.143,28
Jul 03 2014 01: +0,0.131,41
Jul 04 2014 01: +0,0.135,26
Jul 05 2014 01: +0,0.142,31
Jul 06 2014 01: +0,0.145,23
Jul 07 2014 01: +0,0.142,32
Jul 08 2014 01: +0,0.164,32
Jul 09 2014 01: +0,0.171,25
Jul 10 2014 01: +0,0.187,41
Jul 11 2014 01: +0,0.208,37
Jul 12 2014 01: +0,0.219,31
Jul 13 2014 01: +0,0.184,20
Jul 14 2014 01: +0,0.185,37
Jul 15 2014 01: +0,0.211,28
Jul 16 2014 01: +0,0.339,41
Jul 17 2014 01: +0,0.312,23
Jul 18 2014 01: +0,0.254,34
Jul 19 2014 01: +0,0.216,30
Jul 20 2014 01: +0,0.218,30
Jul 21 2014 01: +0,0.199,31
Jul 22 2014 01: +0,0.239,27
Jul 23 2014 01: +0,0.305,24
Jul 24 2014 01: +0,0.295,21
Jul 25 2014 01: +0,0.271,26
Jul 26 2014 01: +0,0.287,35
Jul 27 2014 01: +0,0.262,34
Jul 28 2014 01: +0,0.28,23
Jul 29 2014 01: +0,0.326,32
Jul 30 2014 01: +0,0.349,25
Jul 31 2014 01: +0,0.376,39
Aug 01 2014 01: +0,0.338,30
Aug 02 2014 01: +0,0.38,34
Aug 03 2014 01: +0,0.326,39
Aug 04 2014 01: +0,0.328,27
Aug 05 2014 01: +0,0.275,43
Aug 06 2014 01: +0,0.26,36
Aug 07 2014 01: +0,0.23,32
Aug 08 2014 01: +0,0.221,33
Aug 09 2014 01: +0,0.213,34
Aug 10 2014 01: +0,0.252,38
Aug 11 2014 01: +0,0.249,33
Aug 12 2014 01: +0,0.242,29
Aug 13 2014 01: +0,0.237,31
Aug 14 2014 01: +0,0.474,47
Aug 15 2014 01: +0,0.318,30
Aug 16 2014 01: +0,0.266,41
Aug 17 2014 01: +0,0.195,37
Aug 18 2014 01: +0,0.159,27
Aug 19 2014 01: +0,0.162,51
Aug 20 2014 01: +0,0.188,43
Aug 21 2014 01: +0,0.239,36
Aug 22 2014 01: +0,0.284,34
Aug 23 2014 01: +0,0.286,23
Aug 24 2014 01: +0,0.257,35
Aug 25 2014 01: +0,0.218,35
Aug 26 2014 01: +0,0.229,58
Aug 27 2014 01: +0,0.252,42
Aug 28 2014 01: +0,0.274,35
Aug 29 2014 01: +0,0.281,40
Aug 30 2014 01: +0,0.27,32
Aug 31 2014 01: +0,0.264,33
Sep 01 2014 01: +0,0.287,32
Sep 02 2014 01: +0,0.338,34
Sep 03 2014 01: +0,0.32,30
Sep 04 2014 01: +0,0.283,29
Sep 05 2014 01: +0,0.212,33
Sep 06 2014 01: +0,0.293,36
Sep 07 2014 01: +0,0.25,45
Sep 08 2014 01: +0,0.24,20
Sep 09 2014 01: +0,0.209,21
Sep 10 2014 01: +0,0.184,23
Sep 11 2014 01: +0,0.198,34
Sep 12 2014 01: +0,0.19,24
Sep 13 2014 01: +0,0.159,32
Sep 14 2014 01: +0,0.183,52
Sep 15 2014 01: +0,0.192,40
Sep 16 2014 01: +0,0.192,35
Sep 17 2014 01: +0,0.179,23
Sep 18 2014 01: +0,0.169,32
Sep 19 2014 01: +0,0.177,39
Sep 20 2014 01: +0,0.179,50
Sep 21 2014 01: +0,0.16,30
Sep 22 2014 01: +0,0.176,38
Sep 23 2014 01: +0,0.146,23
Sep 24 2014 01: +0,0.137,21
Sep 25 2014 01: +0,0.15,45
Sep 26 2014 01: +0,0.167,28
Sep 27 2014 01: +0,0.182,35
Sep 28 2014 01: +0,0.168,30
Sep 29 2014 01: +0,0.174,41
Sep 30 2014 01: +0,0.186,29
Oct 01 2014 01: +0,0.202,24
Oct 02 2014 01: +0,0.228,23
Oct 03 2014 01: +0,0.205,16
Oct 04 2014 01: +0,0.169,31
Oct 05 2014 01: +0,0.169,37
Oct 06 2014 01: +0,0.18,24
Oct 07 2014 01: +0,0.187,27
Oct 08 2014 01: +0,0.174,28
Oct 09 2014 01: +0,0.192,38
Oct 10 2014 01: +0,0.212,30
Oct 11 2014 01: +0,0.197,37
Oct 12 2014 01: +0,0.206,34
Oct 13 2014 01: +0,0.22,30
Oct 14 2014 01: +0,0.211,25
Oct 15 2014 01: +0,0.285,39
Oct 16 2014 01: +0,0.251,24
Oct 17 2014 01: +0,0.204,46
Oct 18 2014 01: +0,0.213,41
Oct 19 2014 01: +0,0.178,43
Oct 20 2014 01: +0,0.172,37
Oct 21 2014 01: +0,0.17,28
Oct 22 2014 01: +0,0.192,31
Oct 23 2014 01: +0,0.208,32
Oct 24 2014 01: +0,0.198,18
Oct 25 2014 01: +0,0.192,41
Oct 26 2014 01: +0,0.177,38
Oct 27 2014 01: +0,0.193,24
Oct 28 2014 01: +0,0.182,30
Oct 29 2014 01: +0,0.19,29
Oct 30 2014 01: +0,0.216,37
Oct 31 2014 01: +0,0.193,48
Nov 01 2014 01: +0,0.155,43
Nov 02 2014 01: +0,0.152,35
Nov 03 2014 01: +0,0.183,42
Nov 04 2014 01: +0,0.167,47
Nov 05 2014 01: +0,0.18,30
Nov 06 2014 01: +0,0.219,34
Nov 07 2014 01: +0,0.209,52
Nov 08 2014 01: +0,0.223,44
Nov 09 2014 01: +0,0.224,26
Nov 10 2014 01: +0,0.206,20
Nov 11 2014 01: +0,0.204,30
Nov 12 2014 01: +0,0.131,39
Nov 13 2014 01: +0,0.105,50
Nov 14 2014 01: +0,0.146,37
Nov 15 2014 01: +0,0.12,36
Nov 16 2014 01: +0,0.112,52
Nov 17 2014 01: +0,0.133,30
Nov 18 2014 01: +0,0.128,30
Nov 19 2014 01: +0,0.128,38
Nov 20 2014 01: +0,0.133,28
Nov 21 2014 01: +0,0.123,33
Nov 22 2014 01: +0,0.123,43
Nov 23 2014 01: +0,0.118,40
Nov 24 2014 01: +0,0.124,23
Nov 25 2014 01: +0,0.129,27
Nov 26 2014 01: +0,0.143,43
Nov 27 2014 01: +0,0.119,41
Nov 28 2014 01: +0,0.123,36
Nov 29 2014 01: +0,0.178,21
Nov 30 2014 01: +0,0.098,46
Dec 01 2014 01: +0,0.099,57
Dec 02 2014 01: +0,0.106,26
Dec 03 2014 01: +0,0.121,37
Dec 04 2014 01: +0,0.126,24
Dec 05 2014 01: +0,0.143,41
Dec 06 2014 01: +0,0.158,38
Dec 07 2014 01: +0,0.148,48
Dec 08 2014 01: +0,0.142,35
Dec 09 2014 01: +0,0.154,38
Dec 10 2014 01: +0,0.174,46
Dec 11 2014 01: +0,0.191,61
Dec 12 2014 01: +0,0.195,50
Dec 13 2014 01: +0,0.213,58
Dec 14 2014 01: +0,0.177,57
Dec 15 2014 01: +0,0.208,44
Dec 16 2014 01: +0,0.2,33
Dec 17 2014 01: +0,0.206,37
Dec 18 2014 01: +0,0.191,60
Dec 19 2014 01: +0,0.199,29
Dec 20 2014 01: +0,0.171,43
Dec 21 2014 01: +0,0.16,40
Dec 22 2014 01: +0,0.15,52
Dec 23 2014 01: +0,0.148,48
Dec 24 2014 01: +0,0.151,34
Dec 25 2014 01: +0,0.15,36
Dec 26 2014 01: +0,0.154,49
Dec 27 2014 01: +0,0.16,64
Dec 28 2014 01: +0,0.163,57
Dec 29 2014 01: +0,0.163,59
Dec 30 2014 01: +0,0.183,53
Dec 31 2014 01: +0,0.172,52
Jan 01 2015 01: +0,0.157,56
Jan 02 2015 01: +0,0.164,91
Jan 03 2015 01: +0,0.192,68
Jan 04 2015 01: +0,0.191,52
Jan 05 2015 01: +0,0.195,61
Jan 06 2015 01: +0,0.188,62
Jan 07 2015 01: +0,0.197,46
Jan 08 2015 01: +0,0.211,64
Jan 09 2015 01: +0,0.182,93
Jan 10 2015 01: +0,0.205,70
Jan 11 2015 01: +0,0.185,73
Jan 12 2015 01: +0,0.183,82
Jan 13 2015 01: +0,0.189,76
Jan 14 2015 01: +0,0.221,61
Jan 15 2015 01: +0,0.196,71
Jan 16 2015 01: +0,0.187,54
Jan 17 2015 01: +0,0.174,62
Jan 18 2015 01: +0,0.195,98
Jan 19 2015 01: +0,0.196,79
Jan 20 2015 01: +0,0.181,81
Jan 21 2015 01: +0,0.211,71
Jan 22 2015 01: +0,0.168,71
Jan 23 2015 01: +0,0.169,84
Jan 24 2015 01: +0,0.198,94
Jan 25 2015 01: +0,0.175,102
Jan 26 2015 01: +0,0.176,73
Jan 27 2015 01: +0,0.191,74
Jan 28 2015 01: +0,0.217,59
Jan 29 2015 01: +0,0.196,70
Jan 30 2015 01: +0,0.218,85
Jan 31 2015 01: +0,0.207,92
Feb 01 2015 01: +0,0.199,90
Feb 02 2015 01: +0,0.211,87
Feb 03 2015 01: +0,0.204,90
Feb 04 2015 01: +0,0.2,70
Feb 05 2015 01: +0,0.196,67
Feb 06 2015 01: +0,0.177,79
Feb 07 2015 01: +0,0.202,99
Feb 08 2015 01: +0,0.233,76
Feb 09 2015 01: +0,0.199,69
Feb 10 2015 01: +0,0.212,64
Feb 11 2015 01: +0,0.2,56
Feb 12 2015 01: +0,0.211,79
Feb 13 2015 01: +0,0.184,90
Feb 14 2015 01: +0,0.194,92
Feb 15 2015 01: +0,0.176,82
Feb 16 2015 01: +0,0.178,94
Feb 17 2015 01: +0,0.184,78
Feb 18 2015 01: +0,0.205,66
Feb 19 2015 01: +0,0.2,67
Feb 20 2015 01: +0,0.182,99
Feb 21 2015 01: +0,0.193,82
Feb 22 2015 01: +0,0.199,88
Feb 23 2015 01: +0,0.201,53
Feb 24 2015 01: +0,0.207,71
Feb 25 2015 01: +0,0.203,61
Feb 26 2015 01: +0,0.213,59
Feb 27 2015 01: +0,0.199,75
Feb 28 2015 01: +0,0.186,106
Mar 01 2015 01: +0,0.187,110
Mar 02 2015 01: +0,0.185,76
Mar 03 2015 01: +0,0.185,77
Mar 04 2015 01: +0,0.193,86
Mar 05 2015 01: +0,0.183,62
Mar 06 2015 01: +0,0.367,93
Mar 07 2015 01: +0,0.195,102
Mar 08 2015 01: +0,0.205,100
Mar 09 2015 01: +0,0.206,64
Mar 10 2015 01: +0,0.186,63
Mar 11 2015 01: +0,0.185,60
Mar 12 2015 01: +0,0.18,54
Mar 13 2015 01: +0,0.17,86
Mar 14 2015 01: +0,0.156,136
Mar 15 2015 01: +0,0.156,121
Mar 16 2015 01: +0,0.167,93
Mar 17 2015 01: +0,0.183,72
Mar 18 2015 01: +0,0.191,84
Mar 19 2015 01: +0,0.197,84
Mar 20 2015 01: +0,0.197,72
Mar 21 2015 01: +0,0.206,97
Mar 22 2015 01: +0,0.202,104
Mar 23 2015 01: +0,0.198,88
Mar 24 2015 01: +0,0.219,76
Mar 25 2015 01: +0,0.203,86
Mar 26 2015 01: +0,0.224,85
Mar 27 2015 01: +0,0.212,87
Mar 28 2015 01: +0,0.22,119
Mar 29 2015 01: +0,0.221,125
Mar 30 2015 01: +0,0.213,84
Mar 31 2015 01: +0,0.22,81
Apr 01 2015 01: +0,0.216,110
Apr 02 2015 01: +0,0.232,87
Apr 03 2015 01: +0,0.26,106
Apr 04 2015 01: +0,0.248,126
Apr 05 2015 01: +0,0.241,102
Apr 06 2015 01: +0,0.261,84
Apr 07 2015 01: +0,0.248,96
Apr 08 2015 01: +0,0.265,109
Apr 09 2015 01: +0,0.274,106
Apr 10 2015 01: +0,0.287,73
Apr 11 2015 01: +0,0.293,101
Apr 12 2015 01: +0,0.293,89
Apr 13 2015 01: +0,0.266,74
Apr 14 2015 01: +0,0.255,87
Apr 15 2015 01: +0,0.287,75
Apr 16 2015 01: +0,0.231,97
Apr 17 2015 01: +0,0.211,118
Apr 18 2015 01: +0,0.232,144
Apr 19 2015 01: +0,0.232,119
Apr 20 2015 01: +0,0.212,118
Apr 21 2015 01: +0,0.229,96
Apr 22 2015 01: +0,0.246,86
Apr 23 2015 01: +0,0.257,90
Apr 24 2015 01: +0,0.241,93
Apr 25 2015 01: +0,0.247,132
Apr 26 2015 01: +0,0.246,108
Apr 27 2015 01: +0,0.24,100
Apr 28 2015 01: +0,0.249,97
Apr 29 2015 01: +0,0.262,105
Apr 30 2015 01: +0,0.28,123
May 01 2015 01: +0,0.283,83
May 02 2015 01: +0,0.256,130
May 03 2015 01: +0,0.258,122
May 04 2015 01: +0,0.248,122
May 05 2015 01: +0,0.251,96
May 06 2015 01: +0,0.267,91
May 07 2015 01: +0,0.279,108
May 08 2015 01: +0,0.279,111
May 09 2015 01: +0,0.281,127
May 10 2015 01: +0,0.282,135
May 11 2015 01: +0,0.277,98
May 12 2015 01: +0,0.291,85
May 13 2015 01: +0,0.31,74
May 14 2015 01: +0,0.291,91
May 15 2015 01: +0,0.274,93
May 16 2015 01: +0,0.298,117
May 17 2015 01: +0,0.279,118
May 18 2015 01: +0,0.292,92
May 19 2015 01: +0,0.298,95
May 20 2015 01: +0,0.285,98
May 21 2015 01: +0,0.289,82
May 22 2015 01: +0,0.279,88
May 23 2015 01: +0,0.281,105
May 24 2015 01: +0,0.275,102
May 25 2015 01: +0,0.263,104
May 26 2015 01: +0,0.272,100
May 27 2015 01: +0,0.166,124
May 28 2015 01: +0,0.163,149
May 29 2015 01: +0,0.191,123
May 30 2015 01: +0,0.226,144
May 31 2015 01: +0,0.248,111
Jun 01 2015 01: +0,0.241,96
Jun 02 2015 01: +0,0.26,94
Jun 03 2015 01: +0,0.25,109
Jun 04 2015 01: +0,0.235,117
Jun 05 2015 01: +0,0.228,103
Jun 06 2015 01: +0,0.245,117
Jun 07 2015 01: +0,0.246,96
Jun 08 2015 01: +0,0.252,108
Jun 09 2015 01: +0,0.253,87
Jun 10 2015 01: +0,0.248,119
Jun 11 2015 01: +0,0.23,101
Jun 12 2015 01: +0,0.223,126
Jun 13 2015 01: +0,0.215,124
Jun 14 2015 01: +0,0.203,99
Jun 15 2015 01: +0,0.195,106
Jun 16 2015 01: +0,0.199,117
Jun 17 2015 01: +0,0.197,136
Jun 18 2015 01: +0,0.192,125
Jun 19 2015 01: +0,0.204,114
Jun 20 2015 01: +0,0.205,121
Jun 21 2015 01: +0,0.204,106
Jun 22 2015 01: +0,0.215,106
Jun 23 2015 01: +0,0.236,116
Jun 24 2015 01: +0,0.24,103
Jun 25 2015 01: +0,0.254,103
Jun 26 2015 01: +0,0.273,106
Jun 27 2015 01: +0,0.27,110
Jun 28 2015 01: +0,0.277,106
Jun 29 2015 01: +0,0.289,94
Jun 30 2015 01: +0,0.286,94
Jul 01 2015 01: +0,0.268,124
Jul 02 2015 01: +0,0.277,119
Jul 03 2015 01: +0,0.417,103
Jul 04 2015 01: +0,0.309,89
Jul 05 2015 01: +0,0.311,89
Jul 06 2015 01: +0,0.32,83
Jul 07 2015 01: +0,0.322,97
Jul 08 2015 01: +0,0.298,96
Jul 09 2015 01: +0,0.327,84
Jul 10 2015 01: +0,0.316,85
Jul 11 2015 01: +0,0.325,89
Jul 12 2015 01: +0,0.334,82
Jul 13 2015 01: +0,0.317,92
Jul 14 2015 01: +0,0.312,96
Jul 15 2015 01: +0,0.319,104
Jul 16 2015 01: +0,0.32,104
Jul 17 2015 01: +0,0.334,85
Jul 18 2015 01: +0,0.303,103
Jul 19 2015 01: +0,0.333,106
Jul 20 2015 01: +0,0.338,84
Jul 21 2015 01: +0,0.334,83
Jul 22 2015 01: +0,0.353,104
Jul 23 2015 01: +0,0.324,94
Jul 24 2015 01: +0,0.331,98
Jul 25 2015 01: +0,0.346,92
Jul 26 2015 01: +0,0.339,63
Jul 27 2015 01: +0,0.312,100
Jul 28 2015 01: +0,0.327,88
Jul 29 2015 01: +0,0.317,70
Jul 30 2015 01: +0,0.32,74
Jul 31 2015 01: +0,0.303,110
Aug 01 2015 01: +0,0.326,95
Aug 02 2015 01: +0,0.311,87
Aug 03 2015 01: +0,0.322,88
Aug 04 2015 01: +0,0.326,76
Aug 05 2015 01: +0,0.303,109
Aug 06 2015 01: +0,0.304,71
Aug 07 2015 01: +0,0.318,80
Aug 08 2015 01: +0,0.317,97
Aug 09 2015 01: +0,0.334,74
Aug 10 2015 01: +0,0.313,96
Aug 11 2015 01: +0,0.32,89
Aug 12 2015 01: +0,0.319,104
Aug 13 2015 01: +0,0.322,106
Aug 14 2015 01: +0,0.33,92
Aug 15 2015 01: +0,0.289,81
Aug 16 2015 01: +0,0.288,92
Aug 17 2015 01: +0,0.276,98
Aug 18 2015 01: +0,0.293,109
Aug 19 2015 01: +0,0.288,79
Aug 20 2015 01: +0,0.281,78
Aug 21 2015 01: +0,0.244,130
Aug 22 2015 01: +0,0.268,112
Aug 23 2015 01: +0,0.211,107
Aug 24 2015 01: +0,0.205,133
Aug 25 2015 01: +0,0.278,75
Aug 26 2015 01: +0,0.275,103
Aug 27 2015 01: +0,0.298,101
Aug 28 2015 01: +0,0.287,111
Aug 29 2015 01: +0,0.311,102
Aug 30 2015 01: +0,0.325,118
Aug 31 2015 01: +0,0.323,91
Sep 01 2015 01: +0,0.337,80
Sep 02 2015 01: +0,0.333,95
Sep 03 2015 01: +0,0.327,104
Sep 04 2015 01: +0,0.312,102
Sep 05 2015 01: +0,0.322,114
Sep 06 2015 01: +0,0.311,118
Sep 07 2015 01: +0,0.322,81
Sep 08 2015 01: +0,0.304,77
Sep 09 2015 01: +0,0.325,76
Sep 10 2015 01: +0,0.317,84
Sep 11 2015 01: +0,0.322,108
Sep 12 2015 01: +0,0.335,128
Sep 13 2015 01: +0,0.35,121
Sep 14 2015 01: +0,0.336,68
Sep 15 2015 01: +0,0.328,69
Sep 16 2015 01: +0,0.347,105
Sep 17 2015 01: +0,0.331,76
Sep 18 2015 01: +0,0.308,122
Sep 19 2015 01: +0,0.346,136
Sep 20 2015 01: +0,0.385,125
Sep 21 2015 01: +0,0.365,100
Sep 22 2015 01: +0,0.377,94
Sep 23 2015 01: +0,0.39,116
Sep 24 2015 01: +0,0.371,117
Sep 25 2015 01: +0,0.38,100
Sep 26 2015 01: +0,0.392,139
Sep 27 2015 01: +0,0.43,117
Sep 28 2015 01: +0,0.442,65
Sep 29 2015 01: +0,0.436,88
Sep 30 2015 01: +0,0.406,77
Oct 01 2015 01: +0,0.384,92
Oct 02 2015 01: +0,0.482,105
Oct 03 2015 01: +0,0.377,111
Oct 04 2015 01: +0,0.368,103
Oct 05 2015 01: +0,0.343,113
Oct 06 2015 01: +0,0.358,90
Oct 07 2015 01: +0,0.363,109
Oct 08 2015 01: +0,0.378,105
Oct 09 2015 01: +0,0.368,97
Oct 10 2015 01: +0,0.396,118
Oct 11 2015 01: +0,0.396,118
Oct 12 2015 01: +0,0.385,92
Oct 13 2015 01: +0,0.357,115
Oct 14 2015 01: +0,0.407,104
Oct 15 2015 01: +0,0.342,119
Oct 16 2015 01: +0,0.35,93
Oct 17 2015 01: +0,0.356,149
Oct 18 2015 01: +0,0.33,133
Oct 19 2015 01: +0,0.328,82
Oct 20 2015 01: +0,0.368,86
Oct 21 2015 01: +0,0.308,102
Oct 22 2015 01: +0,0.302,93
Oct 23 2015 01: +0,0.313,125
Oct 24 2015 01: +0,0.332,152
Oct 25 2015 01: +0,0.344,116
Oct 26 2015 01: +0,0.323,97
Oct 27 2015 01: +0,0.344,82
Oct 28 2015 01: +0,0.326,105
Oct 29 2015 01: +0,0.332,105
Oct 30 2015 01: +0,0.294,151
Oct 31 2015 01: +0,0.305,121
Nov 01 2015 01: +0,0.258,152
Nov 02 2015 01: +0,0.252,123
Nov 03 2015 01: +0,0.287,112
Nov 04 2015 01: +0,0.308,110
Nov 05 2015 01: +0,0.303,112
Nov 06 2015 01: +0,0.334,124
Nov 07 2015 01: +0,0.363,135
Nov 08 2015 01: +0,0.329,121
Nov 09 2015 01: +0,0.343,95
Nov 10 2015 01: +0,0.346,81
Nov 11 2015 01: +0,0.346,88
Nov 12 2015 01: +0,0.341,88
Nov 13 2015 01: +0,0.33,109
Nov 14 2015 01: +0,0.327,142
Nov 15 2015 01: +0,0.348,103
Nov 16 2015 01: +0,0.333,90
Nov 17 2015 01: +0,0.354,75
Nov 18 2015 01: +0,0.327,82
Nov 19 2015 01: +0,0.309,106
Nov 20 2015 01: +0,0.332,124
Nov 21 2015 01: +0,0.331,125
Nov 22 2015 01: +0,0.329,102
Nov 23 2015 01: +0,0.308,92
Nov 24 2015 01: +0,0.315,107
Nov 25 2015 01: +0,0.321,97
Nov 26 2015 01: +0,0.261,119
Nov 27 2015 01: +0,0.243,146
Nov 28 2015 01: +0,0.245,159
Nov 29 2015 01: +0,0.266,139
Nov 30 2015 01: +0,0.262,113
Dec 01 2015 01: +0,0.273,108
Dec 02 2015 01: +0,0.282,110
Dec 03 2015 01: +0,0.304,116
Dec 04 2015 01: +0,0.32,115
Dec 05 2015 01: +0,0.341,124
Dec 06 2015 01: +0,0.336,143
Dec 07 2015 01: +0,0.349,108
Dec 08 2015 01: +0,0.363,99
Dec 09 2015 01: +0,0.319,123
Dec 10 2015 01: +0,0.294,121
Dec 11 2015 01: +0,0.316,140
Dec 12 2015 01: +0,0.36,176
Dec 13 2015 01: +0,0.342,154
Dec 14 2015 01: +0,0.363,117
Dec 15 2015 01: +0,0.386,114
Dec 16 2015 01: +0,0.372,118
Dec 17 2015 01: +0,0.366,103
Dec 18 2015 01: +0,0.372,105
Dec 19 2015 01: +0,0.359,142
Dec 20 2015 01: +0,0.346,123
Dec 21 2015 01: +0,0.343,112
Dec 22 2015 01: +0,0.358,85
Dec 23 2015 01: +0,0.256,166
Dec 24 2015 01: +0,0.268,138
Dec 25 2015 01: +0,0.258,145
Dec 26 2015 01: +0,0.265,153
Dec 27 2015 01: +0,0.28,160
Dec 28 2015 01: +0,0.291,185
Dec 29 2015 01: +0,0.301,133
Dec 30 2015 01: +0,0.296,139
Dec 31 2015 01: +0,0.289,173
Jan 01 2016 01: +0,0.294,149
Jan 02 2016 01: +0,0.283,146
Jan 03 2016 01: +0,0.274,152
Jan 04 2016 01: +0,0.267,145
Jan 05 2016 01: +0,0.296,121
Jan 06 2016 01: +0,0.301,108
Jan 07 2016 01: +0,0.318,122
Jan 08 2016 01: +0,0.321,136
Jan 09 2016 01: +0,0.323,121
Jan 10 2016 01: +0,0.334,103
Jan 11 2016 01: +0,0.352,84
Jan 12 2016 01: +0,0.337,93
Jan 13 2016 01: +0,0.341,93
Jan 14 2016 01: +0,0.32,116
Jan 15 2016 01: +0,0.318,113
Jan 16 2016 01: +0,0.334,167
Jan 17 2016 01: +0,0.344,128
Jan 18 2016 01: +0,0.34,110
Jan 19 2016 01: +0,0.336,95
Jan 20 2016 01: +0,0.322,116
Jan 21 2016 01: +0,0.302,114
Jan 22 2016 01: +0,0.311,150
Jan 23 2016 01: +0,0.318,127
Jan 24 2016 01: +0,0.333,121
Jan 25 2016 01: +0,0.342,111
Jan 26 2016 01: +0,0.336,100
Jan 27 2016 01: +0,0.335,119
Jan 28 2016 01: +0,0.317,135
Jan 29 2016 01: +0,0.319,140
Jan 30 2016 01: +0,0.328,141
Jan 31 2016 01: +0,0.327,151
Feb 01 2016 01: +0,0.334,106
Feb 02 2016 01: +0,0.334,108
Feb 03 2016 01: +0,0.386,114
Feb 04 2016 01: +0,0.33,105
Feb 05 2016 01: +0,0.324,104
Feb 06 2016 01: +0,0.266,136
Feb 07 2016 01: +0,0.244,134
Feb 08 2016 01: +0,0.226,102
Feb 09 2016 01: +0,0.233,99
Feb 10 2016 01: +0,0.231,120
Feb 11 2016 01: +0,0.237,106
Feb 12 2016 01: +0,0.226,108
Feb 13 2016 01: +0,0.234,143
Feb 14 2016 01: +0,0.25,138
Feb 15 2016 01: +0,0.244,126
Feb 16 2016 01: +0,0.245,98
Feb 17 2016 01: +0,0.256,98
Feb 18 2016 01: +0,0.208,139
Feb 19 2016 01: +0,0.207,161
Feb 20 2016 01: +0,0.232,221
Feb 21 2016 01: +0,0.236,159
Feb 22 2016 01: +0,0.236,126
Feb 23 2016 01: +0,0.248,121
Feb 24 2016 01: +0,0.242,148
Feb 25 2016 01: +0,0.248,148
Feb 26 2016 01: +0,0.256,145
Feb 27 2016 01: +0,0.247,192
Feb 28 2016 01: +0,0.267,127
Feb 29 2016 01: +0,0.274,125
Mar 01 2016 01: +0,0.274,106
Mar 02 2016 01: +0,0.269,111
Mar 03 2016 01: +0,0.262,120
Mar 04 2016 01: +0,0.273,120
Mar 05 2016 01: +0,0.27,145
Mar 06 2016 01: +0,0.266,120
Mar 07 2016 01: +0,0.261,98
Mar 08 2016 01: +0,0.263,102
Mar 09 2016 01: +0,0.26,109
Mar 10 2016 01: +0,0.278,71
Mar 11 2016 01: +0,0.283,93
Mar 12 2016 01: +0,0.296,116
Mar 13 2016 01: +0,0.322,97
Mar 14 2016 01: +0,0.326,85
Mar 15 2016 01: +0,0.344,59
Mar 16 2016 01: +0,0.362,66
Mar 17 2016 01: +0,0.363,68
Mar 18 2016 01: +0,0.349,68
Mar 19 2016 01: +0,0.343,96
Mar 20 2016 01: +0,0.334,96
Mar 21 2016 01: +0,0.335,71
Mar 22 2016 01: +0,0.348,75
Mar 23 2016 01: +0,0.353,67
Mar 24 2016 01: +0,0.345,70
Mar 25 2016 01: +0,0.307,79
Mar 26 2016 01: +0,0.335,74
Mar 27 2016 01: +0,0.315,86
Mar 28 2016 01: +0,0.325,65
Mar 29 2016 01: +0,0.315,65
Mar 30 2016 01: +0,0.304,69
Mar 31 2016 01: +0,0.305,78
Apr 01 2016 01: +0,0.309,87
Apr 02 2016 01: +0,0.323,86
Apr 03 2016 01: +0,0.296,91
Apr 04 2016 01: +0,0.3,69
Apr 05 2016 01: +0,0.328,73
Apr 06 2016 01: +0,0.296,77
Apr 07 2016 01: +0,0.299,80
Apr 08 2016 01: +0,0.304,77
Apr 09 2016 01: +0,0.323,105
Apr 10 2016 01: +0,0.445,152
Apr 11 2016 01: +0,0.455,64
Apr 12 2016 01: +0,0.458,50
Apr 13 2016 01: +0,0.386,46
Apr 14 2016 01: +0,0.338,58
Apr 15 2016 01: +0,0.365,83
Apr 16 2016 01: +0,0.381,96
Apr 17 2016 01: +0,0.342,87
Apr 18 2016 01: +0,0.296,109
Apr 19 2016 01: +0,0.281,72
Apr 20 2016 01: +0,0.287,75
Apr 21 2016 01: +0,0.297,67
Apr 22 2016 01: +0,0.288,76
Apr 23 2016 01: +0,0.292,93
Apr 24 2016 01: +0,0.295,85
Apr 25 2016 01: +0,0.293,87
Apr 26 2016 01: +0,0.282,66
Apr 27 2016 01: +0,0.29,74
Apr 28 2016 01: +0,0.29,85
Apr 29 2016 01: +0,0.287,83
Apr 30 2016 01: +0,0.301,105
May 01 2016 01: +0,0.304,107
May 02 2016 01: +0,0.3,93
May 03 2016 01: +0,0.298,100
May 04 2016 01: +0,0.352,191
May 05 2016 01: +0,0.487,67
May 06 2016 01: +0,0.374,80
May 07 2016 01: +0,0.333,128
May 08 2016 01: +0,0.94,133
May 09 2016 01: +0,0.332,79
May 10 2016 01: +0,0.298,88
May 11 2016 01: +0,0.319,79
May 12 2016 01: +0,0.374,210
May 13 2016 01: +0,0.593,135
May 14 2016 01: +0,0.621,78
May 15 2016 01: +0,0.359,84
May 16 2016 01: +0,0.368,103
May 17 2016 01: +0,0.397,81
May 18 2016 01: +0,0.337,58
May 19 2016 01: +0,0.297,61
May 20 2016 01: +0,0.318,125
May 21 2016 01: +0,0.418,138
May 22 2016 01: +0,0.393,64
May 23 2016 01: +0,0.242,313
May 24 2016 01: +0,0.299,123
May 25 2016 01: +0,0.28,112
May 26 2016 01: +0,0.278,62
May 27 2016 01: +0,0.223,99
May 28 2016 01: +0,0.226,116
May 29 2016 01: +0,0.233,87
May 30 2016 01: +0,0.236,91
May 31 2016 01: +0,0.223,100
Jun 01 2016 01: +0,0.224,96
Jun 02 2016 01: +0,0.208,110
Jun 03 2016 01: +0,0.209,109
Jun 04 2016 01: +0,0.218,121
Jun 05 2016 01: +0,0.218,104
Jun 06 2016 01: +0,0.225,83
Jun 07 2016 01: +0,0.223,55
Jun 08 2016 01: +0,0.219,99
Jun 09 2016 01: +0,0.218,83
Jun 10 2016 01: +0,0.237,69
Jun 11 2016 01: +0,0.239,74
Jun 12 2016 01: +0,0.257,79
Jun 13 2016 01: +0,0.239,68
Jun 14 2016 01: +0,0.232,63
Jun 15 2016 01: +0,0.236,67
Jun 16 2016 01: +0,0.221,86
Jun 17 2016 01: +0,0.223,82
Jun 18 2016 01: +0,0.232,115
Jun 19 2016 01: +0,0.237,94
Jun 20 2016 01: +0,0.23,102
Jun 21 2016 01: +0,0.243,92
Jun 22 2016 01: +0,0.239,109
Jun 23 2016 01: +0,0.209,101
Jun 24 2016 01: +0,0.187,89
Jun 25 2016 01: +0,0.175,87
Jun 26 2016 01: +0,0.179,101
Jun 27 2016 01: +0,0.185,104
Jun 28 2016 01: +0,0.172,106
Jun 29 2016 01: +0,0.171,97
Jun 30 2016 01: +0,0.162,98
Jul 01 2016 01: +0,0.177,99
Jul 02 2016 01: +0,0.203,78
Jul 03 2016 01: +0,0.213,77
Jul 04 2016 01: +0,0.198,102
Jul 05 2016 01: +0,0.208,108
Jul 06 2016 01: +0,0.22,106
Jul 07 2016 01: +0,0.226,105
Jul 08 2016 01: +0,0.221,86
Jul 09 2016 01: +0,0.23,92
Jul 10 2016 01: +0,0.21,95
Jul 11 2016 01: +0,0.206,74
Jul 12 2016 01: +0,0.219,96
Jul 13 2016 01: +0,0.233,75
Jul 14 2016 01: +0,0.231,77
Jul 15 2016 01: +0,0.24,72
Jul 16 2016 01: +0,0.238,71
Jul 17 2016 01: +0,0.229,74
Jul 18 2016 01: +0,0.249,75
Jul 19 2016 01: +0,0.239,71
Jul 20 2016 01: +0,0.232,78
Jul 21 2016 01: +0,0.224,79
Jul 22 2016 01: +0,0.296,461
Jul 23 2016 01: +0,0.185,128
Jul 24 2016 01: +0,0.254,97
Jul 25 2016 01: +0,0.229,72
Jul 26 2016 01: +0,0.217,65
Jul 27 2016 01: +0,0.221,84
Jul 28 2016 01: +0,0.251,105
Jul 29 2016 01: +0,0.264,71
Jul 30 2016 01: +0,0.264,62
Jul 31 2016 01: +0,0.262,66
Aug 01 2016 01: +0,0.262,71
Aug 02 2016 01: +0,0.272,48
Aug 03 2016 01: +0,0.242,74
Aug 04 2016 01: +0,0.244,76
Aug 05 2016 01: +0,0.229,74
Aug 06 2016 01: +0,0.226,87
Aug 07 2016 01: +0,0.221,73
Aug 08 2016 01: +0,0.223,59
Aug 09 2016 01: +0,0.223,80
Aug 10 2016 01: +0,0.227,75
Aug 11 2016 01: +0,0.221,63
Aug 12 2016 01: +0,0.229,60
Aug 13 2016 01: +0,0.231,61
Aug 14 2016 01: +0,0.218,74
Aug 15 2016 01: +0,0.225,64
Aug 16 2016 01: +0,0.265,48
Aug 17 2016 01: +0,0.245,60
Aug 18 2016 01: +0,0.236,69
Aug 19 2016 01: +0,0.232,91
Aug 20 2016 01: +0,0.222,89
Aug 21 2016 01: +0,0.211,71
Aug 22 2016 01: +0,0.2,91
Aug 23 2016 01: +0,0.209,79
Aug 24 2016 01: +0,0.187,104
Aug 25 2016 01: +0,0.187,88
Aug 26 2016 01: +0,0.189,86
Aug 27 2016 01: +0,0.204,87
Aug 28 2016 01: +0,0.204,101
Aug 29 2016 01: +0,0.22,69
Aug 30 2016 01: +0,0.273,196
Aug 31 2016 01: +0,0.212,78
Sep 01 2016 01: +0,0.207,72
Sep 02 2016 01: +0,0.208,63
Sep 03 2016 01: +0,0.21,92
Sep 04 2016 01: +0,0.195,79
Sep 05 2016 01: +0,0.19,72
Sep 06 2016 01: +0,0.186,64
Sep 07 2016 01: +0,0.173,78
Sep 08 2016 01: +0,0.173,64
Sep 09 2016 01: +0,0.17,94
Sep 10 2016 01: +0,0.181,89
Sep 11 2016 01: +0,0.172,99
Sep 12 2016 01: +0,0.188,70
Sep 13 2016 01: +0,0.213,52
Sep 14 2016 01: +0,0.196,54
Sep 15 2016 01: +0,0.182,81
Sep 16 2016 01: +0,0.19,84
Sep 17 2016 01: +0,0.179,99
Sep 18 2016 01: +0,0.171,81
Sep 19 2016 01: +0,0.162,56
Sep 20 2016 01: +0,0.157,60
Sep 21 2016 01: +0,0.162,63
Sep 22 2016 01: +0,0.168,65
Sep 23 2016 01: +0,0.161,74
Sep 24 2016 01: +0,0.162,100
Sep 25 2016 01: +0,0.161,78
Sep 26 2016 01: +0,0.197,182
Sep 27 2016 01: +0,0.237,55
Sep 28 2016 01: +0,0.208,53
Sep 29 2016 01: +0,0.188,46
Sep 30 2016 01: +0,0.17,70
Oct 01 2016 01: +0,0.165,87
Oct 02 2016 01: +0,0.165,69
Oct 03 2016 01: +0,0.146,75
Oct 04 2016 01: +0,0.151,58
Oct 05 2016 01: +0,0.151,69
Oct 06 2016 01: +0,0.155,67
Oct 07 2016 01: +0,0.452,69
Oct 08 2016 01: +0,0.146,92
Oct 09 2016 01: +0,0.152,78
Oct 10 2016 01: +0,0.147,58
Oct 11 2016 01: +0,0.151,57
Oct 12 2016 01: +0,0.146,55
Oct 13 2016 01: +0,0.139,51
Oct 14 2016 01: +0,0.137,67
Oct 15 2016 01: +0,0.162,78
Oct 16 2016 01: +0,0.136,68
Oct 17 2016 01: +0,0.141,66
Oct 18 2016 01: +0,0.141,56
Oct 19 2016 01: +0,0.14,56
Oct 20 2016 01: +0,0.145,58
Oct 21 2016 01: +0,0.145,56
Oct 22 2016 01: +0,0.133,68
Oct 23 2016 01: +0,0.137,74
Oct 24 2016 01: +0,0.13,68
Oct 25 2016 01: +0,0.132,46
Oct 26 2016 01: +0,0.137,86
Oct 27 2016 01: +0,0.139,66
Oct 28 2016 01: +0,0.161,80
Oct 29 2016 01: +0,0.147,80
Oct 30 2016 01: +0,0.131,92
Oct 31 2016 01: +0,0.128,63
Nov 01 2016 01: +0,0.128,72
Nov 02 2016 01: +0,0.129,57
Nov 03 2016 01: +0,0.132,48
Nov 04 2016 01: +0,0.14,61
Nov 05 2016 01: +0,0.152,83
Nov 06 2016 01: +0,0.159,66
Nov 07 2016 01: +0,0.159,51
Nov 08 2016 01: +0,0.158,53
Nov 09 2016 01: +0,0.154,40
Nov 10 2016 01: +0,0.145,60
Nov 11 2016 01: +0,0.149,42
Nov 12 2016 01: +0,0.143,72
Nov 13 2016 01: +0,0.15,77
Nov 14 2016 01: +0,0.143,64
Nov 15 2016 01: +0,0.134,51
Nov 16 2016 01: +0,0.133,55
Nov 17 2016 01: +0,0.135,68
Nov 18 2016 01: +0,0.139,68
Nov 19 2016 01: +0,0.146,56
Nov 20 2016 01: +0,0.142,67
Nov 21 2016 01: +0,0.134,56
Nov 22 2016 01: +0,0.129,58
Nov 23 2016 01: +0,0.127,62
Nov 24 2016 01: +0,0.121,56
Nov 25 2016 01: +0,0.137,52
Nov 26 2016 01: +0,0.12,87
Nov 27 2016 01: +0,0.127,67
Nov 28 2016 01: +0,0.119,60
Nov 29 2016 01: +0,0.117,59
Nov 30 2016 01: +0,0.123,87
Dec 01 2016 01: +0,0.133,57
Dec 02 2016 01: +0,0.137,75
Dec 03 2016 01: +0,0.146,107
Dec 04 2016 01: +0,0.148,85
Dec 05 2016 01: +0,0.149,74
Dec 06 2016 01: +0,0.161,59
Dec 07 2016 01: +0,0.144,53
Dec 08 2016 01: +0,0.166,121
Dec 09 2016 01: +0,0.209,49
Dec 10 2016 01: +0,0.157,73
Dec 11 2016 01: +0,0.152,87
Dec 12 2016 01: +0,0.168,61
Dec 13 2016 01: +0,0.156,48
Dec 14 2016 01: +0,0.162,45
Dec 15 2016 01: +0,0.156,67
Dec 16 2016 01: +0,0.148,50
Dec 17 2016 01: +0,0.157,85
Dec 18 2016 01: +0,0.16,50
Dec 19 2016 01: +0,0.176,54
Dec 20 2016 01: +0,0.155,44
Dec 21 2016 01: +0,0.153,64
Dec 22 2016 01: +0,0.149,48
Dec 23 2016 01: +0,0.134,57
Dec 24 2016 01: +0,0.13,80
Dec 25 2016 01: +0,0.134,86
Dec 26 2016 01: +0,0.142,75
Dec 27 2016 01: +0,0.138,82
Dec 28 2016 01: +0,0.14,80
Dec 29 2016 01: +0,0.143,83
Dec 30 2016 01: +0,0.149,90
Dec 31 2016 01: +0,0.149,69
Jan 01 2017 01: +0,0.148,57
Jan 02 2017 01: +0,0.148,51
Jan 03 2017 01: +0,0.154,59
Jan 04 2017 01: +0,0.154,75
Jan 05 2017 01: +0,0.226,57
Jan 06 2017 01: +0,0.164,66
Jan 07 2017 01: +0,0.19,71
Jan 08 2017 01: +0,0.194,46
Jan 09 2017 01: +0,0.172,56
Jan 10 2017 01: +0,0.2,55
Jan 11 2017 01: +0,0.175,44
Jan 12 2017 01: +0,0.18,58
Jan 13 2017 01: +0,0.185,51
Jan 14 2017 01: +0,0.169,63
Jan 15 2017 01: +0,0.168,65
Jan 16 2017 01: +0,0.165,61
Jan 17 2017 01: +0,0.17,61
Jan 18 2017 01: +0,0.177,67
Jan 19 2017 01: +0,0.165,59
Jan 20 2017 01: +0,0.164,63
Jan 21 2017 01: +0,0.168,76
Jan 22 2017 01: +0,0.18,61
Jan 23 2017 01: +0,0.169,70
Jan 24 2017 01: +0,0.171,61
Jan 25 2017 01: +0,0.162,64
Jan 26 2017 01: +0,0.177,74
Jan 27 2017 01: +0,0.176,77
Jan 28 2017 01: +0,0.182,74
Jan 29 2017 01: +0,0.169,78
Jan 30 2017 01: +0,0.16,75
Jan 31 2017 01: +0,0.156,50
Feb 01 2017 01: +0,0.158,69
Feb 02 2017 01: +0,0.161,52
Feb 03 2017 01: +0,0.2,76
Feb 04 2017 01: +0,0.179,74
Feb 05 2017 01: +0,0.202,80
Feb 06 2017 01: +0,0.184,50
Feb 07 2017 01: +0,0.189,63
Feb 08 2017 01: +0,0.184,59
Feb 09 2017 01: +0,0.227,47
Feb 10 2017 01: +0,0.168,64
Feb 11 2017 01: +0,0.184,74
Feb 12 2017 01: +0,0.188,66
Feb 13 2017 01: +0,0.175,62
Feb 14 2017 01: +0,0.181,41
Feb 15 2017 01: +0,0.173,52
Feb 16 2017 01: +0,0.173,53
Feb 17 2017 01: +0,0.157,53
Feb 18 2017 01: +0,0.161,63
Feb 19 2017 01: +0,0.15,72
Feb 20 2017 01: +0,0.15,78
Feb 21 2017 01: +0,0.159,58
Feb 22 2017 01: +0,0.153,56
Feb 23 2017 01: +0,0.154,50
Feb 24 2017 01: +0,0.148,64
Feb 25 2017 01: +0,0.156,73
Feb 26 2017 01: +0,0.159,76
Feb 27 2017 01: +0,0.163,63
Feb 28 2017 01: +0,0.168,54
Mar 01 2017 01: +0,0.168,71
Mar 02 2017 01: +0,0.177,57
Mar 03 2017 01: +0,0.152,54
Mar 04 2017 01: +0,0.156,68
Mar 05 2017 01: +0,0.153,91
Mar 06 2017 01: +0,0.155,54
Mar 07 2017 01: +0,0.154,51
Mar 08 2017 01: +0,0.157,49
Mar 09 2017 01: +0,0.158,42
Mar 10 2017 01: +0,0.162,52
Mar 11 2017 01: +0,0.143,78
Mar 12 2017 01: +0,0.146,75
Mar 13 2017 01: +0,0.154,55
Mar 14 2017 01: +0,0.147,53
Mar 15 2017 01: +0,0.149,57
Mar 16 2017 01: +0,0.153,54
Mar 17 2017 01: +0,0.17,73
Mar 18 2017 01: +0,0.19,93
Mar 19 2017 01: +0,0.155,92
Mar 20 2017 01: +0,0.16,71
Mar 21 2017 01: +0,0.17,67
Mar 22 2017 01: +0,0.162,56
Mar 23 2017 01: +0,0.157,68
Mar 24 2017 01: +0,0.163,85
Mar 25 2017 01: +0,0.164,71
Mar 26 2017 01: +0,0.154,81
Mar 27 2017 01: +0,0.151,66
Mar 28 2017 01: +0,0.148,54
Mar 29 2017 01: +0,0.16,74
Mar 30 2017 01: +0,0.159,53
Mar 31 2017 01: +0,0.141,61
Apr 01 2017 01: +0,0.167,71
Apr 02 2017 01: +0,0.163,70
Apr 03 2017 01: +0,0.164,61
Apr 04 2017 01: +0,0.144,57
Apr 05 2017 01: +0,0.145,53
Apr 06 2017 01: +0,0.148,63
Apr 07 2017 01: +0,0.138,72
Apr 08 2017 01: +0,0.14,78
Apr 09 2017 01: +0,0.142,79
Apr 10 2017 01: +0,0.14,68
Apr 11 2017 01: +0,0.145,63
Apr 12 2017 01: +0,0.139,41
Apr 13 2017 01: +0,0.141,65
Apr 14 2017 01: +0,0.139,57
Apr 15 2017 01: +0,0.143,59
Apr 16 2017 01: +0,0.142,67
Apr 17 2017 01: +0,0.148,58
Apr 18 2017 01: +0,0.141,72
Apr 19 2017 01: +0,0.141,62
Apr 20 2017 01: +0,0.136,66
Apr 21 2017 01: +0,0.139,72
Apr 22 2017 01: +0,0.141,74
Apr 23 2017 01: +0,0.145,66
Apr 24 2017 01: +0,0.17,56
Apr 25 2017 01: +0,0.15,58
Apr 26 2017 01: +0,0.137,63
Apr 27 2017 01: +0,0.142,41
Apr 28 2017 01: +0,0.146,49
Apr 29 2017 01: +0,0.142,66
Apr 30 2017 01: +0,0.145,71
May 01 2017 01: +0,0.144,66
May 02 2017 01: +0,0.145,61
May 03 2017 01: +0,0.144,63
May 04 2017 01: +0,0.151,44
May 05 2017 01: +0,0.143,49
May 06 2017 01: +0,0.131,75
May 07 2017 01: +0,0.13,58
May 08 2017 01: +0,0.134,57
May 09 2017 01: +0,0.138,79
May 10 2017 01: +0,0.144,32
May 11 2017 01: +0,0.143,47
May 12 2017 01: +0,0.143,47
May 13 2017 01: +0,0.137,82
May 14 2017 01: +0,0.149,63
May 15 2017 01: +0,0.138,61
May 16 2017 01: +0,0.143,41
May 17 2017 01: +0,0.14,41
May 18 2017 01: +0,0.144,42
May 19 2017 01: +0,0.132,51
May 20 2017 01: +0,0.136,58
May 21 2017 01: +0,0.136,64
May 22 2017 01: +0,0.168,44
May 23 2017 01: +0,0.144,46
May 24 2017 01: +0,0.133,59
May 25 2017 01: +0,0.133,65
May 26 2017 01: +0,0.131,53
May 27 2017 01: +0,0.126,86
May 28 2017 01: +0,0.135,57
May 29 2017 01: +0,0.138,64
May 30 2017 01: +0,0.142,50
May 31 2017 01: +0,0.142,85
Jun 01 2017 01: +0,0.142,55
Jun 02 2017 01: +0,0.138,68
Jun 03 2017 01: +0,0.145,74
Jun 04 2017 01: +0,0.139,47
Jun 05 2017 01: +0,0.137,61
Jun 06 2017 01: +0,0.135,54
Jun 07 2017 01: +0,0.137,56
Jun 08 2017 01: +0,0.141,59
Jun 09 2017 01: +0,0.138,54
Jun 10 2017 01: +0,0.144,61
Jun 11 2017 01: +0,0.14,64
Jun 12 2017 01: +0,0.125,50
Jun 13 2017 01: +0,0.138,54
Jun 14 2017 01: +0,0.135,34
Jun 15 2017 01: +0,0.125,38
Jun 16 2017 01: +0,0.125,46
Jun 17 2017 01: +0,0.12,48
Jun 18 2017 01: +0,0.131,47
Jun 19 2017 01: +0,0.125,51
Jun 20 2017 01: +0,0.122,36
Jun 21 2017 01: +0,0.111,49
Jun 22 2017 01: +0,0.113,57
Jun 23 2017 01: +0,0.113,46
Jun 24 2017 01: +0,0.119,48
Jun 25 2017 01: +0,0.113,49
Jun 26 2017 01: +0,0.106,52
Jun 27 2017 01: +0,0.103,50
Jun 28 2017 01: +0,0.113,55
Jun 29 2017 01: +0,0.097,59
Jun 30 2017 01: +0,0.108,57
Jul 01 2017 01: +0,0.11,67
Jul 02 2017 01: +0,0.127,61
Jul 03 2017 01: +0,0.109,51
Jul 04 2017 01: +0,0.11,70
Jul 05 2017 01: +0,0.103,55
Jul 06 2017 01: +0,0.114,54
Jul 07 2017 01: +0,0.111,52
Jul 08 2017 01: +0,0.109,54
Jul 09 2017 01: +0,0.11,50
Jul 10 2017 01: +0,0.118,54
Jul 11 2017 01: +0,0.127,46
Jul 12 2017 01: +0,0.115,52
Jul 13 2017 01: +0,0.122,64
Jul 14 2017 01: +0,0.127,47
Jul 15 2017 01: +0,0.131,50
Jul 16 2017 01: +0,0.119,49
Jul 17 2017 01: +0,0.119,53
Jul 18 2017 01: +0,0.114,49
Jul 19 2017 01: +0,0.122,60
Jul 20 2017 01: +0,0.12,51
Jul 21 2017 01: +0,0.119,51
Jul 22 2017 01: +0,0.125,53
Jul 23 2017 01: +0,0.12,59
Jul 24 2017 01: +0,0.113,50
Jul 25 2017 01: +0,0.121,63
Jul 26 2017 01: +0,0.123,57
Jul 27 2017 01: +0,0.129,59
Jul 28 2017 01: +0,0.128,37
Jul 29 2017 01: +0,0.132,66
Jul 30 2017 01: +0,0.145,56
Jul 31 2017 01: +0,0.146,65
Aug 01 2017 01: +0,0.155,47
Aug 02 2017 01: +0,0.154,54
Aug 03 2017 01: +0,0.143,50
Aug 04 2017 01: +0,0.16,54
Aug 05 2017 01: +0,0.157,66
Aug 06 2017 01: +0,0.157,48
Aug 07 2017 01: +0,0.161,59
Aug 08 2017 01: +0,0.163,54
Aug 09 2017 01: +0,0.157,45
Aug 10 2017 01: +0,0.15,49
Aug 11 2017 01: +0,0.137,56
Aug 12 2017 01: +0,0.142,56
Aug 13 2017 01: +0,0.14,47
Aug 14 2017 01: +0,0.132,50
Aug 15 2017 01: +0,0.131,42
Aug 16 2017 01: +0,0.136,62
Aug 17 2017 01: +0,0.137,55
Aug 18 2017 01: +0,0.141,44
Aug 19 2017 01: +0,0.157,59
Aug 20 2017 01: +0,0.135,38
Aug 21 2017 01: +0,0.138,54
Aug 22 2017 01: +0,0.145,36
Aug 23 2017 01: +0,0.138,60
Aug 24 2017 01: +0,0.181,37
Aug 25 2017 01: +0,0.128,44
Aug 26 2017 01: +0,0.12,43
Aug 27 2017 01: +0,0.123,61
Aug 28 2017 01: +0,0.13,45
Aug 29 2017 01: +0,0.127,45
Aug 30 2017 01: +0,0.122,45
Aug 31 2017 01: +0,0.128,42
Sep 01 2017 01: +0,0.12,38
Sep 02 2017 01: +0,0.112,65
Sep 03 2017 01: +0,0.111,213
Sep 04 2017 01: +0,0.168,60
Sep 05 2017 01: +0,0.144,41
Sep 06 2017 01: +0,0.14,45
Sep 07 2017 01: +0,0.153,36
Sep 08 2017 01: +0,0.165,38
Sep 09 2017 01: +0,0.145,83
Sep 10 2017 01: +0,0.128,48
Sep 11 2017 01: +0,0.117,35
Sep 12 2017 01: +0,0.102,42
Sep 13 2017 01: +0,0.108,31
Sep 14 2017 01: +0,0.117,48
Sep 15 2017 01: +0,0.112,50
Sep 16 2017 01: +0,0.122,59
Sep 17 2017 01: +0,0.124,67
Sep 18 2017 01: +0,0.12,56
Sep 19 2017 01: +0,0.119,36
Sep 20 2017 01: +0,0.117,39
Sep 21 2017 01: +0,0.121,43
Sep 22 2017 01: +0,0.112,54
Sep 23 2017 01: +0,0.112,50
Sep 24 2017 01: +0,0.12,54
Sep 25 2017 01: +0,0.114,37
Sep 26 2017 01: +0,0.116,29
Sep 27 2017 01: +0,0.118,24
Sep 28 2017 01: +0,0.117,39
Sep 29 2017 01: +0,0.106,41
Sep 30 2017 01: +0,0.113,51
Oct 01 2017 01: +0,0.107,47
Oct 02 2017 01: +0,0.11,60
Oct 03 2017 01: +0,0.116,49
Oct 04 2017 01: +0,0.104,37
Oct 05 2017 01: +0,0.117,49
Oct 06 2017 01: +0,0.109,41
Oct 07 2017 01: +0,0.107,46
Oct 08 2017 01: +0,0.104,38
Oct 09 2017 01: +0,0.107,32
Oct 10 2017 01: +0,0.103,22
Oct 11 2017 01: +0,0.118,43
Oct 12 2017 01: +0,0.101,32
Oct 13 2017 01: +0,0.105,36
Oct 14 2017 01: +0,0.109,54
Oct 15 2017 01: +0,0.107,52
Oct 16 2017 01: +0,0.101,37
Oct 17 2017 01: +0,0.099,42
Oct 18 2017 01: +0,0.098,32
Oct 19 2017 01: +0,0.107,35
Oct 20 2017 01: +0,0.109,43
Oct 21 2017 01: +0,0.107,60
Oct 22 2017 01: +0,0.1,44
Oct 23 2017 01: +0,0.099,28
Oct 24 2017 01: +0,0.097,32
Oct 25 2017 01: +0,0.096,39
Oct 26 2017 01: +0,0.092,27
Oct 27 2017 01: +0,0.088,53
Oct 28 2017 01: +0,0.185,39
Oct 29 2017 01: +0,0.104,39
Oct 30 2017 01: +0,0.097,37
Oct 31 2017 01: +0,0.096,36
Nov 01 2017 01: +0,0.097,37
Nov 02 2017 01: +0,0.097,32
Nov 03 2017 01: +0,0.095,33
Nov 04 2017 01: +0,0.11,33
Nov 05 2017 01: +0,0.102,47
Nov 06 2017 01: +0,0.096,21
Nov 07 2017 01: +0,0.094,22
Nov 08 2017 01: +0,0.1,27
Nov 09 2017 01: +0,0.106,24
Nov 10 2017 01: +0,0.103,20
Nov 11 2017 01: +0,0.099,38
Nov 12 2017 01: +0,0.1,31
Nov 13 2017 01: +0,0.109,21
Nov 14 2017 01: +0,0.098,26
Nov 15 2017 01: +0,0.091,47
Nov 16 2017 01: +0,0.092,35
Nov 17 2017 01: +0,0.13,277
Nov 18 2017 01: +0,0.152,75
Nov 19 2017 01: +0,0.137,74
Nov 20 2017 01: +0,0.13,21
Nov 21 2017 01: +0,0.123,15
Nov 22 2017 01: +0,0.125,20
Nov 23 2017 01: +0,0.132,29
Nov 24 2017 01: +0,0.102,57
Nov 25 2017 01: +0,0.109,37
Nov 26 2017 01: +0,0.106,80
Nov 27 2017 01: +0,0.129,43
Nov 28 2017 01: +0,0.125,15
Nov 29 2017 01: +0,0.117,24
Nov 30 2017 01: +0,0.117,16
Dec 01 2017 01: +0,0.118,20
Dec 02 2017 01: +0,0.157,31
Dec 03 2017 01: +0,0.116,25
Dec 04 2017 01: +0,0.105,23
Dec 05 2017 01: +0,0.239,321
Dec 06 2017 01: +0,0.398,68
Dec 07 2017 01: +0,0.166,22
Dec 08 2017 01: +0,0.141,39
Dec 09 2017 01: +0,0.156,60
Dec 10 2017 01: +0,0.174,75
Dec 11 2017 01: +0,0.185,47
Dec 12 2017 01: +0,0.21,58
Dec 13 2017 01: +0,0.223,34
Dec 14 2017 01: +0,0.316,77
Dec 15 2017 01: +0,0.179,29
Dec 16 2017 01: +0,0.158,31
Dec 17 2017 01: +0,0.132,38
Dec 18 2017 01: +0,0.113,39
Dec 19 2017 01: +0,0.117,30
Dec 20 2017 01: +0,0.108,20
Dec 21 2017 01: +0,0.093,81
Dec 22 2017 01: +0,0.091,33
Dec 23 2017 01: +0,0.086,44
Dec 24 2017 01: +0,0.091,41
Dec 25 2017 01: +0,0.082,36
Dec 26 2017 01: +0,0.087,45
Dec 27 2017 01: +0,0.093,41
Dec 28 2017 01: +0,0.081,36
Dec 29 2017 01: +0,0.081,183
Dec 30 2017 01: +0,0.084,70
Dec 31 2017 01: +0,0.076,52
Jan 01 2018 01: +0,0.081,51
Jan 02 2018 01: +0,0.08,53
Jan 03 2018 01: +0,0.087,44
Jan 04 2018 01: +0,0.074,41
Jan 05 2018 01: +0,0.078,72
Jan 06 2018 01: +0,0.076,44
Jan 07 2018 01: +0,0.083,59
Jan 08 2018 01: +0,0.088,49
Jan 09 2018 01: +0,0.086,44
Jan 10 2018 01: +0,0.084,55
Jan 11 2018 01: +0,0.083,42
Jan 12 2018 01: +0,0.084,45
Jan 13 2018 01: +0,0.084,54
Jan 14 2018 01: +0,0.094,63
Jan 15 2018 01: +0,0.08,44
Jan 16 2018 01: +0,0.082,50
Jan 17 2018 01: +0,0.085,35
Jan 18 2018 01: +0,0.083,55
Jan 19 2018 01: +0,0.079,53
Jan 20 2018 01: +0,0.08,42
Jan 21 2018 01: +0,0.089,49
Jan 22 2018 01: +0,0.08,57
Jan 23 2018 01: +0,0.09,50
Jan 24 2018 01: +0,0.081,38
Jan 25 2018 01: +0,0.091,36
Jan 26 2018 01: +0,0.087,47
Jan 27 2018 01: +0,0.089,46
Jan 28 2018 01: +0,0.085,62
Jan 29 2018 01: +0,0.087,45
Jan 30 2018 01: +0,0.084,32
Jan 31 2018 01: +0,0.083,38
Feb 01 2018 01: +0,0.091,39
Feb 02 2018 01: +0,0.088,41
Feb 03 2018 01: +0,0.092,66
Feb 04 2018 01: +0,0.091,54
Feb 05 2018 01: +0,0.094,36
Feb 06 2018 01: +0,0.094,19
Feb 07 2018 01: +0,0.091,36
Feb 08 2018 01: +0,0.1,36
Feb 09 2018 01: +0,0.101,47
Feb 10 2018 01: +0,0.094,61
Feb 11 2018 01: +0,0.096,60
Feb 12 2018 01: +0,0.092,41
Feb 13 2018 01: +0,0.091,31
Feb 14 2018 01: +0,0.089,40
Feb 15 2018 01: +0,0.084,25
Feb 16 2018 01: +0,0.082,48
Feb 17 2018 01: +0,0.087,52
Feb 18 2018 01: +0,0.082,62
Feb 19 2018 01: +0,0.085,54
Feb 20 2018 01: +0,0.099,60
Feb 21 2018 01: +0,0.089,42
Feb 22 2018 01: +0,0.092,40
Feb 23 2018 01: +0,0.086,69
Feb 24 2018 01: +0,0.093,54
Feb 25 2018 01: +0,0.098,51
Feb 26 2018 01: +0,0.091,41
Feb 27 2018 01: +0,0.142,249
Feb 28 2018 01: +0,0.257,58
Feb 28 2018 19: +0,0.245,4
Feb 28 2018 21: +0,0.232,1
Feb 28 2018 22: +0,0.222,5
Mar 01 2018 00: +0,0.232,3
Mar 01 2018 02: +0,0.232,1
Mar 01 2018 03: +0,0.23,6
Mar 01 2018 04: +0,0.216,4
Mar 01 2018 06: +0,0.229,4
Mar 01 2018 09: +0,0.231,1
Mar 01 2018 11: +0,0.229,1
Mar 01 2018 13: +0,0.209,2
Mar 01 2018 14: +0,0.214,1
Mar 01 2018 15: +0,0.214,1
Mar 01 2018 16: +0,0.214,1
Mar 01 2018 17: +0,0.211,5
Mar 01 2018 18: +0,0.211,2
Mar 01 2018 19: +0,0.196,4
Mar 01 2018 20: +0,0.195,3
Mar 01 2018 21: +0,0.178,9
Mar 01 2018 22: +0,0.214,7
Mar 02 2018 01: +0,0.138,1
Mar 02 2018 03: +0,0.175,1
Mar 02 2018 04: +0,0.2,1
Mar 02 2018 05: +0,0.15,2
Mar 02 2018 07: +0,0.127,2
Mar 02 2018 08: +0,0.122,1
Mar 02 2018 09: +0,0.158,1
Mar 02 2018 11: +0,0.158,3
Mar 02 2018 13: +0,0.171,1
Mar 02 2018 14: +0,0.171,3
Mar 02 2018 15: +0,0.16,2
Mar 02 2018 16: +0,0.147,1
Mar 02 2018 17: +0,0.066,1
Mar 02 2018 19: +0,0.134,2
Mar 02 2018 20: +0,0.131,1
Mar 02 2018 21: +0,0.151,2
Mar 02 2018 22: +0,0.123,3
Mar 02 2018 23: +0,0.16,1
Mar 03 2018 00: +0,0.145,2
Mar 03 2018 02: +0,0.145,5
Mar 03 2018 03: +0,0.161,1
Mar 03 2018 04: +0,0.134,1
Mar 03 2018 09: +0,0.153,1
Mar 03 2018 10: +0,0.12,2
Mar 03 2018 12: +0,0.15,1
Mar 03 2018 14: +0,0.052,1
Mar 03 2018 15: +0,0.145,4
Mar 03 2018 16: +0,0.037,1
Mar 03 2018 17: +0,0.149,4
Mar 03 2018 18: +0,0.13,1
Mar 03 2018 19: +0,0.141,2
Mar 03 2018 20: +0,0.146,4
Mar 03 2018 21: +0,0.155,4
Mar 03 2018 22: +0,0.153,1
Mar 03 2018 23: +0,0.138,3
Mar 04 2018 00: +0,0.15,1
Mar 04 2018 01: +0,0.14,1
Mar 04 2018 04: +0,0.147,1
Mar 04 2018 05: +0,0.148,1
Mar 04 2018 06: +0,0.15,2
Mar 04 2018 07: +0,0.154,1
Mar 04 2018 08: +0,0.03,1
Mar 04 2018 10: +0,0.155,1
Mar 04 2018 11: +0,0.14,1
Mar 04 2018 12: +0,0.16,1
Mar 04 2018 13: +0,0.148,3
Mar 04 2018 14: +0,0.132,6
Mar 04 2018 15: +0,0.141,2
Mar 04 2018 18: +0,0.147,4
Mar 04 2018 19: +0,0.14,3
Mar 04 2018 20: +0,0.147,5
Mar 04 2018 21: +0,0.142,2
Mar 04 2018 22: +0,0.146,2
Mar 05 2018 00: +0,0.127,1
Mar 05 2018 01: +0,0.138,1
Mar 05 2018 03: +0,0.14,2
Mar 05 2018 05: +0,0.14,1
Mar 05 2018 06: +0,0.129,1
Mar 05 2018 07: +0,0.141,2
Mar 05 2018 10: +0,0.155,1
Mar 05 2018 13: +0,0.139,2
Mar 05 2018 14: +0,0.141,2
Mar 05 2018 15: +0,0.134,3
Mar 05 2018 16: +0,0.12,1
Mar 05 2018 17: +0,0.135,7
Mar 05 2018 18: +0,0.136,5
Mar 05 2018 19: +0,0.105,2
Mar 05 2018 20: +0,0.141,1
Mar 05 2018 21: +0,0.138,3
Mar 05 2018 22: +0,0.13,2
Mar 05 2018 23: +0,0.135,1
Mar 06 2018 00: +0,0.139,3
Mar 06 2018 01: +0,0.127,1
Mar 06 2018 03: +0,0.138,1
Mar 06 2018 04: +0,0.131,1
Mar 06 2018 06: +0,0.101,2
Mar 06 2018 07: +0,0.137,2
Mar 06 2018 08: +0,0.08,1
Mar 06 2018 10: +0,0.128,1
Mar 06 2018 12: +0,0.123,1
Mar 06 2018 13: +0,0.113,1
Mar 06 2018 15: +0,0.138,1
Mar 06 2018 16: +0,0.112,2
Mar 06 2018 17: +0,0.112,2
Mar 06 2018 19: +0,0.126,2
Mar 06 2018 21: +0,0.118,3
Mar 06 2018 22: +0,0.13,1
Mar 07 2018 00: +0,0.112,1
Mar 07 2018 02: +0,0.119,2
Mar 07 2018 04: +0,0.12,3
Mar 07 2018 06: +0,0.121,1
Mar 07 2018 07: +0,0.124,1
Mar 07 2018 08: +0,0.142,2
Mar 07 2018 13: +0,0.115,4
Mar 07 2018 14: +0,0.076,1
Mar 07 2018 15: +0,0.123,1
Mar 07 2018 16: +0,0.122,1
Mar 07 2018 17: +0,0.115,3
Mar 07 2018 18: +0,0.114,3
Mar 07 2018 19: +0,0.159,2
Mar 07 2018 20: +0,0.122,2
Mar 07 2018 21: +0,0.136,2
Mar 07 2018 22: +0,0.11,2
Mar 07 2018 23: +0,0.121,10
Mar 08 2018 00: +0,0.13,2
Mar 08 2018 03: +0,0.11,1
Mar 08 2018 04: +0,0.102,2
Mar 08 2018 05: +0,0.117,1
Mar 08 2018 08: +0,0.128,3
Mar 08 2018 09: +0,0.101,1
Mar 08 2018 10: +0,0.1,2
Mar 08 2018 11: +0,0.118,1
Mar 08 2018 12: +0,0.25,1
Mar 08 2018 14: +0,0.103,4
Mar 08 2018 15: +0,0.102,3
Mar 08 2018 16: +0,0.103,1
Mar 08 2018 17: +0,0.103,4
Mar 08 2018 18: +0,0.092,3
Mar 08 2018 20: +0,0.068,1
Mar 08 2018 23: +0,0.088,7
Mar 09 2018 00: +0,0.101,1
Mar 09 2018 02: +0,0.11,1
Mar 09 2018 03: +0,0.08,1
Mar 09 2018 07: +0,0.098,1
Mar 09 2018 08: +0,0.096,2
Mar 09 2018 10: +0,0.081,1
Mar 09 2018 12: +0,0.138,1
Mar 09 2018 13: +0,0.101,3
Mar 09 2018 14: +0,0.081,3
Mar 09 2018 15: +0,0.111,10
Mar 09 2018 16: +0,0.084,1
Mar 09 2018 17: +0,0.087,3
Mar 09 2018 19: +0,0.086,2
Mar 09 2018 20: +0,0.087,1
Mar 09 2018 21: +0,0.124,3
Mar 09 2018 23: +0,0.09,2
Mar 10 2018 04: +0,0.092,1
Mar 10 2018 06: +0,0.082,2
Mar 10 2018 07: +0,0.081,1
Mar 10 2018 08: +0,0.092,1
Mar 10 2018 09: +0,0.088,1
Mar 10 2018 10: +0,0.098,1
Mar 10 2018 11: +0,0.111,1
Mar 10 2018 12: +0,0.15,2
Mar 10 2018 13: +0,0.099,13
Mar 10 2018 14: +0,0.085,3
Mar 10 2018 16: +0,0.03,1
Mar 10 2018 17: +0,0.098,1
Mar 10 2018 18: +0,0.102,5
Mar 10 2018 19: +0,0.123,2
Mar 10 2018 20: +0,0.11,31
Mar 10 2018 21: +0,0.115,4
Mar 10 2018 22: +0,0.09,2
Mar 10 2018 23: +0,0.123,1
Mar 11 2018 01: +0,0.12,2
Mar 11 2018 03: +0,0.09,2
Mar 11 2018 05: +0,0.06,1
Mar 11 2018 06: +0,0.081,1
Mar 11 2018 08: +0,0.074,1
Mar 11 2018 09: +0,0.092,3
Mar 11 2018 11: +0,0.084,1
Mar 11 2018 12: +0,0.111,4
Mar 11 2018 13: +0,0.103,2
Mar 11 2018 14: +0,0.123,2
Mar 11 2018 15: +0,0.109,3
Mar 11 2018 16: +0,0.113,4
Mar 11 2018 18: +0,0.152,2
Mar 11 2018 19: +0,0.091,2
Mar 11 2018 20: +0,0.103,1
Mar 11 2018 21: +0,0.1,2
Mar 11 2018 23: +0,0.085,1
Mar 12 2018 00: +0,0.12,3
Mar 12 2018 01: +0,0.101,1
Mar 12 2018 05: +0,0.107,2
Mar 12 2018 07: +0,0.1,1
Mar 12 2018 09: +0,0.101,2
Mar 12 2018 12: +0,0.123,10
Mar 12 2018 13: +0,0.093,2
Mar 12 2018 15: +0,0.106,4
Mar 12 2018 16: +0,0.094,2
Mar 12 2018 18: +0,0.074,1
Mar 12 2018 19: +0,0.066,2
Mar 12 2018 20: +0,0.111,3
Mar 12 2018 21: +0,0.161,2
Mar 12 2018 22: +0,0.111,1
Mar 12 2018 23: +0,0.085,1
Mar 13 2018 00: +0,0.123,1
Mar 13 2018 02: +0,0.065,2
Mar 13 2018 06: +0,0.081,2
Mar 13 2018 07: +0,0.095,1
Mar 13 2018 11: +0,0.096,2
Mar 13 2018 12: +0,0.081,1
Mar 13 2018 14: +0,0.088,2
Mar 13 2018 15: +0,0.092,3
Mar 13 2018 17: +0,0.088,4
Mar 13 2018 18: +0,0.094,4
Mar 13 2018 19: +0,0.093,1
Mar 13 2018 20: +0,0.057,1
Mar 13 2018 22: +0,0.085,1
Mar 13 2018 23: +0,0.098,2
Mar 14 2018 03: +0,0.093,1
Mar 14 2018 05: +0,0.089,1
Mar 14 2018 06: +0,0.089,1
Mar 14 2018 08: +0,0.111,1
Mar 14 2018 09: +0,0.088,3
Mar 14 2018 10: +0,0.077,1
Mar 14 2018 11: +0,0.093,5
Mar 14 2018 12: +0,0.081,1
Mar 14 2018 13: +0,0.094,1
Mar 14 2018 14: +0,0.11,3
Mar 14 2018 15: +0,0.11,22
Mar 14 2018 16: +0,0.087,2
Mar 14 2018 17: +0,0.081,3
Mar 14 2018 18: +0,0.161,1
Mar 14 2018 19: +0,0.087,1
Mar 14 2018 20: +0,0.085,1
Mar 14 2018 21: +0,0.111,1
Mar 14 2018 22: +0,0.084,2
Mar 15 2018 01: +0,0.092,1
Mar 15 2018 02: +0,0.1,1
Mar 15 2018 03: +0,0.08,1
Mar 15 2018 04: +0,0.086,1
Mar 15 2018 07: +0,0.091,1
Mar 15 2018 08: +0,0.091,1
Mar 15 2018 11: +0,0.081,2
Mar 15 2018 13: +0,0.091,3
Mar 15 2018 14: +0,0.091,2
Mar 15 2018 15: +0,0.111,13
Mar 15 2018 16: +0,0.087,1
Mar 15 2018 17: +0,0.085,1
Mar 15 2018 18: +0,0.084,2
Mar 15 2018 20: +0,0.085,1
Mar 15 2018 21: +0,0.087,1
Mar 15 2018 22: +0,0.099,3
Mar 16 2018 00: +0,0.065,1
Mar 16 2018 01: +0,0.099,3
Mar 16 2018 03: +0,0.084,7
Mar 16 2018 05: +0,0.087,1
Mar 16 2018 06: +0,0.087,3
Mar 16 2018 07: +0,0.085,1
Mar 16 2018 08: +0,0.087,1
Mar 16 2018 09: +0,0.08,1
Mar 16 2018 11: +0,0.086,2
Mar 16 2018 12: +0,0.082,2
Mar 16 2018 13: +0,0.052,1
Mar 16 2018 14: +0,0.082,5
Mar 16 2018 15: +0,0.087,14
Mar 16 2018 16: +0,0.092,1
Mar 16 2018 18: +0,0.089,4
Mar 16 2018 19: +0,0.088,4
Mar 16 2018 20: +0,0.091,4
Mar 16 2018 21: +0,0.093,1
Mar 16 2018 22: +0,0.094,3
Mar 17 2018 01: +0,0.087,2
Mar 17 2018 02: +0,0.099,4
Mar 17 2018 04: +0,0.096,1
Mar 17 2018 05: +0,0.099,1
Mar 17 2018 06: +0,0.099,7
Mar 17 2018 07: +0,0.092,1
Mar 17 2018 08: +0,0.092,1
Mar 17 2018 09: +0,0.094,1
Mar 17 2018 10: +0,0.088,2
Mar 17 2018 11: +0,0.09,2
Mar 17 2018 12: +0,0.084,3
Mar 17 2018 13: +0,0.083,3
Mar 17 2018 14: +0,0.083,4
Mar 17 2018 15: +0,0.092,3
Mar 17 2018 16: +0,0.079,2
Mar 17 2018 17: +0,0.092,5
Mar 17 2018 18: +0,0.093,1
Mar 17 2018 19: +0,0.093,3
Mar 17 2018 20: +0,0.088,2
Mar 17 2018 21: +0,0.101,4
Mar 17 2018 22: +0,0.092,3
Mar 17 2018 23: +0,0.09,1
Mar 18 2018 03: +0,0.08,4
Mar 18 2018 04: +0,0.069,1
Mar 18 2018 05: +0,0.089,1
Mar 18 2018 09: +0,0.1,3
Mar 18 2018 10: +0,0.089,1
Mar 18 2018 11: +0,0.082,1
Mar 18 2018 12: +0,0.09,4
Mar 18 2018 13: +0,0.089,6
Mar 18 2018 14: +0,0.084,2
Mar 18 2018 15: +0,0.092,1
Mar 18 2018 17: +0,0.111,1
Mar 18 2018 18: +0,0.084,4
Mar 18 2018 19: +0,0.099,2
Mar 18 2018 20: +0,0.081,2
Mar 18 2018 21: +0,0.089,1
Mar 18 2018 22: +0,0.092,10
Mar 18 2018 23: +0,0.092,3
Mar 19 2018 00: +0,0.1,1
Mar 19 2018 05: +0,0.091,3
Mar 19 2018 08: +0,0.092,11
Mar 19 2018 09: +0,0.095,2
Mar 19 2018 10: +0,0.07,1
Mar 19 2018 11: +0,0.08,1
Mar 19 2018 13: +0,0.087,1
Mar 19 2018 14: +0,0.087,1
Mar 19 2018 15: +0,0.111,1
Mar 19 2018 16: +0,0.086,3
Mar 19 2018 17: +0,0.111,1
Mar 19 2018 18: +0,0.098,2
Mar 19 2018 19: +0,0.082,1
Mar 19 2018 20: +0,0.069,4
Mar 19 2018 21: +0,0.111,1
Mar 19 2018 22: +0,0.1,1
Mar 19 2018 23: +0,0.08,2
Mar 20 2018 00: +0,0.101,2
Mar 20 2018 01: +0,0.085,3
Mar 20 2018 03: +0,0.088,11
Mar 20 2018 04: +0,0.1,1
Mar 20 2018 07: +0,0.082,1
Mar 20 2018 08: +0,0.07,1
Mar 20 2018 09: +0,0.082,1
Mar 20 2018 10: +0,0.087,5
Mar 20 2018 11: +0,0.091,1
Mar 20 2018 12: +0,0.092,2
Mar 20 2018 13: +0,0.09,1
Mar 20 2018 14: +0,0.101,2
Mar 20 2018 16: +0,0.09,3
Mar 20 2018 17: +0,0.071,3
Mar 20 2018 18: +0,0.098,3
Mar 20 2018 19: +0,0.087,13
Mar 20 2018 20: +0,0.088,3
Mar 20 2018 21: +0,0.089,2
Mar 20 2018 22: +0,0.091,2
Mar 21 2018 00: +0,0.11,1
Mar 21 2018 01: +0,0.091,1
Mar 21 2018 02: +0,0.092,3
Mar 21 2018 06: +0,0.092,2
Mar 21 2018 08: +0,0.092,1
Mar 21 2018 09: +0,0.092,1
Mar 21 2018 11: +0,0.088,1
Mar 21 2018 12: +0,0.319,1
Mar 21 2018 14: +0,0.099,4
Mar 21 2018 15: +0,0.092,3
Mar 21 2018 16: +0,0.087,1
Mar 21 2018 17: +0,0.1,6
Mar 21 2018 18: +0,0.088,2
Mar 21 2018 19: +0,0.1,2
Mar 21 2018 20: +0,0.112,1
Mar 21 2018 21: +0,0.071,1
Mar 21 2018 22: +0,0.08,4
Mar 22 2018 00: +0,0.091,7
Mar 22 2018 03: +0,0.072,2
Mar 22 2018 04: +0,0.059,1
Mar 22 2018 06: +0,0.08,1
Mar 22 2018 08: +0,0.086,2
Mar 22 2018 10: +0,0.092,2
Mar 22 2018 11: +0,0.092,2
Mar 22 2018 12: +0,0.155,2
Mar 22 2018 13: +0,0.1,6
Mar 22 2018 14: +0,0.093,1
Mar 22 2018 16: +0,0.093,3
Mar 22 2018 17: +0,0.085,1
Mar 22 2018 18: +0,0.11,1
Mar 22 2018 20: +0,0.101,2
Mar 22 2018 21: +0,0.07,1
Mar 22 2018 22: +0,0.101,1
Mar 22 2018 23: +0,0.089,1
Mar 23 2018 00: +0,0.1,1
Mar 23 2018 01: +0,0.093,1
Mar 23 2018 04: +0,0.086,2
Mar 23 2018 07: +0,0.093,2
Mar 23 2018 09: +0,0.085,3
Mar 23 2018 10: +0,0.089,2
Mar 23 2018 11: +0,0.094,1
Mar 23 2018 13: +0,0.094,1
Mar 23 2018 14: +0,0.093,1
Mar 23 2018 15: +0,0.081,2
Mar 23 2018 16: +0,0.094,1
Mar 23 2018 17: +0,0.111,10
Mar 23 2018 18: +0,0.08,2
Mar 23 2018 19: +0,0.093,1
Mar 23 2018 20: +0,0.094,4
Mar 23 2018 23: +0,0.076,2
Mar 24 2018 01: +0,0.087,1
Mar 24 2018 02: +0,0.093,10
Mar 24 2018 04: +0,0.11,1
Mar 24 2018 07: +0,0.11,2
Mar 24 2018 08: +0,0.099,1
Mar 24 2018 10: +0,0.085,1
Mar 24 2018 11: +0,0.09,5
Mar 24 2018 13: +0,0.11,4
Mar 24 2018 15: +0,0.095,2
Mar 24 2018 16: +0,0.085,1
Mar 24 2018 18: +0,0.071,5
Mar 24 2018 19: +0,0.081,1
Mar 24 2018 21: +0,0.089,2
Mar 24 2018 23: +0,0.086,2
Mar 25 2018 00: +0,0.099,2
Mar 25 2018 01: +0,0.071,1
Mar 25 2018 02: +0,0.085,6
Mar 25 2018 05: +0,0.085,1
Mar 25 2018 06: +0,0.11,1
Mar 25 2018 07: +0,0.093,1
Mar 25 2018 08: +0,0.09,1
Mar 25 2018 09: +0,0.03,1
Mar 25 2018 10: +0,0.095,1
Mar 25 2018 11: +0,0.095,2
Mar 25 2018 12: +0,0.074,1
Mar 25 2018 13: +0,0.093,1
Mar 25 2018 14: +0,0.095,2
Mar 25 2018 15: +0,0.098,1
Mar 25 2018 16: +0,0.099,1
Mar 25 2018 17: +0,0.092,4
Mar 25 2018 19: +0,0.09,1
Mar 25 2018 20: +0,0.098,2
Mar 25 2018 21: +0,0.093,2
Mar 25 2018 23: +0,0.11,3
Mar 26 2018 00: +0,0.098,1
Mar 26 2018 02: +0,0.095,1
Mar 26 2018 03: +0,0.08,1
Mar 26 2018 07: +0,0.111,1
Mar 26 2018 08: +0,0.071,1
Mar 26 2018 10: +0,0.09,1
Mar 26 2018 11: +0,0.089,2
Mar 26 2018 15: +0,0.08,1
Mar 26 2018 16: +0,0.087,2
Mar 26 2018 17: +0,0.079,4
Mar 26 2018 18: +0,0.081,1
Mar 26 2018 19: +0,0.113,13
Mar 26 2018 20: +0,0.101,1
Mar 26 2018 22: +0,0.094,1
Mar 27 2018 02: +0,0.086,1
Mar 27 2018 06: +0,0.08,8
Mar 27 2018 07: +0,0.112,1
Mar 27 2018 08: +0,0.082,2
Mar 27 2018 10: +0,0.088,1
Mar 27 2018 11: +0,0.087,2
Mar 27 2018 13: +0,0.112,1
Mar 27 2018 14: +0,0.082,2
Mar 27 2018 15: +0,0.112,15
Mar 27 2018 17: +0,0.099,2
Mar 27 2018 18: +0,0.087,2
Mar 27 2018 19: +0,0.112,6
Mar 27 2018 20: +0,0.088,1
Mar 27 2018 21: +0,0.091,2
Mar 27 2018 23: +0,0.099,1
Mar 28 2018 00: +0,0.082,3
Mar 28 2018 01: +0,0.078,1
Mar 28 2018 02: +0,0.079,1
Mar 28 2018 03: +0,0.077,2
Mar 28 2018 04: +0,0.075,3
Mar 28 2018 05: +0,0.08,1
Mar 28 2018 07: +0,0.079,1
Mar 28 2018 08: +0,0.078,1
Mar 28 2018 12: +0,0.099,1
Mar 28 2018 13: +0,0.078,3
Mar 28 2018 14: +0,0.078,6
Mar 28 2018 15: +0,0.078,1
Mar 28 2018 16: +0,0.076,1
Mar 28 2018 17: +0,0.079,4
Mar 28 2018 18: +0,0.073,3
Mar 28 2018 19: +0,0.081,2
Mar 28 2018 20: +0,0.081,5
Mar 28 2018 21: +0,0.076,6
Mar 28 2018 22: +0,0.071,3
Mar 28 2018 23: +0,0.082,2
Mar 29 2018 01: +0,0.1,1
Mar 29 2018 02: +0,0.081,1
Mar 29 2018 03: +0,0.093,7
Mar 29 2018 04: +0,0.069,1
Mar 29 2018 05: +0,0.084,2
Mar 29 2018 08: +0,0.084,1
Mar 29 2018 09: +0,0.089,2
Mar 29 2018 10: +0,0.088,1
Mar 29 2018 11: +0,0.08,2
Mar 29 2018 13: +0,0.111,1
Mar 29 2018 14: +0,0.09,3
Mar 29 2018 15: +0,0.057,1
Mar 29 2018 16: +0,0.088,3
Mar 29 2018 17: +0,0.091,2
Mar 29 2018 18: +0,0.092,3
Mar 29 2018 19: +0,0.057,3
Mar 29 2018 20: +0,0.076,2
Mar 29 2018 21: +0,0.076,2
Mar 29 2018 22: +0,0.111,1
Mar 29 2018 23: +0,0.093,2
Mar 30 2018 01: +0,0.1,1
Mar 30 2018 02: +0,0.069,1
Mar 30 2018 03: +0,0.071,1
Mar 30 2018 04: +0,0.1,1
Mar 30 2018 06: +0,0.078,1
Mar 30 2018 08: +0,0.219,1
Mar 30 2018 11: +0,0.081,4
Mar 30 2018 12: +0,0.099,2
Mar 30 2018 14: +0,0.099,2
Mar 30 2018 15: +0,0.085,1
Mar 30 2018 16: +0,0.088,3
Mar 30 2018 17: +0,0.089,3
