Jul 11 2014 01: +0,4.714,36
Jul 12 2014 01: +0,2.918,46
Jul 13 2014 01: +0,2.247,52
Jul 14 2014 01: +0,2.111,60
Jul 15 2014 01: +0,2.107,69
Jul 16 2014 01: +0,2.057,67
Jul 17 2014 01: +0,1.843,75
Jul 18 2014 01: +0,1.989,73
Jul 19 2014 01: +0,1.577,68
Jul 20 2014 01: +0,1.621,71
Jul 21 2014 01: +0,1.711,71
Jul 22 2014 01: +0,1.707,59
Jul 23 2014 01: +0,1.465,94
Jul 24 2014 01: +0,1.459,76
Jul 25 2014 01: +0,1.528,83
Jul 26 2014 01: +0,1.533,96
Jul 27 2014 01: +0,1.428,81
Jul 28 2014 01: +0,1.454,87
Jul 29 2014 01: +0,1.521,108
Jul 30 2014 01: +0,1.646,61
Jul 31 2014 01: +0,1.417,114
Aug 01 2014 01: +0,1.417,91
Aug 02 2014 01: +0,1.513,128
Aug 03 2014 01: +0,1.329,122
Aug 04 2014 01: +0,1.326,117
Aug 05 2014 01: +0,1.102,133
Aug 06 2014 01: +0,1.011,136
Aug 07 2014 01: +0,1.142,121
Aug 08 2014 01: +0,1.126,113
Aug 09 2014 01: +0,1.149,105
Aug 10 2014 01: +0,1.148,111
Aug 11 2014 01: +0,1.072,153
Aug 12 2014 01: +0,1.079,126
Aug 13 2014 01: +0,1.076,151
Aug 14 2014 01: +0,1.058,159
Aug 15 2014 01: +0,1.099,174
Aug 16 2014 01: +0,1.074,148
Aug 17 2014 01: +0,0.929,152
Aug 18 2014 01: +0,0.918,112
Aug 19 2014 01: +0,0.992,138
Aug 20 2014 01: +0,1.007,130
Aug 21 2014 01: +0,1.081,127
Aug 22 2014 01: +0,1.056,145
Aug 23 2014 01: +0,1.042,150
Aug 24 2014 01: +0,1.098,166
Aug 25 2014 01: +0,1.047,174
Aug 26 2014 01: +0,1.112,160
Aug 27 2014 01: +0,1.139,138
Aug 28 2014 01: +0,1.1,149
Aug 29 2014 01: +0,1.014,187
Aug 30 2014 01: +0,1,199
Aug 31 2014 01: +0,1.004,162
Sep 01 2014 01: +0,1.061,174
Sep 02 2014 01: +0,0.984,144
Sep 03 2014 01: +0,1.009,174
Sep 04 2014 01: +0,1.072,132
Sep 05 2014 01: +0,1.025,164
Sep 06 2014 01: +0,0.979,205
Sep 07 2014 01: +0,0.998,171
Sep 08 2014 01: +0,1.006,155
Sep 09 2014 01: +0,0.949,132
Sep 10 2014 01: +0,0.98,160
Sep 11 2014 01: +0,0.884,198
Sep 12 2014 01: +0,0.833,222
Sep 13 2014 01: +0,0.777,219
Sep 14 2014 01: +0,0.829,197
Sep 15 2014 01: +0,0.854,142
Sep 16 2014 01: +0,0.848,167
Sep 17 2014 01: +0,0.824,158
Sep 18 2014 01: +0,0.845,147
Sep 19 2014 01: +0,0.769,205
Sep 20 2014 01: +0,0.707,223
Sep 21 2014 01: +0,0.795,182
Sep 22 2014 01: +0,0.743,183
Sep 23 2014 01: +0,0.76,153
Sep 24 2014 01: +0,0.749,150
Sep 25 2014 01: +0,0.882,140
Sep 26 2014 01: +0,0.797,151
Sep 27 2014 01: +0,0.762,203
Sep 28 2014 01: +0,0.787,183
Sep 29 2014 01: +0,0.775,176
Sep 30 2014 01: +0,0.762,148
Oct 01 2014 01: +0,0.864,189
Oct 02 2014 01: +0,0.811,143
Oct 03 2014 01: +0,0.8,223
Oct 04 2014 01: +0,0.791,194
Oct 05 2014 01: +0,0.78,215
Oct 06 2014 01: +0,0.762,173
Oct 07 2014 01: +0,0.763,173
Oct 08 2014 01: +0,0.816,163
Oct 09 2014 01: +0,0.81,160
Oct 10 2014 01: +0,0.724,209
Oct 11 2014 01: +0,0.729,234
Oct 12 2014 01: +0,0.703,204
Oct 13 2014 01: +0,0.71,196
Oct 14 2014 01: +0,0.768,173
Oct 15 2014 01: +0,0.69,181
Oct 16 2014 01: +0,0.728,188
Oct 17 2014 01: +0,0.752,223
Oct 18 2014 01: +0,0.729,220
Oct 19 2014 01: +0,0.67,206
Oct 20 2014 01: +0,0.711,148
Oct 21 2014 01: +0,0.713,172
Oct 22 2014 01: +0,0.69,162
Oct 23 2014 01: +0,0.67,184
Oct 24 2014 01: +0,0.741,185
Oct 25 2014 01: +0,0.778,193
Oct 26 2014 01: +0,0.672,311
Oct 27 2014 01: +0,0.677,165
Oct 28 2014 01: +0,0.675,167
Oct 29 2014 01: +0,0.664,190
Oct 30 2014 01: +0,0.767,198
Oct 31 2014 01: +0,0.643,257
Nov 01 2014 01: +0,0.679,215
Nov 02 2014 01: +0,0.622,259
Nov 03 2014 01: +0,0.627,194
Nov 04 2014 01: +0,0.622,193
Nov 05 2014 01: +0,0.646,183
Nov 06 2014 01: +0,0.636,193
Nov 07 2014 01: +0,0.671,226
Nov 08 2014 01: +0,0.694,223
Nov 09 2014 01: +0,0.701,210
Nov 10 2014 01: +0,0.66,194
Nov 11 2014 01: +0,0.627,193
Nov 12 2014 01: +0,0.465,212
Nov 13 2014 01: +0,0.454,195
Nov 14 2014 01: +0,0.508,240
Nov 15 2014 01: +0,0.515,250
Nov 16 2014 01: +0,0.56,203
Nov 17 2014 01: +0,0.563,172
Nov 18 2014 01: +0,0.568,152
Nov 19 2014 01: +0,0.535,180
Nov 20 2014 01: +0,0.513,184
Nov 21 2014 01: +0,0.491,193
Nov 22 2014 01: +0,0.452,205
Nov 23 2014 01: +0,0.477,194
Nov 24 2014 01: +0,0.476,156
Nov 25 2014 01: +0,0.511,145
Nov 26 2014 01: +0,0.538,151
Nov 27 2014 01: +0,0.57,168
Nov 28 2014 01: +0,0.548,224
Nov 29 2014 01: +0,1.147,36
Nov 30 2014 01: +0,0.464,334
Dec 01 2014 01: +0,0.474,224
Dec 02 2014 01: +0,0.518,180
Dec 03 2014 01: +0,0.664,145
Dec 04 2014 01: +0,0.732,145
Dec 05 2014 01: +0,0.697,169
Dec 06 2014 01: +0,0.724,227
Dec 07 2014 01: +0,0.657,225
Dec 08 2014 01: +0,0.588,187
Dec 09 2014 01: +0,0.653,178
Dec 10 2014 01: +0,0.676,197
Dec 11 2014 01: +0,0.703,187
Dec 12 2014 01: +0,0.674,214
Dec 13 2014 01: +0,0.661,262
Dec 14 2014 01: +0,0.659,268
Dec 15 2014 01: +0,0.679,200
Dec 16 2014 01: +0,0.599,220
Dec 17 2014 01: +0,0.696,195
Dec 18 2014 01: +0,0.65,176
Dec 19 2014 01: +0,0.649,240
Dec 20 2014 01: +0,0.587,271
Dec 21 2014 01: +0,0.645,230
Dec 22 2014 01: +0,0.585,229
Dec 23 2014 01: +0,0.636,194
Dec 24 2014 01: +0,0.591,270
Dec 25 2014 01: +0,0.67,287
Dec 26 2014 01: +0,0.735,282
Dec 27 2014 01: +0,0.817,312
Dec 28 2014 01: +0,0.819,260
Dec 29 2014 01: +0,0.826,229
Dec 30 2014 01: +0,0.752,308
Dec 31 2014 01: +0,0.792,246
Jan 01 2015 01: +0,0.778,232
Jan 02 2015 01: +0,0.833,309
Jan 03 2015 01: +0,0.862,269
Jan 04 2015 01: +0,0.867,251
Jan 05 2015 01: +0,0.791,302
Jan 06 2015 01: +0,0.83,269
Jan 07 2015 01: +0,0.854,238
Jan 08 2015 01: +0,0.866,267
Jan 09 2015 01: +0,0.822,309
Jan 10 2015 01: +0,0.814,365
Jan 11 2015 01: +0,0.817,377
Jan 12 2015 01: +0,0.834,292
Jan 13 2015 01: +0,0.828,301
Jan 14 2015 01: +0,0.816,330
Jan 15 2015 01: +0,0.836,310
Jan 16 2015 01: +0,0.81,338
Jan 17 2015 01: +0,0.822,321
Jan 18 2015 01: +0,0.839,335
Jan 19 2015 01: +0,0.806,290
Jan 20 2015 01: +0,0.799,277
Jan 21 2015 01: +0,0.819,278
Jan 22 2015 01: +0,0.81,278
Jan 23 2015 01: +0,0.87,292
Jan 24 2015 01: +0,0.931,301
Jan 25 2015 01: +0,0.803,387
Jan 26 2015 01: +0,0.755,298
Jan 27 2015 01: +0,0.781,288
Jan 28 2015 01: +0,0.829,263
Jan 29 2015 01: +0,0.786,273
Jan 30 2015 01: +0,0.795,309
Jan 31 2015 01: +0,0.836,361
Feb 01 2015 01: +0,0.806,391
Feb 02 2015 01: +0,0.796,271
Feb 03 2015 01: +0,0.837,276
Feb 04 2015 01: +0,0.817,260
Feb 05 2015 01: +0,0.805,235
Feb 06 2015 01: +0,0.766,292
Feb 07 2015 01: +0,0.816,337
Feb 08 2015 01: +0,0.768,337
Feb 09 2015 01: +0,0.806,217
Feb 10 2015 01: +0,0.8,227
Feb 11 2015 01: +0,0.793,218
Feb 12 2015 01: +0,0.768,215
Feb 13 2015 01: +0,0.784,257
Feb 14 2015 01: +0,0.788,298
Feb 15 2015 01: +0,0.766,264
Feb 16 2015 01: +0,0.772,241
Feb 17 2015 01: +0,0.778,214
Feb 18 2015 01: +0,0.763,225
Feb 19 2015 01: +0,0.768,242
Feb 20 2015 01: +0,0.744,258
Feb 21 2015 01: +0,0.777,216
Feb 22 2015 01: +0,0.765,271
Feb 23 2015 01: +0,0.764,206
Feb 24 2015 01: +0,0.788,176
Feb 25 2015 01: +0,0.776,171
Feb 26 2015 01: +0,0.777,216
Feb 27 2015 01: +0,0.743,248
Feb 28 2015 01: +0,0.749,262
Mar 01 2015 01: +0,0.728,238
Mar 02 2015 01: +0,0.745,189
Mar 03 2015 01: +0,0.765,192
Mar 04 2015 01: +0,0.722,203
Mar 05 2015 01: +0,0.739,218
Mar 06 2015 01: +0,0.751,223
Mar 07 2015 01: +0,0.74,245
Mar 08 2015 01: +0,0.72,242
Mar 09 2015 01: +0,0.691,174
Mar 10 2015 01: +0,0.71,183
Mar 11 2015 01: +0,0.733,162
Mar 12 2015 01: +0,0.728,160
Mar 13 2015 01: +0,0.717,216
Mar 14 2015 01: +0,0.727,275
Mar 15 2015 01: +0,0.618,273
Mar 16 2015 01: +0,0.606,197
Mar 17 2015 01: +0,0.708,146
Mar 18 2015 01: +0,0.714,171
Mar 19 2015 01: +0,0.735,162
Mar 20 2015 01: +0,0.727,178
Mar 21 2015 01: +0,0.704,227
Mar 22 2015 01: +0,0.699,209
Mar 23 2015 01: +0,0.701,199
Mar 24 2015 01: +0,0.682,209
Mar 25 2015 01: +0,0.726,178
Mar 26 2015 01: +0,0.729,198
Mar 27 2015 01: +0,0.71,200
Mar 28 2015 01: +0,0.709,235
Mar 29 2015 01: +0,0.686,225
Mar 30 2015 01: +0,0.693,193
Mar 31 2015 01: +0,0.702,183
Apr 01 2015 01: +0,0.713,251
Apr 02 2015 01: +0,0.768,216
Apr 03 2015 01: +0,0.762,201
Apr 04 2015 01: +0,0.775,285
Apr 05 2015 01: +0,0.766,235
Apr 06 2015 01: +0,0.802,210
Apr 07 2015 01: +0,0.808,208
Apr 08 2015 01: +0,0.822,192
Apr 09 2015 01: +0,0.813,204
Apr 10 2015 01: +0,0.824,173
Apr 11 2015 01: +0,0.819,224
Apr 12 2015 01: +0,0.795,193
Apr 13 2015 01: +0,0.794,171
Apr 14 2015 01: +0,0.835,141
Apr 15 2015 01: +0,0.771,155
Apr 16 2015 01: +0,0.682,206
Apr 17 2015 01: +0,0.654,236
Apr 18 2015 01: +0,0.656,284
Apr 19 2015 01: +0,0.677,213
Apr 20 2015 01: +0,0.645,217
Apr 21 2015 01: +0,0.644,191
Apr 22 2015 01: +0,0.669,157
Apr 23 2015 01: +0,0.687,175
Apr 24 2015 01: +0,0.65,243
Apr 25 2015 01: +0,0.662,245
Apr 26 2015 01: +0,0.674,211
Apr 27 2015 01: +0,0.686,174
Apr 28 2015 01: +0,0.699,165
Apr 29 2015 01: +0,0.643,180
Apr 30 2015 01: +0,0.666,202
May 01 2015 01: +0,0.677,182
May 02 2015 01: +0,0.697,225
May 03 2015 01: +0,0.66,200
May 04 2015 01: +0,0.639,221
May 05 2015 01: +0,0.664,176
May 06 2015 01: +0,0.667,190
May 07 2015 01: +0,0.664,174
May 08 2015 01: +0,0.665,214
May 09 2015 01: +0,0.657,236
May 10 2015 01: +0,0.685,229
May 11 2015 01: +0,0.686,171
May 12 2015 01: +0,0.684,154
May 13 2015 01: +0,0.673,172
May 14 2015 01: +0,0.66,195
May 15 2015 01: +0,0.745,206
May 16 2015 01: +0,0.811,234
May 17 2015 01: +0,0.783,237
May 18 2015 01: +0,0.833,173
May 19 2015 01: +0,0.796,161
May 20 2015 01: +0,0.817,135
May 21 2015 01: +0,0.833,137
May 22 2015 01: +0,0.816,158
May 23 2015 01: +0,0.804,193
May 24 2015 01: +0,0.798,176
May 25 2015 01: +0,0.8,159
May 26 2015 01: +0,0.784,165
May 27 2015 01: +0,0.498,265
May 28 2015 01: +0,0.513,233
May 29 2015 01: +0,0.595,205
May 30 2015 01: +0,0.646,210
May 31 2015 01: +0,0.648,210
Jun 01 2015 01: +0,0.651,229
Jun 02 2015 01: +0,0.664,183
Jun 03 2015 01: +0,0.685,168
Jun 04 2015 01: +0,0.593,173
Jun 05 2015 01: +0,0.541,200
Jun 06 2015 01: +0,0.568,170
Jun 07 2015 01: +0,0.574,161
Jun 08 2015 01: +0,0.558,160
Jun 09 2015 01: +0,0.557,130
Jun 10 2015 01: +0,0.571,174
Jun 11 2015 01: +0,0.572,180
Jun 12 2015 01: +0,0.501,197
Jun 13 2015 01: +0,0.528,194
Jun 14 2015 01: +0,0.491,197
Jun 15 2015 01: +0,0.453,216
Jun 16 2015 01: +0,0.456,184
Jun 17 2015 01: +0,0.468,217
Jun 18 2015 01: +0,0.453,183
Jun 19 2015 01: +0,0.46,195
Jun 20 2015 01: +0,0.464,203
Jun 21 2015 01: +0,0.476,228
Jun 22 2015 01: +0,0.507,195
Jun 23 2015 01: +0,0.575,174
Jun 24 2015 01: +0,0.589,185
Jun 25 2015 01: +0,0.591,164
Jun 26 2015 01: +0,0.617,199
Jun 27 2015 01: +0,0.625,165
Jun 28 2015 01: +0,0.624,171
Jun 29 2015 01: +0,0.643,170
Jun 30 2015 01: +0,0.687,146
Jul 01 2015 01: +0,0.673,141
Jul 02 2015 01: +0,0.636,184
Jul 03 2015 01: +0,0.654,161
Jul 04 2015 01: +0,0.66,148
Jul 05 2015 01: +0,0.712,143
Jul 06 2015 01: +0,0.692,143
Jul 07 2015 01: +0,0.712,160
Jul 08 2015 01: +0,0.689,122
Jul 09 2015 01: +0,0.702,146
Jul 10 2015 01: +0,0.711,159
Jul 11 2015 01: +0,0.674,166
Jul 12 2015 01: +0,0.694,169
Jul 13 2015 01: +0,0.688,161
Jul 14 2015 01: +0,0.729,136
Jul 15 2015 01: +0,0.711,137
Jul 16 2015 01: +0,0.707,142
Jul 17 2015 01: +0,0.715,154
Jul 18 2015 01: +0,0.768,135
Jul 19 2015 01: +0,0.754,135
Jul 20 2015 01: +0,0.772,174
Jul 21 2015 01: +0,0.787,138
Jul 22 2015 01: +0,0.792,131
Jul 23 2015 01: +0,0.768,128
Jul 24 2015 01: +0,0.758,107
Jul 25 2015 01: +0,0.74,137
Jul 26 2015 01: +0,0.732,112
Jul 27 2015 01: +0,0.741,138
Jul 28 2015 01: +0,0.737,144
Jul 29 2015 01: +0,0.727,124
Jul 30 2015 01: +0,0.739,142
Jul 31 2015 01: +0,0.737,123
Aug 01 2015 01: +0,0.716,141
Aug 02 2015 01: +0,0.695,123
Aug 03 2015 01: +0,0.746,133
Aug 04 2015 01: +0,0.705,125
Aug 05 2015 01: +0,0.706,121
Aug 06 2015 01: +0,0.723,124
Aug 07 2015 01: +0,0.724,172
Aug 08 2015 01: +0,0.73,121
Aug 09 2015 01: +0,0.728,132
Aug 10 2015 01: +0,0.775,127
Aug 11 2015 01: +0,0.735,123
Aug 12 2015 01: +0,0.753,124
Aug 13 2015 01: +0,0.72,115
Aug 14 2015 01: +0,0.73,126
Aug 15 2015 01: +0,0.646,166
Aug 16 2015 01: +0,0.638,130
Aug 17 2015 01: +0,0.673,137
Aug 18 2015 01: +0,0.665,126
Aug 19 2015 01: +0,0.632,130
Aug 20 2015 01: +0,0.64,154
Aug 21 2015 01: +0,0.603,165
Aug 22 2015 01: +0,0.648,139
Aug 23 2015 01: +0,0.527,157
Aug 24 2015 01: +0,0.555,197
Aug 25 2015 01: +0,0.637,127
Aug 26 2015 01: +0,0.652,139
Aug 27 2015 01: +0,0.675,123
Aug 28 2015 01: +0,0.666,152
Aug 29 2015 01: +0,0.694,128
Aug 30 2015 01: +0,0.682,134
Aug 31 2015 01: +0,0.712,127
Sep 01 2015 01: +0,0.724,129
Sep 02 2015 01: +0,0.668,132
Sep 03 2015 01: +0,0.742,119
Sep 04 2015 01: +0,0.758,133
Sep 05 2015 01: +0,0.736,136
Sep 06 2015 01: +0,0.725,138
Sep 07 2015 01: +0,0.745,115
Sep 08 2015 01: +0,0.733,119
Sep 09 2015 01: +0,0.737,94
Sep 10 2015 01: +0,0.738,137
Sep 11 2015 01: +0,0.738,144
Sep 12 2015 01: +0,0.781,151
Sep 13 2015 01: +0,0.749,139
Sep 14 2015 01: +0,0.777,128
Sep 15 2015 01: +0,0.835,102
Sep 16 2015 01: +0,0.837,120
Sep 17 2015 01: +0,0.862,101
Sep 18 2015 01: +0,0.791,155
Sep 19 2015 01: +0,0.871,181
Sep 20 2015 01: +0,0.952,188
Sep 21 2015 01: +0,0.971,128
Sep 22 2015 01: +0,1.018,152
Sep 23 2015 01: +0,1.009,144
Sep 24 2015 01: +0,1.058,150
Sep 25 2015 01: +0,1.096,170
Sep 26 2015 01: +0,1.171,221
Sep 27 2015 01: +0,1.069,173
Sep 28 2015 01: +0,1.124,132
Sep 29 2015 01: +0,1.161,142
Sep 30 2015 01: +0,1.118,134
Oct 01 2015 01: +0,1.179,121
Oct 02 2015 01: +0,1.128,150
Oct 03 2015 01: +0,1.171,158
Oct 04 2015 01: +0,1.166,134
Oct 05 2015 01: +0,1.116,121
Oct 06 2015 01: +0,1.114,107
Oct 07 2015 01: +0,1.072,109
Oct 08 2015 01: +0,1.082,111
Oct 09 2015 01: +0,1.125,126
Oct 10 2015 01: +0,1.128,144
Oct 11 2015 01: +0,1.111,137
Oct 12 2015 01: +0,1.07,117
Oct 13 2015 01: +0,1.043,113
Oct 14 2015 01: +0,1.039,101
Oct 15 2015 01: +0,1.003,127
Oct 16 2015 01: +0,1.055,103
Oct 17 2015 01: +0,1.071,146
Oct 18 2015 01: +0,1.07,128
Oct 19 2015 01: +0,1.06,99
Oct 20 2015 01: +0,1.115,107
Oct 21 2015 01: +0,0.988,141
Oct 22 2015 01: +0,0.954,103
Oct 23 2015 01: +0,0.949,128
Oct 24 2015 01: +0,0.983,160
Oct 25 2015 01: +0,0.977,132
Oct 26 2015 01: +0,0.981,103
Oct 27 2015 01: +0,1.011,96
Oct 28 2015 01: +0,0.993,127
Oct 29 2015 01: +0,1.043,98
Oct 30 2015 01: +0,0.925,127
Oct 31 2015 01: +0,1.027,146
Nov 01 2015 01: +0,0.917,150
Nov 02 2015 01: +0,0.891,183
Nov 03 2015 01: +0,1.024,106
Nov 04 2015 01: +0,1.066,106
Nov 05 2015 01: +0,1.111,108
Nov 06 2015 01: +0,1.125,129
Nov 07 2015 01: +0,1.156,145
Nov 08 2015 01: +0,1.26,110
Nov 09 2015 01: +0,1.136,86
Nov 10 2015 01: +0,1.053,95
Nov 11 2015 01: +0,1.117,106
Nov 12 2015 01: +0,1.046,102
Nov 13 2015 01: +0,1.113,110
Nov 14 2015 01: +0,1.1,137
Nov 15 2015 01: +0,1.122,113
Nov 16 2015 01: +0,1.12,115
Nov 17 2015 01: +0,1.244,80
Nov 18 2015 01: +0,1.134,89
Nov 19 2015 01: +0,1.137,87
Nov 20 2015 01: +0,1.049,107
Nov 21 2015 01: +0,1.174,130
Nov 22 2015 01: +0,1.228,104
Nov 23 2015 01: +0,1.147,76
Nov 24 2015 01: +0,1.186,114
Nov 25 2015 01: +0,1.161,98
Nov 26 2015 01: +0,0.975,104
Nov 27 2015 01: +0,0.91,144
Nov 28 2015 01: +0,1.008,134
Nov 29 2015 01: +0,0.946,135
Nov 30 2015 01: +0,1.005,107
Dec 01 2015 01: +0,1.045,108
Dec 02 2015 01: +0,1.111,90
Dec 03 2015 01: +0,0.946,112
Dec 04 2015 01: +0,1.16,127
Dec 05 2015 01: +0,1.322,130
Dec 06 2015 01: +0,1.323,124
Dec 07 2015 01: +0,1.316,102
Dec 08 2015 01: +0,1.345,85
Dec 09 2015 01: +0,0.9,180
Dec 10 2015 01: +0,0.785,138
Dec 11 2015 01: +0,0.832,188
Dec 12 2015 01: +0,1.107,211
Dec 13 2015 01: +0,1.07,149
Dec 14 2015 01: +0,1.027,112
Dec 15 2015 01: +0,1.064,85
Dec 16 2015 01: +0,1.062,98
Dec 17 2015 01: +0,0.976,94
Dec 18 2015 01: +0,1.008,104
Dec 19 2015 01: +0,0.979,129
Dec 20 2015 01: +0,0.943,114
Dec 21 2015 01: +0,0.959,79
Dec 22 2015 01: +0,0.994,93
Dec 23 2015 01: +0,0.77,140
Dec 24 2015 01: +0,0.813,116
Dec 25 2015 01: +0,0.884,137
Dec 26 2015 01: +0,0.887,129
Dec 27 2015 01: +0,0.904,135
Dec 28 2015 01: +0,0.982,121
Dec 29 2015 01: +0,0.892,143
Dec 30 2015 01: +0,0.909,115
Dec 31 2015 01: +0,0.851,116
Jan 01 2016 01: +0,0.863,122
Jan 02 2016 01: +0,0.9,126
Jan 03 2016 01: +0,0.826,139
Jan 04 2016 01: +0,0.882,111
Jan 05 2016 01: +0,0.857,106
Jan 06 2016 01: +0,0.864,102
Jan 07 2016 01: +0,0.934,84
Jan 08 2016 01: +0,0.96,108
Jan 09 2016 01: +0,1.014,138
Jan 10 2016 01: +0,1.021,124
Jan 11 2016 01: +0,1.085,88
Jan 12 2016 01: +0,1.082,74
Jan 13 2016 01: +0,1.134,82
Jan 14 2016 01: +0,1.132,81
Jan 15 2016 01: +0,1.093,96
Jan 16 2016 01: +0,1.14,93
Jan 17 2016 01: +0,1.046,114
Jan 18 2016 01: +0,1.024,81
Jan 19 2016 01: +0,0.999,73
Jan 20 2016 01: +0,0.972,80
Jan 21 2016 01: +0,1.049,82
Jan 22 2016 01: +0,1.125,93
Jan 23 2016 01: +0,1.133,111
Jan 24 2016 01: +0,1.041,118
Jan 25 2016 01: +0,1.018,79
Jan 26 2016 01: +0,1.098,96
Jan 27 2016 01: +0,1.128,104
Jan 28 2016 01: +0,1.092,87
Jan 29 2016 01: +0,1.07,100
Jan 30 2016 01: +0,1.132,106
Jan 31 2016 01: +0,1.065,109
Feb 01 2016 01: +0,1.067,83
Feb 02 2016 01: +0,1.051,85
Feb 03 2016 01: +0,1.076,100
Feb 04 2016 01: +0,1.155,74
Feb 05 2016 01: +0,1.143,96
Feb 06 2016 01: +0,1.048,104
Feb 07 2016 01: +0,0.927,115
Feb 08 2016 01: +0,0.908,95
Feb 09 2016 01: +0,0.961,85
Feb 10 2016 01: +0,0.998,99
Feb 11 2016 01: +0,0.88,74
Feb 12 2016 01: +0,0.986,94
Feb 13 2016 01: +0,1.06,119
Feb 14 2016 01: +0,1.058,91
Feb 15 2016 01: +0,1.112,83
Feb 16 2016 01: +0,1.074,87
Feb 17 2016 01: +0,1.063,89
Feb 18 2016 01: +0,0.936,117
Feb 19 2016 01: +0,0.954,144
Feb 20 2016 01: +0,1.084,143
Feb 21 2016 01: +0,1.062,113
Feb 22 2016 01: +0,1.13,100
Feb 23 2016 01: +0,1.1,106
Feb 24 2016 01: +0,1.058,107
Feb 25 2016 01: +0,1.109,105
Feb 26 2016 01: +0,1.162,117
Feb 27 2016 01: +0,1.166,120
Feb 28 2016 01: +0,1.049,105
Feb 29 2016 01: +0,1.079,84
Mar 01 2016 01: +0,1.064,97
Mar 02 2016 01: +0,1.105,91
Mar 03 2016 01: +0,1.099,99
Mar 04 2016 01: +0,1.131,104
Mar 05 2016 01: +0,1.101,124
Mar 06 2016 01: +0,1.121,112
Mar 07 2016 01: +0,1.124,66
Mar 08 2016 01: +0,1.097,78
Mar 09 2016 01: +0,1.1,72
Mar 10 2016 01: +0,1.188,73
Mar 11 2016 01: +0,1.29,63
Mar 12 2016 01: +0,1.385,56
Mar 13 2016 01: +0,1.38,65
Mar 14 2016 01: +0,1.425,55
Mar 15 2016 01: +0,1.678,45
Mar 16 2016 01: +0,1.518,46
Mar 17 2016 01: +0,1.484,48
Mar 18 2016 01: +0,1.325,50
Mar 19 2016 01: +0,1.325,72
Mar 20 2016 01: +0,1.368,64
Mar 21 2016 01: +0,1.329,46
Mar 22 2016 01: +0,1.302,49
Mar 23 2016 01: +0,1.284,40
Mar 24 2016 01: +0,1.196,56
Mar 25 2016 01: +0,1.202,55
Mar 26 2016 01: +0,1.249,77
Mar 27 2016 01: +0,1.286,61
Mar 28 2016 01: +0,1.271,58
Mar 29 2016 01: +0,1.278,51
Mar 30 2016 01: +0,1.305,57
Mar 31 2016 01: +0,1.292,57
Apr 01 2016 01: +0,1.351,67
Apr 02 2016 01: +0,1.416,76
Apr 03 2016 01: +0,1.28,63
Apr 04 2016 01: +0,1.308,65
Apr 05 2016 01: +0,1.444,39
Apr 06 2016 01: +0,1.459,50
Apr 07 2016 01: +0,1.397,42
Apr 08 2016 01: +0,1.452,61
Apr 09 2016 01: +0,1.547,50
Apr 10 2016 01: +0,1.383,57
Apr 11 2016 01: +0,1.301,58
Apr 12 2016 01: +0,1.311,56
Apr 13 2016 01: +0,1.391,50
Apr 14 2016 01: +0,1.462,60
Apr 15 2016 01: +0,1.445,46
Apr 16 2016 01: +0,1.471,66
Apr 17 2016 01: +0,1.394,69
Apr 18 2016 01: +0,1.402,60
Apr 19 2016 01: +0,1.391,51
Apr 20 2016 01: +0,1.36,48
Apr 21 2016 01: +0,1.366,52
Apr 22 2016 01: +0,1.332,64
Apr 23 2016 01: +0,1.405,45
Apr 24 2016 01: +0,1.367,68
Apr 25 2016 01: +0,1.324,46
Apr 26 2016 01: +0,1.432,46
Apr 27 2016 01: +0,1.307,53
Apr 28 2016 01: +0,1.291,74
Apr 29 2016 01: +0,1.456,57
Apr 30 2016 01: +0,1.505,76
May 01 2016 01: +0,1.465,57
May 02 2016 01: +0,1.55,65
May 03 2016 01: +0,1.422,66
May 04 2016 01: +0,1.524,72
May 05 2016 01: +0,1.678,60
May 06 2016 01: +0,1.804,49
May 07 2016 01: +0,1.644,53
May 08 2016 01: +0,1.434,51
May 09 2016 01: +0,1.429,50
May 10 2016 01: +0,1.504,50
May 11 2016 01: +0,1.484,42
May 12 2016 01: +0,1.408,49
May 13 2016 01: +0,1.358,48
May 14 2016 01: +0,1.363,62
May 15 2016 01: +0,1.37,57
May 16 2016 01: +0,1.403,46
May 17 2016 01: +0,1.368,52
May 18 2016 01: +0,1.211,51
May 19 2016 01: +0,1.152,54
May 20 2016 01: +0,1.166,62
May 21 2016 01: +0,1.215,65
May 22 2016 01: +0,1.177,63
May 23 2016 01: +0,1.324,53
May 24 2016 01: +0,1.353,39
May 25 2016 01: +0,1.41,36
May 26 2016 01: +0,1.363,39
May 27 2016 01: +0,1.277,54
May 28 2016 01: +0,1.248,58
May 29 2016 01: +0,1.235,55
May 30 2016 01: +0,1.336,38
May 31 2016 01: +0,1.25,41
Jun 01 2016 01: +0,1.208,54
Jun 02 2016 01: +0,1.228,39
Jun 03 2016 01: +0,1.218,56
Jun 04 2016 01: +0,1.182,51
Jun 05 2016 01: +0,1.252,57
Jun 06 2016 01: +0,1.135,57
Jun 07 2016 01: +0,1.204,52
Jun 08 2016 01: +0,1.187,49
Jun 09 2016 01: +0,1.171,55
Jun 10 2016 01: +0,1.155,53
Jun 11 2016 01: +0,1.147,50
Jun 12 2016 01: +0,1.179,63
Jun 13 2016 01: +0,1.217,38
Jun 14 2016 01: +0,1.121,39
Jun 15 2016 01: +0,1.276,51
Jun 16 2016 01: +0,1.17,56
Jun 17 2016 01: +0,1.191,54
Jun 18 2016 01: +0,1.335,71
Jun 19 2016 01: +0,1.441,48
Jun 20 2016 01: +0,1.346,52
Jun 21 2016 01: +0,1.251,61
Jun 22 2016 01: +0,1.157,50
Jun 23 2016 01: +0,1.011,52
Jun 24 2016 01: +0,0.893,73
Jun 25 2016 01: +0,0.86,84
Jun 26 2016 01: +0,0.842,86
Jun 27 2016 01: +0,0.931,69
Jun 28 2016 01: +0,0.896,72
Jun 29 2016 01: +0,0.839,64
Jun 30 2016 01: +0,0.957,83
Jul 01 2016 01: +0,0.897,67
Jul 02 2016 01: +0,0.945,62
Jul 03 2016 01: +0,0.897,74
Jul 04 2016 01: +0,0.954,69
Jul 05 2016 01: +0,1.018,56
Jul 06 2016 01: +0,1.14,51
Jul 07 2016 01: +0,1.197,72
Jul 08 2016 01: +0,1.19,63
Jul 09 2016 01: +0,1.269,55
Jul 10 2016 01: +0,1.131,64
Jul 11 2016 01: +0,0.985,54
Jul 12 2016 01: +0,1.28,68
Jul 13 2016 01: +0,1.437,60
Jul 14 2016 01: +0,1.311,50
Jul 15 2016 01: +0,1.324,53
Jul 16 2016 01: +0,1.311,55
Jul 17 2016 01: +0,1.333,53
Jul 18 2016 01: +0,1.442,45
Jul 19 2016 01: +0,1.443,41
Jul 20 2016 01: +0,1.354,52
Jul 21 2016 01: +0,1.283,39
Jul 22 2016 01: +0,1.285,49
Jul 23 2016 01: +0,1.202,51
Jul 24 2016 01: +0,1.191,52
Jul 25 2016 01: +0,1.3,40
Jul 26 2016 01: +0,1.287,44
Jul 27 2016 01: +0,1.224,46
Jul 28 2016 01: +0,1.263,50
Jul 29 2016 01: +0,1.324,56
Jul 30 2016 01: +0,1.233,41
Jul 31 2016 01: +0,1.268,40
Aug 01 2016 01: +0,1.306,52
Aug 02 2016 01: +0,1.343,43
Aug 03 2016 01: +0,1.371,42
Aug 04 2016 01: +0,1.495,30
Aug 05 2016 01: +0,1.391,45
Aug 06 2016 01: +0,1.394,36
Aug 07 2016 01: +0,1.334,40
Aug 08 2016 01: +0,1.308,52
Aug 09 2016 01: +0,1.271,47
Aug 10 2016 01: +0,1.218,50
Aug 11 2016 01: +0,1.105,47
Aug 12 2016 01: +0,1.057,62
Aug 13 2016 01: +0,1.129,59
Aug 14 2016 01: +0,1.23,34
Aug 15 2016 01: +0,1.302,58
Aug 16 2016 01: +0,1.355,31
Aug 17 2016 01: +0,1.362,44
Aug 18 2016 01: +0,1.303,49
Aug 19 2016 01: +0,1.25,68
Aug 20 2016 01: +0,1.388,55
Aug 21 2016 01: +0,1.461,56
Aug 22 2016 01: +0,1.513,58
Aug 23 2016 01: +0,1.383,61
Aug 24 2016 01: +0,1.343,57
Aug 25 2016 01: +0,1.406,48
Aug 26 2016 01: +0,1.404,45
Aug 27 2016 01: +0,1.424,68
Aug 28 2016 01: +0,1.432,44
Aug 29 2016 01: +0,1.363,53
Aug 30 2016 01: +0,1.409,48
Aug 31 2016 01: +0,1.39,60
Sep 01 2016 01: +0,1.411,42
Sep 02 2016 01: +0,1.382,38
Sep 03 2016 01: +0,1.279,57
Sep 04 2016 01: +0,1.339,53
Sep 05 2016 01: +0,1.412,43
Sep 06 2016 01: +0,1.567,34
Sep 07 2016 01: +0,1.439,34
Sep 08 2016 01: +0,1.512,30
Sep 09 2016 01: +0,1.445,31
Sep 10 2016 01: +0,1.345,47
Sep 11 2016 01: +0,1.318,45
Sep 12 2016 01: +0,1.29,45
Sep 13 2016 01: +0,1.324,34
Sep 14 2016 01: +0,1.348,32
Sep 15 2016 01: +0,1.359,44
Sep 16 2016 01: +0,1.353,48
Sep 17 2016 01: +0,1.401,57
Sep 18 2016 01: +0,1.41,57
Sep 19 2016 01: +0,1.371,40
Sep 20 2016 01: +0,1.403,29
Sep 21 2016 01: +0,1.436,31
Sep 22 2016 01: +0,1.537,33
Sep 23 2016 01: +0,1.529,43
Sep 24 2016 01: +0,1.438,53
Sep 25 2016 01: +0,1.49,41
Sep 26 2016 01: +0,1.501,34
Sep 27 2016 01: +0,1.591,29
Sep 28 2016 01: +0,1.567,32
Sep 29 2016 01: +0,1.702,17
Sep 30 2016 01: +0,1.429,36
Oct 01 2016 01: +0,1.442,49
Oct 02 2016 01: +0,1.456,44
Oct 03 2016 01: +0,1.321,28
Oct 04 2016 01: +0,1.429,28
Oct 05 2016 01: +0,1.479,28
Oct 06 2016 01: +0,1.507,33
Oct 07 2016 01: +0,1.392,56
Oct 08 2016 01: +0,1.374,55
Oct 09 2016 01: +0,1.378,41
Oct 10 2016 01: +0,1.516,27
Oct 11 2016 01: +0,1.588,29
Oct 12 2016 01: +0,1.509,24
Oct 13 2016 01: +0,1.534,34
Oct 14 2016 01: +0,1.391,33
Oct 15 2016 01: +0,1.369,36
Oct 16 2016 01: +0,1.367,43
Oct 17 2016 01: +0,1.363,28
Oct 18 2016 01: +0,1.284,24
Oct 19 2016 01: +0,1.282,26
Oct 20 2016 01: +0,1.279,36
Oct 21 2016 01: +0,1.268,41
Oct 22 2016 01: +0,1.331,48
Oct 23 2016 01: +0,1.293,31
Oct 24 2016 01: +0,1.37,30
Oct 25 2016 01: +0,1.316,24
Oct 26 2016 01: +0,1.231,42
Oct 27 2016 01: +0,1.273,26
Oct 28 2016 01: +0,1.279,34
Oct 29 2016 01: +0,1.228,47
Oct 30 2016 01: +0,1.24,47
Oct 31 2016 01: +0,1.28,31
Nov 01 2016 01: +0,1.394,36
Nov 02 2016 01: +0,1.4,36
Nov 03 2016 01: +0,1.641,15
Nov 04 2016 01: +0,1.51,34
Nov 05 2016 01: +0,1.578,40
Nov 06 2016 01: +0,1.608,31
Nov 07 2016 01: +0,1.675,28
Nov 08 2016 01: +0,1.599,21
Nov 09 2016 01: +0,1.533,34
Nov 10 2016 01: +0,1.553,32
Nov 11 2016 01: +0,1.633,29
Nov 12 2016 01: +0,1.633,37
Nov 13 2016 01: +0,1.559,40
Nov 14 2016 01: +0,1.462,36
Nov 15 2016 01: +0,1.544,34
Nov 16 2016 01: +0,1.913,28
Nov 17 2016 01: +0,1.64,24
Nov 18 2016 01: +0,1.684,26
Nov 19 2016 01: +0,1.707,37
Nov 20 2016 01: +0,1.563,29
Nov 21 2016 01: +0,1.372,31
Nov 22 2016 01: +0,1.34,35
Nov 23 2016 01: +0,1.373,36
Nov 24 2016 01: +0,1.338,39
Nov 25 2016 01: +0,1.464,33
Nov 26 2016 01: +0,1.341,30
Nov 27 2016 01: +0,1.365,37
Nov 28 2016 01: +0,1.436,21
Nov 29 2016 01: +0,1.372,28
Nov 30 2016 01: +0,1.413,39
Dec 01 2016 01: +0,1.507,39
Dec 02 2016 01: +0,1.535,41
Dec 03 2016 01: +0,1.762,47
Dec 04 2016 01: +0,1.822,28
Dec 05 2016 01: +0,1.643,36
Dec 06 2016 01: +0,1.653,35
Dec 07 2016 01: +0,1.534,34
Dec 08 2016 01: +0,1.64,37
Dec 09 2016 01: +0,1.719,32
Dec 10 2016 01: +0,1.815,32
Dec 11 2016 01: +0,1.672,26
Dec 12 2016 01: +0,1.712,30
Dec 13 2016 01: +0,1.538,29
Dec 14 2016 01: +0,1.643,28
Dec 15 2016 01: +0,1.568,35
Dec 16 2016 01: +0,1.503,42
Dec 17 2016 01: +0,1.523,34
Dec 18 2016 01: +0,1.492,27
Dec 19 2016 01: +0,1.477,38
Dec 20 2016 01: +0,1.396,35
Dec 21 2016 01: +0,1.457,28
Dec 22 2016 01: +0,1.845,25
Dec 23 2016 01: +0,1.361,49
Dec 24 2016 01: +0,1.457,53
Dec 25 2016 01: +0,1.573,60
Dec 26 2016 01: +0,1.723,57
Dec 27 2016 01: +0,1.584,55
Dec 28 2016 01: +0,1.716,58
Dec 29 2016 01: +0,1.721,48
Dec 30 2016 01: +0,1.668,37
Dec 31 2016 01: +0,1.701,35
Jan 01 2017 01: +0,1.654,32
Jan 02 2017 01: +0,1.614,45
Jan 03 2017 01: +0,1.782,31
Jan 04 2017 01: +0,1.671,30
Jan 05 2017 01: +0,1.679,35
Jan 06 2017 01: +0,1.808,34
Jan 07 2017 01: +0,1.755,49
Jan 08 2017 01: +0,1.883,44
Jan 09 2017 01: +0,1.937,37
Jan 10 2017 01: +0,1.89,32
Jan 11 2017 01: +0,1.856,29
Jan 12 2017 01: +0,1.769,33
Jan 13 2017 01: +0,1.913,43
Jan 14 2017 01: +0,1.977,45
Jan 15 2017 01: +0,1.86,36
Jan 16 2017 01: +0,1.988,29
Jan 17 2017 01: +0,1.907,34
Jan 18 2017 01: +0,1.917,26
Jan 19 2017 01: +0,1.92,22
Jan 20 2017 01: +0,1.847,31
Jan 21 2017 01: +0,1.928,43
Jan 22 2017 01: +0,1.959,37
Jan 23 2017 01: +0,1.98,33
Jan 24 2017 01: +0,1.939,32
Jan 25 2017 01: +0,2.019,33
Jan 26 2017 01: +0,2.027,36
Jan 27 2017 01: +0,2.013,30
Jan 28 2017 01: +0,2.078,48
Jan 29 2017 01: +0,1.934,48
Jan 30 2017 01: +0,1.977,36
Jan 31 2017 01: +0,2.225,31
Feb 01 2017 01: +0,2.068,41
Feb 02 2017 01: +0,1.971,28
Feb 03 2017 01: +0,1.98,38
Feb 04 2017 01: +0,2.034,51
Feb 05 2017 01: +0,2.094,33
Feb 06 2017 01: +0,2.063,31
Feb 07 2017 01: +0,2.386,32
Feb 08 2017 01: +0,2.114,39
Feb 09 2017 01: +0,2.144,29
Feb 10 2017 01: +0,2.171,43
Feb 11 2017 01: +0,2.284,41
Feb 12 2017 01: +0,2.247,33
Feb 13 2017 01: +0,2.058,32
Feb 14 2017 01: +0,2.081,35
Feb 15 2017 01: +0,2.007,33
Feb 16 2017 01: +0,2.029,24
Feb 17 2017 01: +0,2.014,34
Feb 18 2017 01: +0,2.064,49
Feb 19 2017 01: +0,2.163,35
Feb 20 2017 01: +0,1.978,22
Feb 21 2017 01: +0,2.105,22
Feb 22 2017 01: +0,2.06,26
Feb 23 2017 01: +0,1.988,27
Feb 24 2017 01: +0,2.019,41
Feb 25 2017 01: +0,2.078,51
Feb 26 2017 01: +0,2.179,34
Feb 27 2017 01: +0,2.126,37
Feb 28 2017 01: +0,2.052,37
Mar 01 2017 01: +0,2.193,41
Mar 02 2017 01: +0,2.317,23
Mar 03 2017 01: +0,2.241,39
Mar 04 2017 01: +0,2.384,44
Mar 05 2017 01: +0,2.363,26
Mar 06 2017 01: +0,2.124,27
Mar 07 2017 01: +0,2.143,31
Mar 08 2017 01: +0,2.246,20
Mar 09 2017 01: +0,2.259,21
Mar 10 2017 01: +0,2.392,23
Mar 11 2017 01: +0,2.367,34
Mar 12 2017 01: +0,2.378,23
Mar 13 2017 01: +0,2.27,23
Mar 14 2017 01: +0,2.67,20
Mar 15 2017 01: +0,2.311,20
Mar 16 2017 01: +0,2.287,38
Mar 17 2017 01: +0,2.293,32
Mar 18 2017 01: +0,2.284,38
Mar 19 2017 01: +0,2.036,36
Mar 20 2017 01: +0,1.887,39
Mar 21 2017 01: +0,2.194,37
Mar 22 2017 01: +0,2.465,18
Mar 23 2017 01: +0,2.445,35
Mar 24 2017 01: +0,2.477,41
Mar 25 2017 01: +0,2.602,39
Mar 26 2017 01: +0,2.328,32
Mar 27 2017 01: +0,2.143,33
Mar 28 2017 01: +0,2.245,25
Mar 29 2017 01: +0,2.233,18
Mar 30 2017 01: +0,2.128,26
Mar 31 2017 01: +0,2.022,30
Apr 01 2017 01: +0,1.968,43
Apr 02 2017 01: +0,2.16,38
Apr 03 2017 01: +0,2.156,13
Apr 04 2017 01: +0,1.996,17
Apr 05 2017 01: +0,1.915,30
Apr 06 2017 01: +0,1.98,28
Apr 07 2017 01: +0,1.96,23
Apr 08 2017 01: +0,2.128,24
Apr 09 2017 01: +0,2.008,23
Apr 10 2017 01: +0,1.854,30
Apr 11 2017 01: +0,1.867,41
Apr 12 2017 01: +0,1.948,28
Apr 13 2017 01: +0,1.842,30
Apr 14 2017 01: +0,1.822,25
Apr 15 2017 01: +0,1.839,30
Apr 16 2017 01: +0,1.993,31
Apr 17 2017 01: +0,1.86,30
Apr 18 2017 01: +0,1.923,20
Apr 19 2017 01: +0,1.877,22
Apr 20 2017 01: +0,1.912,25
Apr 21 2017 01: +0,1.981,26
Apr 22 2017 01: +0,1.817,28
Apr 23 2017 01: +0,1.79,26
Apr 24 2017 01: +0,1.887,20
Apr 25 2017 01: +0,1.785,23
Apr 26 2017 01: +0,1.749,22
Apr 27 2017 01: +0,1.791,15
Apr 28 2017 01: +0,1.754,18
Apr 29 2017 01: +0,1.801,31
Apr 30 2017 01: +0,1.747,26
May 01 2017 01: +0,1.844,36
May 02 2017 01: +0,1.746,22
May 03 2017 01: +0,1.835,24
May 04 2017 01: +0,1.919,20
May 05 2017 01: +0,1.903,24
May 06 2017 01: +0,1.805,20
May 07 2017 01: +0,1.815,29
May 08 2017 01: +0,1.868,29
May 09 2017 01: +0,1.884,30
May 10 2017 01: +0,2.063,26
May 11 2017 01: +0,1.881,23
May 12 2017 01: +0,1.852,32
May 13 2017 01: +0,1.99,31
May 14 2017 01: +0,2.226,29
May 15 2017 01: +0,2.058,25
May 16 2017 01: +0,2.029,22
May 17 2017 01: +0,2.038,28
May 18 2017 01: +0,2.197,16
May 19 2017 01: +0,2.169,28
May 20 2017 01: +0,2.144,30
May 21 2017 01: +0,2.244,29
May 22 2017 01: +0,2.422,17
May 23 2017 01: +0,2.184,22
May 24 2017 01: +0,1.844,50
May 25 2017 01: +0,1.842,26
May 26 2017 01: +0,2.127,23
May 27 2017 01: +0,2.035,24
May 28 2017 01: +0,2.007,41
May 29 2017 01: +0,2.009,26
May 30 2017 01: +0,2.092,30
May 31 2017 01: +0,2.064,15
Jun 01 2017 01: +0,1.917,24
Jun 02 2017 01: +0,2.072,24
Jun 03 2017 01: +0,2.159,30
Jun 04 2017 01: +0,2.411,29
Jun 05 2017 01: +0,2.225,23
Jun 06 2017 01: +0,2.102,16
Jun 07 2017 01: +0,2.09,22
Jun 08 2017 01: +0,2.089,23
Jun 09 2017 01: +0,1.99,25
Jun 10 2017 01: +0,2.14,26
Jun 11 2017 01: +0,2.037,23
Jun 12 2017 01: +0,1.967,21
Jun 13 2017 01: +0,1.903,24
Jun 14 2017 01: +0,1.998,16
Jun 15 2017 01: +0,1.814,17
Jun 16 2017 01: +0,1.81,27
Jun 17 2017 01: +0,1.874,19
Jun 18 2017 01: +0,1.918,23
Jun 19 2017 01: +0,1.884,26
Jun 20 2017 01: +0,1.921,23
Jun 21 2017 01: +0,1.937,20
Jun 22 2017 01: +0,2.038,21
Jun 23 2017 01: +0,1.575,27
Jun 24 2017 01: +0,1.878,23
Jun 25 2017 01: +0,1.523,26
Jun 26 2017 01: +0,1.687,33
Jun 27 2017 01: +0,1.779,27
Jun 28 2017 01: +0,1.811,25
Jun 29 2017 01: +0,1.912,16
Jun 30 2017 01: +0,1.952,29
Jul 01 2017 01: +0,1.97,29
Jul 02 2017 01: +0,1.942,25
Jul 03 2017 01: +0,1.951,37
Jul 04 2017 01: +0,1.958,18
Jul 05 2017 01: +0,1.846,26
Jul 06 2017 01: +0,2.062,16
Jul 07 2017 01: +0,2.048,25
Jul 08 2017 01: +0,2.133,25
Jul 09 2017 01: +0,1.888,23
Jul 10 2017 01: +0,1.777,15
Jul 11 2017 01: +0,1.694,27
Jul 12 2017 01: +0,1.759,17
Jul 13 2017 01: +0,1.803,28
Jul 14 2017 01: +0,1.825,18
Jul 15 2017 01: +0,3.157,27
Jul 16 2017 01: +0,1.962,20
Jul 17 2017 01: +0,1.981,23
Jul 18 2017 01: +0,2.066,27
Jul 19 2017 01: +0,2.104,23
Jul 20 2017 01: +0,2.057,24
Jul 21 2017 01: +0,2,31
Jul 22 2017 01: +0,2.258,23
Jul 23 2017 01: +0,2.224,20
Jul 24 2017 01: +0,2.244,16
Jul 25 2017 01: +0,2.383,23
Jul 26 2017 01: +0,2.5,23
Jul 27 2017 01: +0,2.424,16
Jul 28 2017 01: +0,2.487,25
Jul 29 2017 01: +0,2.173,22
Jul 30 2017 01: +0,2.394,25
Jul 31 2017 01: +0,2.494,24
Aug 01 2017 01: +0,2.412,23
Aug 02 2017 01: +0,2.201,25
Aug 03 2017 01: +0,2.417,19
Aug 04 2017 01: +0,2.425,26
Aug 05 2017 01: +0,2.564,24
Aug 06 2017 01: +0,2.396,17
Aug 07 2017 01: +0,2.309,28
Aug 08 2017 01: +0,2.232,13
Aug 09 2017 01: +0,2.168,17
Aug 10 2017 01: +0,2.204,22
Aug 11 2017 01: +0,2.275,17
Aug 12 2017 01: +0,2.291,18
Aug 13 2017 01: +0,2.319,19
Aug 14 2017 01: +0,2.268,21
Aug 15 2017 01: +0,2.408,18
Aug 16 2017 01: +0,2.246,22
Aug 17 2017 01: +0,2.655,20
Aug 18 2017 01: +0,2.217,19
Aug 19 2017 01: +0,2.204,27
Aug 20 2017 01: +0,2.18,24
Aug 21 2017 01: +0,2.186,22
Aug 22 2017 01: +0,2.137,25
Aug 23 2017 01: +0,2.11,24
Aug 24 2017 01: +0,2.17,26
Aug 25 2017 01: +0,2.289,23
Aug 26 2017 01: +0,2.252,24
Aug 27 2017 01: +0,2.292,13
Aug 28 2017 01: +0,2.387,22
Aug 29 2017 01: +0,2.32,16
Aug 30 2017 01: +0,2.178,26
Aug 31 2017 01: +0,2.049,9
Sep 01 2017 01: +0,2.063,23
Sep 02 2017 01: +0,2.189,31
Sep 03 2017 01: +0,2.188,19
Sep 04 2017 01: +0,2.17,21
Sep 05 2017 01: +0,2.246,20
Sep 06 2017 01: +0,2.215,16
Sep 07 2017 01: +0,2.219,19
Sep 08 2017 01: +0,2.297,21
Sep 09 2017 01: +0,2.313,28
Sep 10 2017 01: +0,2.567,25
Sep 11 2017 01: +0,2.608,18
Sep 12 2017 01: +0,2.583,25
Sep 13 2017 01: +0,2.496,15
Sep 14 2017 01: +0,2.375,11
Sep 15 2017 01: +0,2.334,24
Sep 16 2017 01: +0,2.526,37
Sep 17 2017 01: +0,2.83,22
Sep 18 2017 01: +0,2.595,16
Sep 19 2017 01: +0,2.601,13
Sep 20 2017 01: +0,2.51,15
Sep 21 2017 01: +0,2.486,13
Sep 22 2017 01: +0,2.392,19
Sep 23 2017 01: +0,2.353,12
Sep 24 2017 01: +0,2.27,19
Sep 25 2017 01: +0,2.344,18
Sep 26 2017 01: +0,2.431,12
Sep 27 2017 01: +0,2.274,18
Sep 28 2017 01: +0,2.175,22
Sep 29 2017 01: +0,2.362,19
Sep 30 2017 01: +0,2.277,21
Oct 01 2017 01: +0,2.354,24
Oct 02 2017 01: +0,2.27,17
Oct 03 2017 01: +0,2.297,13
Oct 04 2017 01: +0,2.382,9
Oct 05 2017 01: +0,2.32,16
Oct 06 2017 01: +0,2.289,18
Oct 07 2017 01: +0,2.274,23
Oct 08 2017 01: +0,2.223,9
Oct 09 2017 01: +0,2.258,14
Oct 10 2017 01: +0,2.21,14
Oct 11 2017 01: +0,2.293,12
Oct 12 2017 01: +0,2.339,19
Oct 13 2017 01: +0,2.517,19
Oct 14 2017 01: +0,2.432,20
Oct 15 2017 01: +0,2.896,13
Oct 16 2017 01: +0,2.325,18
Oct 17 2017 01: +0,2.666,9
Oct 18 2017 01: +0,2.174,10
Oct 19 2017 01: +0,2.077,7
Oct 20 2017 01: +0,2.192,26
Oct 21 2017 01: +0,2.172,23
Oct 22 2017 01: +0,2.244,19
Oct 23 2017 01: +0,2.158,19
Oct 24 2017 01: +0,2.207,19
Oct 25 2017 01: +0,2.156,15
Oct 26 2017 01: +0,2.146,14
Oct 27 2017 01: +0,2.095,18
Oct 28 2017 01: +0,2.108,21
Oct 29 2017 01: +0,2.109,19
Oct 30 2017 01: +0,2.168,14
Oct 31 2017 01: +0,2.138,23
Nov 01 2017 01: +0,2.07,17
Nov 02 2017 01: +0,2.252,13
Nov 03 2017 01: +0,2.099,22
Nov 04 2017 01: +0,2.165,23
Nov 05 2017 01: +0,2.341,20
Nov 06 2017 01: +0,2.259,17
Nov 07 2017 01: +0,2.197,9
Nov 08 2017 01: +0,2.195,20
Nov 09 2017 01: +0,2.023,13
Nov 10 2017 01: +0,2.193,18
Nov 11 2017 01: +0,2.018,20
Nov 12 2017 01: +0,1.875,16
Nov 13 2017 01: +0,2.208,16
Nov 14 2017 01: +0,2.09,12
Nov 15 2017 01: +0,2.12,18
Nov 16 2017 01: +0,2.048,11
Nov 17 2017 01: +0,2.54,17
Nov 18 2017 01: +0,2.377,22
Nov 19 2017 01: +0,2.38,18
Nov 20 2017 01: +0,2.407,13
Nov 21 2017 01: +0,2.391,12
Nov 22 2017 01: +0,2.514,12
Nov 23 2017 01: +0,2.288,15
Nov 24 2017 01: +0,2.056,25
Nov 25 2017 01: +0,2.15,24
Nov 26 2017 01: +0,1.89,18
Nov 27 2017 01: +0,1.953,16
Nov 28 2017 01: +0,1.937,19
Nov 29 2017 01: +0,2.32,11
Nov 30 2017 01: +0,2.024,17
Dec 01 2017 01: +0,2.184,17
Dec 02 2017 01: +0,2.27,15
Dec 03 2017 01: +0,2.145,15
Dec 04 2017 01: +0,2.259,18
Dec 05 2017 01: +0,2.624,10
Dec 06 2017 01: +0,2.519,15
Dec 07 2017 01: +0,2.605,11
Dec 08 2017 01: +0,2.411,22
Dec 09 2017 01: +0,2.426,19
Dec 10 2017 01: +0,2.432,16
Dec 11 2017 01: +0,2.419,12
Dec 12 2017 01: +0,2.318,25
Dec 13 2017 01: +0,2.523,13
Dec 14 2017 01: +0,2.492,19
Dec 15 2017 01: +0,2.095,16
Dec 16 2017 01: +0,2.688,25
Dec 17 2017 01: +0,2.756,9
Dec 18 2017 01: +0,2.924,15
Dec 19 2017 01: +0,2.805,16
Dec 20 2017 01: +0,2.738,18
Dec 21 2017 01: +0,2.601,12
Dec 22 2017 01: +0,2.872,33
Dec 23 2017 01: +0,3.154,21
Dec 24 2017 01: +0,2.903,25
Dec 25 2017 01: +0,3.091,31
Dec 26 2017 01: +0,3.165,23
Dec 27 2017 01: +0,3.034,24
Dec 28 2017 01: +0,3.185,27
Dec 29 2017 01: +0,3.027,21
Dec 30 2017 01: +0,2.892,30
Dec 31 2017 01: +0,2.836,20
Jan 01 2018 01: +0,2.827,22
Jan 02 2018 01: +0,2.74,37
Jan 03 2018 01: +0,3.011,15
Jan 04 2018 01: +0,2.672,17
Jan 05 2018 01: +0,2.888,26
Jan 06 2018 01: +0,3.029,21
Jan 07 2018 01: +0,3.061,17
Jan 08 2018 01: +0,3.024,21
Jan 09 2018 01: +0,3.041,11
Jan 10 2018 01: +0,3.059,16
Jan 11 2018 01: +0,3.074,16
Jan 12 2018 01: +0,3.123,33
Jan 13 2018 01: +0,3.241,23
Jan 14 2018 01: +0,3.396,23
Jan 15 2018 01: +0,3.209,26
Jan 16 2018 01: +0,3.282,13
Jan 17 2018 01: +0,3.148,20
Jan 18 2018 01: +0,3.01,15
Jan 19 2018 01: +0,2.968,19
Jan 20 2018 01: +0,3.109,27
Jan 21 2018 01: +0,3.239,26
Jan 22 2018 01: +0,3.122,16
Jan 23 2018 01: +0,3.158,11
Jan 24 2018 01: +0,2.991,21
Jan 25 2018 01: +0,2.961,19
Jan 26 2018 01: +0,3.187,19
Jan 27 2018 01: +0,3.32,23
Jan 28 2018 01: +0,3.281,18
Jan 29 2018 01: +0,3.144,19
Jan 30 2018 01: +0,3.156,17
Jan 31 2018 01: +0,3.364,13
Feb 01 2018 01: +0,3.408,20
Feb 02 2018 01: +0,3.542,17
Feb 03 2018 01: +0,3.584,12
Feb 04 2018 01: +0,3.389,21
Feb 05 2018 01: +0,3.41,17
Feb 06 2018 01: +0,3.38,11
Feb 07 2018 01: +0,3.455,17
Feb 08 2018 01: +0,3.419,11
Feb 09 2018 01: +0,3.416,15
Feb 10 2018 01: +0,3.609,16
Feb 11 2018 01: +0,3.58,21
Feb 12 2018 01: +0,3.434,19
Feb 13 2018 01: +0,3.269,15
Feb 14 2018 01: +0,3.402,16
Feb 15 2018 01: +0,3.324,14
Feb 16 2018 01: +0,3.437,29
Feb 17 2018 01: +0,3.387,35
Feb 18 2018 01: +0,3.552,22
Feb 19 2018 01: +0,3.625,26
Feb 20 2018 01: +0,3.549,21
Feb 21 2018 01: +0,3.524,30
Feb 22 2018 01: +0,3.318,20
Feb 23 2018 01: +0,3.498,23
Feb 24 2018 01: +0,3.511,25
Feb 25 2018 01: +0,3.389,21
Feb 26 2018 01: +0,3.494,21
Feb 27 2018 01: +0,3.547,14
Feb 28 2018 01: +0,3.482,14
Feb 28 2018 23: +0,3.27,1
Mar 01 2018 01: +0,3.185,1
Mar 01 2018 02: +0,3.188,1
Mar 01 2018 10: +0,3.23,1
Mar 01 2018 11: +0,3.231,1
Mar 01 2018 12: +0,3.188,1
Mar 01 2018 15: +0,3.335,3
Mar 01 2018 16: +0,3.713,3
Mar 01 2018 17: +0,3.884,1
Mar 01 2018 18: +0,3.31,1
Mar 01 2018 19: +0,3.661,2
Mar 01 2018 21: +0,3.509,2
Mar 01 2018 23: +0,3.092,1
Mar 02 2018 01: +0,3.078,2
Mar 02 2018 11: +0,3.789,1
Mar 02 2018 13: +0,3.784,1
Mar 02 2018 14: +0,3.773,2
Mar 02 2018 15: +0,3.784,2
Mar 02 2018 16: +0,3.784,1
Mar 02 2018 17: +0,3.687,1
Mar 02 2018 18: +0,3.65,1
Mar 02 2018 20: +0,3.777,2
Mar 02 2018 21: +0,3.763,1
Mar 02 2018 22: +0,3.814,1
Mar 03 2018 00: +0,3.765,2
Mar 03 2018 01: +0,2.67,1
Mar 03 2018 02: +0,3.77,1
Mar 03 2018 03: +0,3.71,2
Mar 03 2018 04: +0,3.94,1
Mar 03 2018 05: +0,3.765,1
Mar 03 2018 07: +0,3.774,1
Mar 03 2018 09: +0,4.71,1
Mar 03 2018 12: +0,5.008,1
Mar 03 2018 13: +0,3.744,2
Mar 03 2018 15: +0,3.433,2
Mar 03 2018 16: +0,3.679,1
Mar 03 2018 17: +0,3.727,4
Mar 03 2018 19: +0,3.755,2
Mar 03 2018 21: +0,3.736,1
Mar 03 2018 22: +0,3.76,1
Mar 03 2018 23: +0,5.229,1
Mar 04 2018 01: +0,3.16,1
Mar 04 2018 02: +0,2.241,2
Mar 04 2018 04: +0,3.74,1
Mar 04 2018 10: +0,4.749,2
Mar 04 2018 12: +0,3.008,1
Mar 04 2018 14: +0,3.02,1
Mar 04 2018 15: +0,3.75,1
Mar 04 2018 17: +0,3.18,1
Mar 04 2018 18: +0,3.737,1
Mar 05 2018 00: +0,3.724,2
Mar 05 2018 06: +0,3.65,1
Mar 05 2018 09: +0,3.698,1
Mar 05 2018 12: +0,3.465,2
Mar 05 2018 13: +0,3.42,1
Mar 05 2018 15: +0,3.47,1
Mar 05 2018 17: +0,3.468,1
Mar 05 2018 18: +0,3.427,4
Mar 05 2018 19: +0,2.785,2
Mar 05 2018 21: +0,3.465,1
Mar 05 2018 22: +0,3.466,2
Mar 05 2018 23: +0,3.316,2
Mar 06 2018 00: +0,3.17,1
Mar 06 2018 09: +0,3.007,1
Mar 06 2018 11: +0,3.598,2
Mar 06 2018 12: +0,2.83,1
Mar 06 2018 13: +0,3.007,1
Mar 06 2018 15: +0,3.464,1
Mar 06 2018 16: +0,3.456,2
Mar 06 2018 18: +0,3.393,1
Mar 06 2018 19: +0,3.261,2
Mar 06 2018 21: +0,3.464,2
Mar 07 2018 03: +0,3.165,1
Mar 07 2018 04: +0,3.781,1
Mar 07 2018 05: +0,3.151,1
Mar 07 2018 07: +0,3.23,2
Mar 07 2018 08: +0,3.501,1
Mar 07 2018 09: +0,3.167,1
Mar 07 2018 10: +0,3.423,1
Mar 07 2018 11: +0,3.394,2
Mar 07 2018 17: +0,3.615,1
Mar 07 2018 18: +0,3.595,2
Mar 07 2018 19: +0,3.645,1
Mar 07 2018 21: +0,3.77,1
Mar 07 2018 23: +0,3.169,1
Mar 08 2018 00: +0,3.166,1
Mar 08 2018 02: +0,3.726,1
Mar 08 2018 12: +0,3.661,2
Mar 08 2018 14: +0,3.708,1
Mar 08 2018 15: +0,3.7,3
Mar 08 2018 16: +0,3.274,2
Mar 08 2018 17: +0,3.696,1
Mar 08 2018 21: +0,3.459,2
Mar 08 2018 22: +0,3.333,1
Mar 08 2018 23: +0,2.949,2
Mar 09 2018 01: +0,3.118,2
Mar 09 2018 02: +0,3.17,1
Mar 09 2018 06: +0,3.599,1
Mar 09 2018 07: +0,2.67,1
Mar 09 2018 10: +0,3.586,1
Mar 09 2018 12: +0,3.682,2
Mar 09 2018 13: +0,3.413,1
Mar 09 2018 14: +0,3.426,1
Mar 09 2018 16: +0,3.588,1
Mar 09 2018 17: +0,3.587,1
Mar 09 2018 18: +0,3.587,3
Mar 09 2018 19: +0,3.544,2
Mar 09 2018 21: +0,3.772,1
Mar 09 2018 23: +0,3.594,2
Mar 10 2018 01: +0,3.603,1
Mar 10 2018 07: +0,2.462,1
Mar 10 2018 09: +0,2.878,2
Mar 10 2018 10: +0,3.562,2
Mar 10 2018 11: +0,3.674,1
Mar 10 2018 12: +0,3.674,3
Mar 10 2018 13: +0,3.571,4
Mar 10 2018 14: +0,3.762,2
Mar 10 2018 16: +0,3.711,2
Mar 10 2018 18: +0,3.1,1
Mar 10 2018 20: +0,3.13,1
Mar 10 2018 22: +0,3.252,1
Mar 11 2018 01: +0,3.17,1
Mar 11 2018 08: +0,3.312,1
Mar 11 2018 09: +0,3.32,1
Mar 11 2018 10: +0,3.54,1
Mar 11 2018 13: +0,3.07,1
Mar 11 2018 14: +0,3.07,1
Mar 11 2018 15: +0,3.077,2
Mar 11 2018 17: +0,3.02,1
Mar 11 2018 18: +0,3.119,1
Mar 11 2018 19: +0,3.072,1
Mar 11 2018 20: +0,3.092,1
Mar 11 2018 23: +0,3.403,1
Mar 12 2018 00: +0,3.403,1
Mar 12 2018 02: +0,3.601,1
Mar 12 2018 04: +0,3.571,1
Mar 12 2018 09: +0,3.669,1
Mar 12 2018 12: +0,3.712,1
Mar 12 2018 14: +0,3.726,2
Mar 12 2018 16: +0,3.739,2
Mar 12 2018 18: +0,3.651,2
Mar 12 2018 20: +0,3.711,1
Mar 12 2018 21: +0,2.26,1
Mar 13 2018 10: +0,3.64,1
Mar 13 2018 14: +0,3.703,2
Mar 13 2018 15: +0,3.711,3
Mar 13 2018 19: +0,3.456,2
Mar 13 2018 20: +0,3.611,1
Mar 13 2018 21: +0,3.767,1
Mar 14 2018 02: +0,3.1,1
Mar 14 2018 03: +0,3.237,1
Mar 14 2018 05: +0,3.18,1
Mar 14 2018 15: +0,3.465,1
Mar 14 2018 16: +0,3.508,2
Mar 14 2018 17: +0,3.496,1
Mar 14 2018 20: +0,3.593,4
Mar 14 2018 21: +0,3.432,2
Mar 15 2018 01: +0,3.63,1
Mar 15 2018 07: +0,3.391,2
Mar 15 2018 13: +0,3.16,1
Mar 15 2018 16: +0,3.348,1
Mar 15 2018 19: +0,3.521,1
Mar 15 2018 20: +0,3.526,2
Mar 16 2018 02: +0,3.25,1
Mar 16 2018 07: +0,3.774,1
Mar 16 2018 10: +0,3.507,2
Mar 16 2018 11: +0,3.623,1
Mar 16 2018 13: +0,3.632,2
Mar 16 2018 14: +0,3.687,1
Mar 16 2018 15: +0,3.73,3
Mar 16 2018 16: +0,3.775,1
Mar 16 2018 17: +0,3.087,2
Mar 16 2018 18: +0,4.081,1
Mar 16 2018 22: +0,3.187,3
Mar 16 2018 23: +0,3.574,1
Mar 17 2018 04: +0,2.3,1
Mar 17 2018 05: +0,3.07,1
Mar 17 2018 08: +0,3.69,1
Mar 17 2018 11: +0,3.467,3
Mar 17 2018 12: +0,3.02,1
Mar 17 2018 13: +0,3.698,1
Mar 17 2018 15: +0,3.691,1
Mar 17 2018 16: +0,3.759,1
Mar 17 2018 17: +0,3.71,1
Mar 17 2018 19: +0,3.717,3
Mar 17 2018 21: +0,3.538,1
Mar 17 2018 23: +0,3.759,2
Mar 18 2018 00: +0,3.16,1
Mar 18 2018 01: +0,3.771,1
Mar 18 2018 03: +0,2.87,1
Mar 18 2018 06: +0,3.714,1
Mar 18 2018 13: +0,3.366,1
Mar 18 2018 16: +0,3.479,1
Mar 18 2018 17: +0,3.262,2
Mar 18 2018 20: +0,3.318,2
Mar 18 2018 21: +0,3.293,2
Mar 18 2018 22: +0,3.372,2
Mar 18 2018 23: +0,2.82,1
Mar 19 2018 03: +0,3.219,1
Mar 19 2018 06: +0,3.08,1
Mar 19 2018 08: +0,3.266,1
Mar 19 2018 09: +0,3.519,1
Mar 19 2018 12: +0,3.526,1
Mar 19 2018 13: +0,3.538,3
Mar 19 2018 14: +0,3.572,1
Mar 19 2018 15: +0,2.91,1
Mar 19 2018 16: +0,3.599,1
Mar 19 2018 18: +0,3.452,1
Mar 19 2018 19: +0,3.54,1
Mar 19 2018 21: +0,3.41,1
Mar 19 2018 23: +0,3.505,1
Mar 20 2018 09: +0,4.31,1
Mar 20 2018 14: +0,3.202,2
Mar 20 2018 15: +0,3.567,2
Mar 20 2018 16: +0,3.574,1
Mar 20 2018 18: +0,3.908,2
Mar 20 2018 19: +0,3.08,3
Mar 20 2018 20: +0,4.564,1
Mar 20 2018 21: +0,3.533,1
Mar 21 2018 01: +0,3.456,1
Mar 21 2018 08: +0,3.46,1
Mar 21 2018 12: +0,3.45,1
Mar 21 2018 14: +0,3.459,1
Mar 21 2018 17: +0,3.453,1
Mar 21 2018 18: +0,3.422,3
Mar 21 2018 19: +0,3.46,1
Mar 21 2018 20: +0,2.5,1
Mar 21 2018 21: +0,3.05,1
Mar 22 2018 02: +0,2.99,1
Mar 22 2018 08: +0,3.069,1
Mar 22 2018 11: +0,3.8,2
Mar 22 2018 14: +0,2.803,2
Mar 22 2018 15: +0,3.091,3
Mar 22 2018 16: +0,2.96,1
Mar 22 2018 17: +0,3.071,1
Mar 22 2018 19: +0,3.032,1
Mar 22 2018 20: +0,3.218,2
Mar 22 2018 21: +0,3.04,1
Mar 22 2018 23: +0,3.112,1
Mar 23 2018 00: +0,3.092,1
Mar 23 2018 01: +0,3.37,1
Mar 23 2018 06: +0,2.81,1
Mar 23 2018 12: +0,3.217,1
Mar 23 2018 13: +0,2.47,1
Mar 23 2018 16: +0,3.208,1
Mar 23 2018 17: +0,3.456,1
Mar 23 2018 18: +0,3.181,3
Mar 23 2018 20: +0,3.437,1
Mar 23 2018 21: +0,3.352,1
Mar 23 2018 22: +0,3.28,1
Mar 23 2018 23: +0,2.83,1
Mar 24 2018 04: +0,3.312,1
Mar 24 2018 10: +0,3.19,1
Mar 24 2018 12: +0,3.192,1
Mar 24 2018 16: +0,3.279,1
Mar 24 2018 17: +0,3.307,3
Mar 24 2018 19: +0,2.99,1
Mar 24 2018 20: +0,3.149,2
Mar 24 2018 23: +0,2.955,2
Mar 25 2018 07: +0,2.838,2
Mar 25 2018 10: +0,2.85,3
Mar 25 2018 11: +0,2.916,1
Mar 25 2018 15: +0,2.877,1
Mar 25 2018 16: +0,2.902,2
Mar 25 2018 17: +0,2.988,2
Mar 25 2018 20: +0,2.983,1
Mar 25 2018 21: +0,2.909,1
Mar 26 2018 03: +0,2.737,2
Mar 26 2018 06: +0,2.847,2
Mar 26 2018 10: +0,2.944,2
Mar 26 2018 11: +0,2.72,1
Mar 26 2018 12: +0,3.095,1
Mar 26 2018 13: +0,3.104,1
Mar 26 2018 15: +0,2.82,2
Mar 26 2018 16: +0,3.007,1
Mar 26 2018 17: +0,3.07,1
Mar 26 2018 18: +0,3.081,1
Mar 26 2018 19: +0,3.175,2
Mar 26 2018 20: +0,2.53,1
Mar 27 2018 04: +0,3.438,1
Mar 27 2018 05: +0,3.105,1
Mar 27 2018 06: +0,3.17,2
Mar 27 2018 08: +0,3.146,1
Mar 27 2018 09: +0,3.18,1
Mar 27 2018 10: +0,2.873,2
Mar 27 2018 11: +0,3.26,1
Mar 27 2018 12: +0,3.181,1
Mar 27 2018 13: +0,2.57,1
Mar 27 2018 15: +0,3.04,1
Mar 27 2018 16: +0,3.185,1
Mar 27 2018 17: +0,2.58,1
Mar 27 2018 18: +0,3.19,1
Mar 27 2018 20: +0,2.769,2
Mar 27 2018 21: +0,2.993,2
Mar 28 2018 06: +0,3.116,1
Mar 28 2018 11: +0,3.032,1
Mar 28 2018 12: +0,3.03,1
Mar 28 2018 13: +0,3.179,1
Mar 28 2018 14: +0,2.973,3
Mar 28 2018 15: +0,3.038,1
Mar 28 2018 16: +0,2.715,2
Mar 28 2018 17: +0,3.117,1
Mar 28 2018 18: +0,3.106,2
Mar 28 2018 19: +0,3.117,2
Mar 28 2018 22: +0,2.819,2
Mar 29 2018 03: +0,2.876,1
Mar 29 2018 10: +0,2.6,1
Mar 29 2018 11: +0,2.876,1
Mar 29 2018 12: +0,2.99,1
Mar 29 2018 15: +0,3.46,2
Mar 29 2018 16: +0,2.999,1
Mar 29 2018 17: +0,3.024,1
Mar 29 2018 18: +0,3.032,1
Mar 29 2018 19: +0,3.08,1
Mar 29 2018 23: +0,2.835,1
Mar 30 2018 00: +0,2.879,2
Mar 30 2018 08: +0,2.714,1
Mar 30 2018 10: +0,2.99,1
Mar 30 2018 13: +0,2.507,2
Mar 30 2018 14: +0,2.759,3
Mar 30 2018 16: +0,2.986,4
Mar 30 2018 17: +0,2.995,1
