Aug 15 2013 01: +0,0.673,29
Aug 16 2013 01: +0,0.372,68
Aug 17 2013 01: +0,0.29,64
Aug 18 2013 01: +0,0.246,71
Aug 19 2013 01: +0,0.226,67
Aug 20 2013 01: +0,0.175,74
Aug 21 2013 01: +0,0.191,57
Aug 22 2013 01: +0,0.139,85
Aug 23 2013 01: +0,0.112,92
Aug 24 2013 01: +0,0.1,121
Aug 25 2013 01: +0,0.094,90
Aug 26 2013 01: +0,0.091,87
Aug 27 2013 01: +0,0.094,86
Aug 28 2013 01: +0,0.097,87
Aug 29 2013 01: +0,0.088,80
Aug 30 2013 01: +0,0.066,105
Aug 31 2013 01: +0,0.075,115
Sep 01 2013 01: +0,0.068,105
Sep 02 2013 01: +0,0.075,106
Sep 03 2013 01: +0,0.064,91
Sep 04 2013 01: +0,0.065,60
Sep 05 2013 01: +0,0.055,68
Sep 06 2013 01: +0,0.064,85
Sep 07 2013 01: +0,0.058,116
Sep 08 2013 01: +0,0.057,112
Sep 09 2013 01: +0,0.048,71
Sep 10 2013 01: +0,0.046,71
Sep 11 2013 01: +0,0.051,72
Sep 12 2013 01: +0,0.06,137
Sep 13 2013 01: +0,0.074,315
Sep 14 2013 01: +0,0.064,161
Sep 15 2013 01: +0,0.05,142
Sep 16 2013 01: +0,0.047,120
Sep 17 2013 01: +0,0.039,73
Sep 18 2013 01: +0,0.039,59
Sep 19 2013 01: +0,0.037,90
Sep 20 2013 01: +0,0.117,584
Sep 21 2013 01: +0,0.124,299
Sep 22 2013 01: +0,0.1,252
Sep 23 2013 01: +0,0.088,202
Sep 24 2013 01: +0,0.079,157
Sep 25 2013 01: +0,0.09,212
Sep 26 2013 01: +0,0.093,136
Sep 27 2013 01: +0,0.095,220
Sep 28 2013 01: +0,0.08,239
Sep 29 2013 01: +0,0.076,267
Sep 30 2013 01: +0,0.078,183
Oct 01 2013 01: +0,0.074,209
Oct 02 2013 01: +0,0.071,153
Oct 03 2013 01: +0,0.082,179
Oct 04 2013 01: +0,0.068,170
Oct 05 2013 01: +0,0.066,164
Oct 06 2013 01: +0,0.065,238
Oct 07 2013 01: +0,0.071,163
Oct 08 2013 01: +0,0.062,162
Oct 09 2013 01: +0,0.067,143
Oct 10 2013 01: +0,0.068,140
Oct 11 2013 01: +0,0.064,168
Oct 12 2013 01: +0,0.059,187
Oct 13 2013 01: +0,0.061,207
Oct 14 2013 01: +0,0.063,226
Oct 15 2013 01: +0,0.059,161
Oct 16 2013 01: +0,0.056,194
Oct 17 2013 01: +0,0.055,134
Oct 18 2013 01: +0,0.055,163
Oct 19 2013 01: +0,0.059,243
Oct 20 2013 01: +0,0.055,219
Oct 21 2013 01: +0,0.052,183
Oct 22 2013 01: +0,0.048,151
Oct 23 2013 01: +0,0.051,158
Oct 24 2013 01: +0,0.047,174
Oct 25 2013 01: +0,0.049,167
Oct 26 2013 01: +0,0.047,248
Oct 27 2013 01: +0,0.048,233
Oct 28 2013 01: +0,0.052,192
Oct 29 2013 01: +0,0.042,193
Oct 30 2013 01: +0,0.05,217
Oct 31 2013 01: +0,0.041,136
Nov 01 2013 01: +0,0.043,160
Nov 02 2013 01: +0,0.047,151
Nov 03 2013 01: +0,0.048,160
Nov 04 2013 01: +0,0.04,171
Nov 05 2013 01: +0,0.039,204
Nov 06 2013 01: +0,0.043,179
Nov 07 2013 01: +0,0.045,115
Nov 08 2013 01: +0,0.032,168
Nov 09 2013 01: +0,0.035,223
Nov 10 2013 01: +0,0.032,201
Nov 11 2013 01: +0,0.036,167
Nov 12 2013 01: +0,0.036,158
Nov 13 2013 01: +0,0.033,138
Nov 14 2013 01: +0,0.036,129
Nov 15 2013 01: +0,0.034,147
Nov 16 2013 01: +0,0.034,161
Nov 17 2013 01: +0,0.031,233
Nov 18 2013 01: +0,0.03,130
Nov 19 2013 01: +0,0.031,138
Nov 20 2013 01: +0,0.034,112
Nov 21 2013 01: +0,0.03,144
Nov 22 2013 01: +0,0.03,143
Nov 23 2013 01: +0,0.03,185
Nov 24 2013 01: +0,0.031,181
Nov 25 2013 01: +0,0.036,152
Nov 26 2013 01: +0,0.031,101
Nov 27 2013 01: +0,0.036,154
Nov 28 2013 01: +0,0.03,129
Nov 29 2013 01: +0,0.033,186
Nov 30 2013 01: +0,0.033,200
Dec 01 2013 01: +0,0.037,227
Dec 02 2013 01: +0,0.04,118
Dec 03 2013 01: +0,0.039,129
Dec 04 2013 01: +0,0.041,163
Dec 05 2013 01: +0,0.037,122
Dec 06 2013 01: +0,0.042,160
Dec 07 2013 01: +0,0.044,137
Dec 08 2013 01: +0,0.042,167
Dec 09 2013 01: +0,0.045,122
Dec 10 2013 01: +0,0.045,105
Dec 11 2013 01: +0,0.042,84
Dec 12 2013 01: +0,0.032,81
Dec 13 2013 01: +0,0.036,102
Dec 14 2013 01: +0,0.038,117
Dec 15 2013 01: +0,0.042,116
Dec 16 2013 01: +0,0.037,96
Dec 17 2013 01: +0,0.039,87
Dec 18 2013 01: +0,0.045,69
Dec 19 2013 01: +0,0.033,73
Dec 20 2013 01: +0,0.044,127
Dec 21 2013 01: +0,0.044,128
Dec 22 2013 01: +0,0.035,138
Dec 23 2013 01: +0,0.04,98
Dec 24 2013 01: +0,0.091,134
Dec 25 2013 01: +0,0.038,78
Dec 26 2013 01: +0,0.043,129
Dec 27 2013 01: +0,0.038,97
Dec 28 2013 01: +0,0.044,115
Dec 29 2013 01: +0,0.041,109
Dec 30 2013 01: +0,0.05,123
Dec 31 2013 01: +0,0.172,68
Jan 01 2014 01: +0,0.042,76
Jan 02 2014 01: +0,0.042,111
Jan 03 2014 01: +0,0.045,78
Jan 04 2014 01: +0,0.048,106
Jan 05 2014 01: +0,0.049,153
Jan 06 2014 01: +0,0.048,89
Jan 07 2014 01: +0,0.048,111
Jan 08 2014 01: +0,0.041,83
Jan 09 2014 01: +0,0.044,123
Jan 10 2014 01: +0,0.046,97
Jan 11 2014 01: +0,0.047,89
Jan 12 2014 01: +0,0.047,129
Jan 13 2014 01: +0,0.042,88
Jan 14 2014 01: +0,0.047,102
Jan 15 2014 01: +0,0.043,83
Jan 16 2014 01: +0,0.043,97
Jan 17 2014 01: +0,0.049,91
Jan 18 2014 01: +0,0.046,97
Jan 19 2014 01: +0,0.046,115
Jan 20 2014 01: +0,0.046,94
Jan 21 2014 01: +0,0.049,51
Jan 22 2014 01: +0,0.042,75
Jan 23 2014 01: +0,0.048,64
Jan 24 2014 01: +0,0.049,71
Jan 25 2014 01: +0,0.114,103
Jan 26 2014 01: +0,0.044,119
Jan 27 2014 01: +0,0.036,89
Jan 28 2014 01: +0,0.038,89
Jan 29 2014 01: +0,0.045,81
Jan 30 2014 01: +0,0.045,86
Jan 31 2014 01: +0,0.046,75
Feb 01 2014 01: +0,0.042,105
Feb 02 2014 01: +0,0.043,107
Feb 03 2014 01: +0,0.036,69
Feb 04 2014 01: +0,0.04,80
Feb 05 2014 01: +0,0.044,96
Feb 06 2014 01: +0,0.053,71
Feb 07 2014 01: +0,0.04,68
Feb 08 2014 01: +0,0.041,88
Feb 09 2014 01: +0,0.045,119
Feb 10 2014 01: +0,0.041,81
Feb 11 2014 01: +0,0.041,95
Feb 12 2014 01: +0,0.046,84
Feb 13 2014 01: +0,0.039,77
Feb 14 2014 01: +0,0.039,87
Feb 15 2014 01: +0,0.043,129
Feb 16 2014 01: +0,0.034,95
Feb 17 2014 01: +0,0.034,60
Feb 18 2014 01: +0,0.035,61
Feb 19 2014 01: +0,0.034,46
Feb 20 2014 01: +0,0.045,57
Feb 21 2014 01: +0,0.034,69
Feb 22 2014 01: +0,0.038,113
Feb 23 2014 01: +0,0.031,66
Feb 24 2014 01: +0,0.037,88
Feb 25 2014 01: +0,0.039,75
Feb 26 2014 01: +0,0.033,64
Feb 27 2014 01: +0,0.034,49
Feb 28 2014 01: +0,0.037,79
Mar 01 2014 01: +0,0.049,100
Mar 02 2014 01: +0,0.038,78
Mar 03 2014 01: +0,0.05,71
Mar 04 2014 01: +0,0.05,41
Mar 05 2014 01: +0,0.049,72
Mar 06 2014 01: +0,0.039,50
Mar 07 2014 01: +0,0.042,56
Mar 08 2014 01: +0,0.041,64
Mar 09 2014 01: +0,0.036,70
Mar 10 2014 01: +0,0.047,59
Mar 11 2014 01: +0,0.042,72
Mar 12 2014 01: +0,0.045,76
Mar 13 2014 01: +0,0.05,52
Mar 14 2014 01: +0,0.048,70
Mar 15 2014 01: +0,0.038,109
Mar 16 2014 01: +0,0.033,102
Mar 17 2014 01: +0,0.033,95
Mar 18 2014 01: +0,0.041,72
Mar 19 2014 01: +0,0.03,74
Mar 20 2014 01: +0,0.035,100
Mar 21 2014 01: +0,0.043,91
Mar 22 2014 01: +0,0.058,62
Mar 23 2014 01: +0,0.043,84
Mar 24 2014 01: +0,0.042,66
Mar 25 2014 01: +0,0.042,54
Mar 26 2014 01: +0,0.042,78
Mar 27 2014 01: +0,0.039,44
Mar 28 2014 01: +0,0.041,56
Mar 29 2014 01: +0,0.041,93
Mar 30 2014 01: +0,0.041,108
Mar 31 2014 01: +0,0.039,54
Apr 01 2014 01: +0,0.053,50
Apr 02 2014 01: +0,0.032,78
Apr 03 2014 01: +0,0.038,60
Apr 04 2014 01: +0,0.037,71
Apr 05 2014 01: +0,0.045,69
Apr 06 2014 01: +0,0.047,77
Apr 07 2014 01: +0,0.049,83
Apr 08 2014 01: +0,0.046,69
Apr 09 2014 01: +0,0.044,77
Apr 10 2014 01: +0,0.042,54
Apr 11 2014 01: +0,0.048,83
Apr 12 2014 01: +0,0.056,113
Apr 13 2014 01: +0,0.062,104
Apr 14 2014 01: +0,0.057,92
Apr 15 2014 01: +0,0.056,97
Apr 16 2014 01: +0,0.047,68
Apr 17 2014 01: +0,0.049,97
Apr 18 2014 01: +0,0.048,99
Apr 19 2014 01: +0,0.05,70
Apr 20 2014 01: +0,0.055,103
Apr 21 2014 01: +0,0.054,113
Apr 22 2014 01: +0,0.058,70
Apr 23 2014 01: +0,0.058,81
Apr 24 2014 01: +0,0.051,75
Apr 25 2014 01: +0,0.059,97
Apr 26 2014 01: +0,0.059,111
Apr 27 2014 01: +0,0.06,101
Apr 28 2014 01: +0,0.065,90
Apr 29 2014 01: +0,0.06,92
Apr 30 2014 01: +0,0.071,84
May 01 2014 01: +0,0.064,49
May 02 2014 01: +0,0.066,46
May 03 2014 01: +0,0.047,56
May 04 2014 01: +0,0.056,106
May 05 2014 01: +0,0.053,90
May 06 2014 01: +0,0.062,70
May 07 2014 01: +0,0.066,60
May 08 2014 01: +0,0.048,66
May 09 2014 01: +0,0.055,96
May 10 2014 01: +0,0.05,90
May 11 2014 01: +0,0.046,94
May 12 2014 01: +0,0.047,86
May 13 2014 01: +0,0.047,56
May 14 2014 01: +0,0.05,88
May 15 2014 01: +0,0.053,106
May 16 2014 01: +0,0.06,46
May 17 2014 01: +0,0.06,100
May 18 2014 01: +0,0.063,80
May 19 2014 01: +0,0.058,55
May 20 2014 01: +0,0.06,84
May 21 2014 01: +0,0.065,42
May 22 2014 01: +0,0.06,59
May 23 2014 01: +0,0.061,76
May 24 2014 01: +0,0.055,74
May 25 2014 01: +0,0.055,45
May 26 2014 01: +0,0.056,64
May 27 2014 01: +0,0.04,71
May 28 2014 01: +0,0.044,79
May 29 2014 01: +0,0.055,99
May 30 2014 01: +0,0.061,51
May 31 2014 01: +0,0.059,49
Jun 01 2014 01: +0,0.057,57
Jun 02 2014 01: +0,0.061,47
Jun 03 2014 01: +0,0.06,43
Jun 04 2014 01: +0,0.048,51
Jun 05 2014 01: +0,0.051,51
Jun 06 2014 01: +0,0.048,44
Jun 07 2014 01: +0,0.053,59
Jun 08 2014 01: +0,0.057,67
Jun 09 2014 01: +0,0.059,68
Jun 10 2014 01: +0,0.058,54
Jun 11 2014 01: +0,0.052,48
Jun 12 2014 01: +0,0.05,65
Jun 13 2014 01: +0,0.056,80
Jun 14 2014 01: +0,0.058,54
Jun 15 2014 01: +0,0.058,62
Jun 16 2014 01: +0,0.062,50
Jun 17 2014 01: +0,0.053,51
Jun 18 2014 01: +0,0.052,36
Jun 19 2014 01: +0,0.054,67
Jun 20 2014 01: +0,0.041,65
Jun 21 2014 01: +0,0.042,60
Jun 22 2014 01: +0,0.035,71
Jun 23 2014 01: +0,0.03,73
Jun 24 2014 01: +0,0.041,46
Jun 25 2014 01: +0,0.039,34
Jun 26 2014 01: +0,0.043,60
Jun 27 2014 01: +0,0.042,56
Jun 28 2014 01: +0,0.045,103
Jun 29 2014 01: +0,0.042,56
Jun 30 2014 01: +0,0.042,55
Jul 01 2014 01: +0,0.049,67
Jul 02 2014 01: +0,0.03,34
Jul 03 2014 01: +0,0.041,94
Jul 04 2014 01: +0,0.045,45
Jul 05 2014 01: +0,0.047,47
Jul 06 2014 01: +0,0.051,47
Jul 07 2014 01: +0,0.041,29
Jul 08 2014 01: +0,0.048,61
Jul 09 2014 01: +0,0.047,37
Jul 10 2014 01: +0,0.044,39
Jul 11 2014 01: +0,0.045,37
Jul 12 2014 01: +0,0.044,46
Jul 13 2014 01: +0,0.048,35
Jul 14 2014 01: +0,0.053,66
Jul 15 2014 01: +0,0.039,42
Jul 16 2014 01: +0,0.051,30
Jul 17 2014 01: +0,0.043,35
Jul 18 2014 01: +0,0.042,31
Jul 19 2014 01: +0,0.039,27
Jul 20 2014 01: +0,0.041,46
Jul 21 2014 01: +0,0.037,46
Jul 22 2014 01: +0,0.044,40
Jul 23 2014 01: +0,0.04,45
Jul 24 2014 01: +0,0.041,37
Jul 25 2014 01: +0,0.042,38
Jul 26 2014 01: +0,0.038,62
Jul 27 2014 01: +0,0.046,91
Jul 28 2014 01: +0,0.037,52
Jul 29 2014 01: +0,0.044,46
Jul 30 2014 01: +0,0.045,49
Jul 31 2014 01: +0,0.043,40
Aug 01 2014 01: +0,0.041,48
Aug 02 2014 01: +0,0.051,37
Aug 03 2014 01: +0,0.047,36
Aug 04 2014 01: +0,0.042,29
Aug 05 2014 01: +0,0.05,51
Aug 06 2014 01: +0,0.046,53
Aug 07 2014 01: +0,0.049,33
Aug 08 2014 01: +0,0.048,27
Aug 09 2014 01: +0,0.052,49
Aug 10 2014 01: +0,0.043,73
Aug 11 2014 01: +0,0.043,38
Aug 12 2014 01: +0,0.046,44
Aug 13 2014 01: +0,0.054,59
Aug 14 2014 01: +0,0.036,32
Aug 15 2014 01: +0,0.046,59
Aug 16 2014 01: +0,0.044,37
Aug 17 2014 01: +0,0.04,43
Aug 18 2014 01: +0,0.035,73
Aug 19 2014 01: +0,0.048,28
Aug 20 2014 01: +0,0.047,44
Aug 21 2014 01: +0,0.052,57
Aug 22 2014 01: +0,0.049,41
Aug 23 2014 01: +0,0.051,75
Aug 24 2014 01: +0,0.052,66
Aug 25 2014 01: +0,0.058,66
Aug 26 2014 01: +0,0.059,72
Aug 27 2014 01: +0,0.058,49
Aug 28 2014 01: +0,0.063,49
Aug 29 2014 01: +0,0.068,55
Aug 30 2014 01: +0,0.067,51
Aug 31 2014 01: +0,0.06,68
Sep 01 2014 01: +0,0.067,58
Sep 02 2014 01: +0,0.061,34
Sep 03 2014 01: +0,0.071,57
Sep 04 2014 01: +0,0.064,46
Sep 05 2014 01: +0,0.062,33
Sep 06 2014 01: +0,0.072,66
Sep 07 2014 01: +0,0.07,56
Sep 08 2014 01: +0,0.075,40
Sep 09 2014 01: +0,0.067,42
Sep 10 2014 01: +0,0.07,49
Sep 11 2014 01: +0,0.056,27
Sep 12 2014 01: +0,0.063,41
Sep 13 2014 01: +0,0.062,45
Sep 14 2014 01: +0,0.072,47
Sep 15 2014 01: +0,0.07,30
Sep 16 2014 01: +0,0.058,33
Sep 17 2014 01: +0,0.058,28
Sep 18 2014 01: +0,0.067,25
Sep 19 2014 01: +0,0.068,39
Sep 20 2014 01: +0,0.069,46
Sep 21 2014 01: +0,0.067,30
Sep 22 2014 01: +0,0.066,43
Sep 23 2014 01: +0,0.06,19
Sep 24 2014 01: +0,0.07,26
Sep 25 2014 01: +0,0.065,20
Sep 26 2014 01: +0,0.065,46
Sep 27 2014 01: +0,0.061,42
Sep 28 2014 01: +0,0.071,58
Sep 29 2014 01: +0,0.078,48
Sep 30 2014 01: +0,0.069,45
Oct 01 2014 01: +0,0.07,38
Oct 02 2014 01: +0,0.069,42
Oct 03 2014 01: +0,0.071,41
Oct 04 2014 01: +0,0.081,42
Oct 05 2014 01: +0,0.078,43
Oct 06 2014 01: +0,0.086,20
Oct 07 2014 01: +0,0.094,33
Oct 08 2014 01: +0,0.07,24
Oct 09 2014 01: +0,0.078,39
Oct 10 2014 01: +0,0.096,20
Oct 11 2014 01: +0,0.079,37
Oct 12 2014 01: +0,0.073,49
Oct 13 2014 01: +0,0.078,33
Oct 14 2014 01: +0,0.077,22
Oct 15 2014 01: +0,0.084,28
Oct 16 2014 01: +0,0.082,26
Oct 17 2014 01: +0,0.08,29
Oct 18 2014 01: +0,0.077,43
Oct 19 2014 01: +0,0.077,37
Oct 20 2014 01: +0,0.072,31
Oct 21 2014 01: +0,0.083,29
Oct 22 2014 01: +0,0.09,40
Oct 23 2014 01: +0,0.09,21
Oct 24 2014 01: +0,0.091,36
Oct 25 2014 01: +0,0.084,35
Oct 26 2014 01: +0,0.087,24
Oct 27 2014 01: +0,0.083,19
Oct 28 2014 01: +0,0.07,24
Oct 29 2014 01: +0,0.068,34
Oct 30 2014 01: +0,0.072,23
Oct 31 2014 01: +0,0.058,35
Nov 01 2014 01: +0,0.066,32
Nov 02 2014 01: +0,0.081,44
Nov 03 2014 01: +0,0.087,29
Nov 04 2014 01: +0,0.091,25
Nov 05 2014 01: +0,0.077,11
Nov 06 2014 01: +0,0.084,39
Nov 07 2014 01: +0,0.087,37
Nov 08 2014 01: +0,0.086,21
Nov 09 2014 01: +0,0.085,24
Nov 10 2014 01: +0,0.088,24
Nov 11 2014 01: +0,0.095,25
Nov 12 2014 01: +0,0.067,21
Nov 13 2014 01: +0,0.057,35
Nov 14 2014 01: +0,0.058,50
Nov 15 2014 01: +0,0.062,69
Nov 16 2014 01: +0,0.064,67
Nov 17 2014 01: +0,0.067,63
Nov 18 2014 01: +0,0.061,41
Nov 19 2014 01: +0,0.053,54
Nov 20 2014 01: +0,0.048,61
Nov 21 2014 01: +0,0.048,64
Nov 22 2014 01: +0,0.046,85
Nov 23 2014 01: +0,0.041,54
Nov 24 2014 01: +0,0.043,68
Nov 25 2014 01: +0,0.037,36
Nov 26 2014 01: +0,0.033,184
Nov 27 2014 01: +0,0.03,157
Nov 28 2014 01: +0,0.03,172
Nov 29 2014 01: +0,0.041,71
Nov 30 2014 01: +0,0.03,198
Dec 01 2014 01: +0,0.03,149
Dec 02 2014 01: +0,0.03,131
Dec 03 2014 01: +0,0.03,134
Dec 04 2014 01: +0,0.033,127
Dec 05 2014 01: +0,0.03,106
Dec 06 2014 01: +0,0.038,195
Dec 07 2014 01: +0,0.039,128
Dec 08 2014 01: +0,0.04,86
Dec 09 2014 01: +0,0.04,94
Dec 10 2014 01: +0,0.035,145
Dec 11 2014 01: +0,0.04,161
Dec 12 2014 01: +0,0.035,106
Dec 13 2014 01: +0,0.034,157
Dec 14 2014 01: +0,0.039,136
Dec 15 2014 01: +0,0.032,121
Dec 16 2014 01: +0,0.036,116
Dec 17 2014 01: +0,0.038,114
Dec 18 2014 01: +0,0.03,113
Dec 19 2014 01: +0,0.036,125
Dec 20 2014 01: +0,0.03,139
Dec 21 2014 01: +0,0.03,107
Dec 22 2014 01: +0,0.035,125
Dec 23 2014 01: +0,0.042,79
Dec 24 2014 01: +0,0.032,121
Dec 25 2014 01: +0,0.037,98
Dec 26 2014 01: +0,0.039,178
Dec 27 2014 01: +0,0.042,172
Dec 28 2014 01: +0,0.039,119
Dec 29 2014 01: +0,0.035,135
Dec 30 2014 01: +0,0.042,133
Dec 31 2014 01: +0,0.038,119
Jan 01 2015 01: +0,0.04,107
Jan 02 2015 01: +0,0.039,218
Jan 03 2015 01: +0,0.045,212
Jan 04 2015 01: +0,0.042,132
Jan 05 2015 01: +0,0.04,158
Jan 06 2015 01: +0,0.049,114
Jan 07 2015 01: +0,0.05,130
Jan 08 2015 01: +0,0.056,243
Jan 09 2015 01: +0,0.051,150
Jan 10 2015 01: +0,0.045,203
Jan 11 2015 01: +0,0.047,198
Jan 12 2015 01: +0,0.053,166
Jan 13 2015 01: +0,0.041,161
Jan 14 2015 01: +0,0.053,160
Jan 15 2015 01: +0,0.042,166
Jan 16 2015 01: +0,0.04,188
Jan 17 2015 01: +0,0.047,148
Jan 18 2015 01: +0,0.045,217
Jan 19 2015 01: +0,0.048,159
Jan 20 2015 01: +0,0.053,140
Jan 21 2015 01: +0,0.045,153
Jan 22 2015 01: +0,0.049,162
Jan 23 2015 01: +0,0.052,183
Jan 24 2015 01: +0,0.05,203
Jan 25 2015 01: +0,0.047,243
Jan 26 2015 01: +0,0.044,198
Jan 27 2015 01: +0,0.05,164
Jan 28 2015 01: +0,0.049,180
Jan 29 2015 01: +0,0.049,214
Jan 30 2015 01: +0,0.045,191
Jan 31 2015 01: +0,0.05,236
Feb 01 2015 01: +0,0.044,220
Feb 02 2015 01: +0,0.048,180
Feb 03 2015 01: +0,0.052,163
Feb 04 2015 01: +0,0.052,200
Feb 05 2015 01: +0,0.053,171
Feb 06 2015 01: +0,0.047,180
Feb 07 2015 01: +0,0.048,274
Feb 08 2015 01: +0,0.048,272
Feb 09 2015 01: +0,0.051,175
Feb 10 2015 01: +0,0.052,147
Feb 11 2015 01: +0,0.047,199
Feb 12 2015 01: +0,0.042,193
Feb 13 2015 01: +0,0.039,222
Feb 14 2015 01: +0,0.042,284
Feb 15 2015 01: +0,0.039,338
Feb 16 2015 01: +0,0.038,234
Feb 17 2015 01: +0,0.039,241
Feb 18 2015 01: +0,0.043,275
Feb 19 2015 01: +0,0.047,196
Feb 20 2015 01: +0,0.043,227
Feb 21 2015 01: +0,0.042,230
Feb 22 2015 01: +0,0.046,198
Feb 23 2015 01: +0,0.045,214
Feb 24 2015 01: +0,0.05,201
Feb 25 2015 01: +0,0.05,168
Feb 26 2015 01: +0,0.049,169
Feb 27 2015 01: +0,0.043,168
Feb 28 2015 01: +0,0.04,226
Mar 01 2015 01: +0,0.041,269
Mar 02 2015 01: +0,0.047,169
Mar 03 2015 01: +0,0.048,184
Mar 04 2015 01: +0,0.05,117
Mar 05 2015 01: +0,0.041,180
Mar 06 2015 01: +0,0.05,155
Mar 07 2015 01: +0,0.048,229
Mar 08 2015 01: +0,0.049,189
Mar 09 2015 01: +0,2.293,146
Mar 10 2015 01: +0,0.05,123
Mar 11 2015 01: +0,0.041,159
Mar 12 2015 01: +0,0.053,132
Mar 13 2015 01: +0,0.046,162
Mar 14 2015 01: +0,0.046,214
Mar 15 2015 01: +0,0.045,188
Mar 16 2015 01: +0,0.041,139
Mar 17 2015 01: +0,0.054,125
Mar 18 2015 01: +0,0.046,127
Mar 19 2015 01: +0,0.049,155
Mar 20 2015 01: +0,0.049,113
Mar 21 2015 01: +0,0.051,158
Mar 22 2015 01: +0,0.051,126
Mar 23 2015 01: +0,0.053,129
Mar 24 2015 01: +0,0.056,84
Mar 25 2015 01: +0,0.059,119
Mar 26 2015 01: +0,0.051,138
Mar 27 2015 01: +0,0.059,146
Mar 28 2015 01: +0,0.055,150
Mar 29 2015 01: +0,0.055,172
Mar 30 2015 01: +0,0.054,130
Mar 31 2015 01: +0,0.062,139
Apr 01 2015 01: +0,0.063,118
Apr 02 2015 01: +0,0.067,130
Apr 03 2015 01: +0,0.064,136
Apr 04 2015 01: +0,0.069,154
Apr 05 2015 01: +0,0.076,124
Apr 06 2015 01: +0,0.08,105
Apr 07 2015 01: +0,0.079,143
Apr 08 2015 01: +0,0.088,83
Apr 09 2015 01: +0,0.094,111
Apr 10 2015 01: +0,0.088,75
Apr 11 2015 01: +0,0.092,113
Apr 12 2015 01: +0,0.094,83
Apr 13 2015 01: +0,0.094,86
Apr 14 2015 01: +0,0.096,73
Apr 15 2015 01: +0,0.09,61
Apr 16 2015 01: +0,0.086,68
Apr 17 2015 01: +0,0.087,77
Apr 18 2015 01: +0,0.08,84
Apr 19 2015 01: +0,0.082,75
Apr 20 2015 01: +0,0.086,100
Apr 21 2015 01: +0,0.082,77
Apr 22 2015 01: +0,0.079,65
Apr 23 2015 01: +0,0.093,72
Apr 24 2015 01: +0,0.093,88
Apr 25 2015 01: +0,0.092,103
Apr 26 2015 01: +0,0.092,86
Apr 27 2015 01: +0,0.095,64
Apr 28 2015 01: +0,0.094,71
Apr 29 2015 01: +0,0.096,58
Apr 30 2015 01: +0,0.103,56
May 01 2015 01: +0,0.1,71
May 02 2015 01: +0,0.098,81
May 03 2015 01: +0,0.44,82
May 04 2015 01: +0,0.098,65
May 05 2015 01: +0,0.096,76
May 06 2015 01: +0,0.098,51
May 07 2015 01: +0,0.094,57
May 08 2015 01: +0,0.095,60
May 09 2015 01: +0,0.099,77
May 10 2015 01: +0,0.095,82
May 11 2015 01: +0,0.093,58
May 12 2015 01: +0,0.105,47
May 13 2015 01: +0,0.107,58
May 14 2015 01: +0,0.104,63
May 15 2015 01: +0,0.108,58
May 16 2015 01: +0,0.106,62
May 17 2015 01: +0,0.109,67
May 18 2015 01: +0,0.103,46
May 19 2015 01: +0,0.114,50
May 20 2015 01: +0,0.104,49
May 21 2015 01: +0,0.109,65
May 22 2015 01: +0,0.112,69
May 23 2015 01: +0,0.11,98
May 24 2015 01: +0,0.103,77
May 25 2015 01: +0,0.105,62
May 26 2015 01: +0,2.29,87
May 27 2015 01: +0,1.114,42
May 28 2015 01: +0,0.078,113
May 29 2015 01: +0,0.085,62
May 30 2015 01: +0,0.103,67
May 31 2015 01: +0,0.107,63
Jun 01 2015 01: +0,0.197,41
Jun 02 2015 01: +0,0.103,41
Jun 03 2015 01: +0,0.097,53
Jun 04 2015 01: +0,0.107,56
Jun 05 2015 01: +0,0.1,65
Jun 06 2015 01: +0,0.099,52
Jun 07 2015 01: +0,0.094,60
Jun 08 2015 01: +0,0.107,85
Jun 09 2015 01: +0,0.117,33
Jun 10 2015 01: +0,0.118,51
Jun 11 2015 01: +0,0.109,40
Jun 12 2015 01: +0,0.088,52
Jun 13 2015 01: +0,0.081,59
Jun 14 2015 01: +0,0.082,65
Jun 15 2015 01: +0,0.086,33
Jun 16 2015 01: +0,0.07,55
Jun 17 2015 01: +0,0.075,49
Jun 18 2015 01: +0,0.075,43
Jun 19 2015 01: +0,0.074,51
Jun 20 2015 01: +0,0.076,64
Jun 21 2015 01: +0,0.068,51
Jun 22 2015 01: +0,0.112,59
Jun 23 2015 01: +0,0.086,59
Jun 24 2015 01: +0,0.097,78
Jun 25 2015 01: +0,0.112,46
Jun 26 2015 01: +0,0.108,48
Jun 27 2015 01: +0,0.115,51
Jun 28 2015 01: +0,0.122,42
Jun 29 2015 01: +0,0.118,55
Jun 30 2015 01: +0,0.107,44
Jul 01 2015 01: +0,0.107,47
Jul 02 2015 01: +0,0.121,34
Jul 03 2015 01: +0,0.12,38
Jul 04 2015 01: +0,0.112,33
Jul 05 2015 01: +0,0.111,45
Jul 06 2015 01: +0,0.116,48
Jul 07 2015 01: +0,0.124,41
Jul 08 2015 01: +0,0.119,80
Jul 09 2015 01: +0,0.119,57
Jul 10 2015 01: +0,0.147,96
Jul 11 2015 01: +0,0.188,51
Jul 12 2015 01: +0,0.156,47
Jul 13 2015 01: +0,0.168,59
Jul 14 2015 01: +0,0.164,33
Jul 15 2015 01: +0,0.177,28
Jul 16 2015 01: +0,0.17,37
Jul 17 2015 01: +0,0.197,51
Jul 18 2015 01: +0,0.166,37
Jul 19 2015 01: +0,0.15,38
Jul 20 2015 01: +0,0.173,63
Jul 21 2015 01: +0,0.149,28
Jul 22 2015 01: +0,0.156,27
Jul 23 2015 01: +0,0.163,44
Jul 24 2015 01: +0,0.156,43
Jul 25 2015 01: +0,0.161,30
Jul 26 2015 01: +0,0.154,23
Jul 27 2015 01: +0,0.224,42
Jul 28 2015 01: +0,0.163,26
Jul 29 2015 01: +0,0.164,42
Jul 30 2015 01: +0,0.168,30
Jul 31 2015 01: +0,0.156,44
Aug 01 2015 01: +0,0.149,45
Aug 02 2015 01: +0,0.149,26
Aug 03 2015 01: +0,0.147,43
Aug 04 2015 01: +0,0.143,35
Aug 05 2015 01: +0,0.156,41
Aug 06 2015 01: +0,0.14,29
Aug 07 2015 01: +0,0.123,42
Aug 08 2015 01: +0,0.134,64
Aug 09 2015 01: +0,0.143,38
Aug 10 2015 01: +0,0.147,68
Aug 11 2015 01: +0,0.158,27
Aug 12 2015 01: +0,0.15,53
Aug 13 2015 01: +0,0.163,33
Aug 14 2015 01: +0,0.168,23
Aug 15 2015 01: +0,0.16,27
Aug 16 2015 01: +0,0.146,36
Aug 17 2015 01: +0,0.143,28
Aug 18 2015 01: +0,0.147,25
Aug 19 2015 01: +0,0.12,27
Aug 20 2015 01: +0,0.141,62
Aug 21 2015 01: +0,0.142,39
Aug 22 2015 01: +0,0.134,30
Aug 23 2015 01: +0,0.116,52
Aug 24 2015 01: +0,0.11,48
Aug 25 2015 01: +0,0.138,63
Aug 26 2015 01: +0,0.131,48
Aug 27 2015 01: +0,0.147,57
Aug 28 2015 01: +0,0.144,33
Aug 29 2015 01: +0,0.153,39
Aug 30 2015 01: +0,0.149,79
Aug 31 2015 01: +0,0.164,29
Sep 01 2015 01: +0,0.154,39
Sep 02 2015 01: +0,0.179,25
Sep 03 2015 01: +0,0.167,39
Sep 04 2015 01: +0,0.159,18
Sep 05 2015 01: +0,0.153,49
Sep 06 2015 01: +0,0.156,39
Sep 07 2015 01: +0,0.192,35
Sep 08 2015 01: +0,0.189,36
Sep 09 2015 01: +0,0.183,26
Sep 10 2015 01: +0,0.179,27
Sep 11 2015 01: +0,0.213,51
Sep 12 2015 01: +0,0.218,31
Sep 13 2015 01: +0,0.168,25
Sep 14 2015 01: +0,0.179,42
Sep 15 2015 01: +0,0.189,25
Sep 16 2015 01: +0,0.182,38
Sep 17 2015 01: +0,0.189,42
Sep 18 2015 01: +0,0.164,64
Sep 19 2015 01: +0,0.163,33
Sep 20 2015 01: +0,0.156,49
Sep 21 2015 01: +0,0.159,29
Sep 22 2015 01: +0,0.17,38
Sep 23 2015 01: +0,0.193,38
Sep 24 2015 01: +0,0.206,18
Sep 25 2015 01: +0,0.198,34
Sep 26 2015 01: +0,0.241,39
Sep 27 2015 01: +0,0.166,39
Sep 28 2015 01: +0,0.178,33
Sep 29 2015 01: +0,0.166,28
Sep 30 2015 01: +0,0.165,37
Oct 01 2015 01: +0,0.174,30
Oct 02 2015 01: +0,0.211,32
Oct 03 2015 01: +0,0.19,48
Oct 04 2015 01: +0,0.258,48
Oct 05 2015 01: +0,0.207,20
Oct 06 2015 01: +0,0.227,28
Oct 07 2015 01: +0,0.164,24
Oct 08 2015 01: +0,0.195,33
Oct 09 2015 01: +0,0.202,20
Oct 10 2015 01: +0,0.189,43
Oct 11 2015 01: +0,0.251,38
Oct 12 2015 01: +0,0.201,9
Oct 13 2015 01: +0,0.227,26
Oct 14 2015 01: +0,0.233,18
Oct 15 2015 01: +0,0.216,23
Oct 16 2015 01: +0,0.24,17
Oct 17 2015 01: +0,0.216,15
Oct 18 2015 01: +0,0.198,19
Oct 19 2015 01: +0,0.19,18
Oct 20 2015 01: +0,0.177,17
Oct 21 2015 01: +0,0.163,19
Oct 22 2015 01: +0,0.14,25
Oct 23 2015 01: +0,0.159,22
Oct 24 2015 01: +0,0.161,28
Oct 25 2015 01: +0,0.189,40
Oct 26 2015 01: +0,0.17,48
Oct 27 2015 01: +0,0.212,24
Oct 28 2015 01: +0,0.212,27
Oct 29 2015 01: +0,0.164,17
Oct 30 2015 01: +0,0.266,32
Oct 31 2015 01: +0,0.22,19
Nov 01 2015 01: +0,0.219,30
Nov 02 2015 01: +0,0.212,32
Nov 03 2015 01: +0,0.227,16
Nov 04 2015 01: +0,0.241,21
Nov 05 2015 01: +0,0.24,31
Nov 06 2015 01: +0,0.247,14
Nov 07 2015 01: +0,0.257,21
Nov 08 2015 01: +0,0.209,24
Nov 09 2015 01: +0,0.184,23
Nov 10 2015 01: +0,0.179,20
Nov 11 2015 01: +0,0.235,15
Nov 12 2015 01: +0,0.239,36
Nov 13 2015 01: +0,0.215,19
Nov 14 2015 01: +0,0.224,25
Nov 15 2015 01: +0,0.259,25
Nov 16 2015 01: +0,0.246,11
Nov 17 2015 01: +0,0.246,9
Nov 18 2015 01: +0,0.232,19
Nov 19 2015 01: +0,0.23,20
Nov 20 2015 01: +0,0.26,15
Nov 21 2015 01: +0,0.223,25
Nov 22 2015 01: +0,0.206,25
Nov 23 2015 01: +0,0.206,13
Nov 24 2015 01: +0,0.225,29
Nov 25 2015 01: +0,0.212,31
Nov 26 2015 01: +0,0.19,25
Nov 27 2015 01: +0,0.182,24
Nov 28 2015 01: +0,0.167,22
Nov 29 2015 01: +0,0.161,25
Nov 30 2015 01: +0,0.152,22
Dec 01 2015 01: +0,0.137,15
Dec 02 2015 01: +0,0.186,19
Dec 03 2015 01: +0,0.183,24
Dec 04 2015 01: +0,0.187,21
Dec 05 2015 01: +0,0.232,26
Dec 06 2015 01: +0,0.258,28
Dec 07 2015 01: +0,0.216,27
Dec 08 2015 01: +0,0.235,28
Dec 09 2015 01: +0,0.204,24
Dec 10 2015 01: +0,0.227,41
Dec 11 2015 01: +0,0.281,23
Dec 12 2015 01: +0,0.273,40
Dec 13 2015 01: +0,0.248,19
Dec 14 2015 01: +0,0.254,33
Dec 15 2015 01: +0,0.245,17
Dec 16 2015 01: +0,1.123,17
Dec 17 2015 01: +0,0.269,13
Dec 18 2015 01: +0,0.277,20
Dec 19 2015 01: +0,0.253,21
Dec 20 2015 01: +0,0.293,9
Dec 21 2015 01: +0,0.269,15
Dec 22 2015 01: +0,0.228,20
Dec 23 2015 01: +0,0.179,27
Dec 24 2015 01: +0,0.174,22
Dec 25 2015 01: +0,0.196,24
Dec 26 2015 01: +0,0.199,29
Dec 27 2015 01: +0,0.21,56
Dec 28 2015 01: +0,0.256,24
Dec 29 2015 01: +0,0.24,23
Dec 30 2015 01: +0,0.21,28
Dec 31 2015 01: +0,0.237,30
Jan 01 2016 01: +0,0.233,22
Jan 02 2016 01: +0,0.221,31
Jan 03 2016 01: +0,0.211,40
Jan 04 2016 01: +0,0.227,15
Jan 05 2016 01: +0,0.239,14
Jan 06 2016 01: +0,5.448,17
Jan 07 2016 01: +0,0.186,12
Jan 08 2016 01: +0,0.222,32
Jan 09 2016 01: +0,0.276,10
Jan 10 2016 01: +0,0.286,26
Jan 11 2016 01: +0,0.249,14
Jan 12 2016 01: +0,0.248,35
Jan 13 2016 01: +0,0.276,16
Jan 14 2016 01: +0,0.27,10
Jan 15 2016 01: +0,0.289,32
Jan 16 2016 01: +0,0.281,21
Jan 17 2016 01: +0,0.269,20
Jan 18 2016 01: +0,0.291,25
Jan 19 2016 01: +0,0.292,11
Jan 20 2016 01: +0,0.383,22
Jan 21 2016 01: +0,0.359,12
Jan 22 2016 01: +0,0.333,48
Jan 23 2016 01: +0,0.387,19
Jan 24 2016 01: +0,0.385,16
Jan 25 2016 01: +0,0.343,9
Jan 26 2016 01: +0,0.308,14
Jan 27 2016 01: +0,0.318,27
Jan 28 2016 01: +0,0.299,24
Jan 29 2016 01: +0,0.337,18
Jan 30 2016 01: +0,0.296,22
Jan 31 2016 01: +0,0.294,16
Feb 01 2016 01: +0,0.267,17
Feb 02 2016 01: +0,0.255,18
Feb 03 2016 01: +0,0.243,26
Feb 04 2016 01: +0,0.267,24
Feb 05 2016 01: +0,0.303,10
Feb 06 2016 01: +0,0.276,14
Feb 07 2016 01: +0,0.244,21
Feb 08 2016 01: +0,0.258,43
Feb 09 2016 01: +0,0.319,14
Feb 10 2016 01: +0,0.238,18
Feb 11 2016 01: +0,0.237,13
Feb 12 2016 01: +0,0.225,13
Feb 13 2016 01: +0,0.357,17
Feb 14 2016 01: +0,0.265,24
Feb 15 2016 01: +0,0.309,12
Feb 16 2016 01: +0,0.295,13
Feb 17 2016 01: +0,0.309,10
Feb 18 2016 01: +0,0.257,22
Feb 19 2016 01: +0,0.229,19
Feb 20 2016 01: +0,0.212,31
Feb 21 2016 01: +0,0.233,28
Feb 22 2016 01: +0,0.255,14
Feb 23 2016 01: +0,0.236,18
Feb 24 2016 01: +0,0.284,15
Feb 25 2016 01: +0,0.284,29
Feb 26 2016 01: +0,0.275,25
Feb 27 2016 01: +0,0.265,24
Feb 28 2016 01: +0,0.27,7
Feb 29 2016 01: +0,0.312,31
Mar 01 2016 01: +0,0.301,10
Mar 02 2016 01: +0,0.344,12
Mar 03 2016 01: +0,0.292,17
Mar 04 2016 01: +0,0.303,9
Mar 05 2016 01: +0,0.307,15
Mar 06 2016 01: +0,0.312,16
Mar 07 2016 01: +0,0.314,9
Mar 08 2016 01: +0,0.288,23
Mar 09 2016 01: +0,0.293,22
Mar 10 2016 01: +0,0.421,13
Mar 11 2016 01: +0,0.333,12
Mar 12 2016 01: +0,0.36,17
Mar 13 2016 01: +0,0.374,8
Mar 14 2016 01: +0,0.451,7
Mar 15 2016 01: +0,0.453,10
Mar 16 2016 01: +0,0.451,6
Mar 17 2016 01: +0,0.505,11
Mar 18 2016 01: +0,0.553,15
Mar 19 2016 01: +0,0.403,5
Mar 20 2016 01: +0,0.462,9
Mar 21 2016 01: +0,0.447,8
Mar 22 2016 01: +0,0.396,4
Mar 23 2016 01: +0,0.408,12
Mar 24 2016 01: +0,0.441,6
Mar 25 2016 01: +0,0.408,4
Mar 26 2016 01: +0,0.418,15
Mar 27 2016 01: +0,0.416,6
Mar 28 2016 01: +0,0.437,4
Mar 29 2016 01: +0,0.413,10
Mar 30 2016 01: +0,0.399,10
Mar 31 2016 01: +0,0.546,15
Apr 01 2016 01: +0,0.446,12
Apr 02 2016 01: +0,0.483,8
Apr 03 2016 01: +0,0.396,12
Apr 04 2016 01: +0,0.398,9
Apr 05 2016 01: +0,0.402,6
Apr 06 2016 01: +0,0.375,5
Apr 07 2016 01: +0,0.388,10
Apr 08 2016 01: +0,0.416,19
Apr 09 2016 01: +0,0.382,12
Apr 10 2016 01: +0,0.44,21
Apr 11 2016 01: +0,0.424,11
Apr 12 2016 01: +0,0.435,7
Apr 13 2016 01: +0,0.455,18
Apr 14 2016 01: +0,0.568,11
Apr 15 2016 01: +0,0.723,10
Apr 16 2016 01: +0,0.576,4
Apr 17 2016 01: +0,0.41,5
Apr 18 2016 01: +0,0.456,9
Apr 19 2016 01: +0,0.469,3
Apr 20 2016 01: +0,0.449,11
Apr 21 2016 01: +0,0.468,4
Apr 22 2016 01: +0,0.424,8
Apr 23 2016 01: +0,0.42,10
Apr 24 2016 01: +0,0.426,9
Apr 25 2016 01: +0,0.426,11
Apr 26 2016 01: +0,0.454,5
Apr 27 2016 01: +0,0.472,5
Apr 28 2016 01: +0,0.445,10
Apr 29 2016 01: +0,0.448,16
Apr 30 2016 01: +0,0.471,16
May 01 2016 01: +0,0.481,11
May 02 2016 01: +0,0.519,6
May 03 2016 01: +0,0.582,11
May 04 2016 01: +0,0.408,20
May 05 2016 01: +0,0.467,11
May 06 2016 01: +0,0.495,12
May 07 2016 01: +0,0.457,9
May 08 2016 01: +0,0.431,5
May 09 2016 01: +0,0.417,5
May 10 2016 01: +0,0.477,15
May 11 2016 01: +0,0.507,9
May 12 2016 01: +0,0.556,7
May 13 2016 01: +0,0.58,12
May 14 2016 01: +0,0.595,12
May 15 2016 01: +0,0.487,3
May 16 2016 01: +0,0.623,8
May 17 2016 01: +0,0.434,6
May 18 2016 01: +0,0.456,2
May 19 2016 01: +0,0.409,24
May 20 2016 01: +0,0.492,7
May 21 2016 01: +0,0.476,9
May 22 2016 01: +0,0.489,6
May 23 2016 01: +0,0.443,6
May 24 2016 01: +0,0.381,9
May 25 2016 01: +0,0.415,6
May 26 2016 01: +0,0.396,5
May 27 2016 01: +0,0.435,15
May 28 2016 01: +0,0.379,10
May 29 2016 01: +0,0.446,2
May 30 2016 01: +0,0.437,5
May 31 2016 01: +0,0.395,7
Jun 01 2016 01: +0,0.379,12
Jun 02 2016 01: +0,0.407,8
Jun 03 2016 01: +0,0.391,16
Jun 04 2016 01: +0,0.421,10
Jun 05 2016 01: +0,0.424,7
Jun 06 2016 01: +0,0.393,10
Jun 07 2016 01: +0,0.373,7
Jun 08 2016 01: +0,0.374,8
Jun 09 2016 01: +0,0.371,9
Jun 10 2016 01: +0,0.388,25
Jun 11 2016 01: +0,0.505,2
Jun 12 2016 01: +0,0.513,5
Jun 13 2016 01: +0,0.53,9
Jun 14 2016 01: +0,0.492,5
Jun 15 2016 01: +0,0.516,3
Jun 16 2016 01: +0,0.536,13
Jun 17 2016 01: +0,0.497,4
Jun 18 2016 01: +0,0.571,6
Jun 19 2016 01: +0,0.537,4
Jun 20 2016 01: +0,0.402,10
Jun 21 2016 01: +0,0.537,8
Jun 22 2016 01: +0,0.556,16
Jun 23 2016 01: +0,0.657,3
Jun 24 2016 01: +0,0.58,8
Jun 25 2016 01: +0,0.388,4
Jun 26 2016 01: +0,0.544,15
Jun 27 2016 01: +0,0.539,9
Jun 28 2016 01: +0,0.55,1
Jun 29 2016 01: +0,0.463,9
Jun 30 2016 01: +0,0.871,5
Jul 01 2016 01: +0,0.47,6
Jul 02 2016 01: +0,0.454,8
Jul 03 2016 01: +0,1.161,7
Jul 04 2016 01: +0,0.474,6
Jul 05 2016 01: +0,0.52,15
Jul 06 2016 01: +0,0.515,17
Jul 07 2016 01: +0,0.408,7
Jul 08 2016 01: +0,0.485,14
Jul 09 2016 01: +0,0.58,3
Jul 10 2016 01: +0,0.547,18
Jul 11 2016 01: +0,0.409,6
Jul 12 2016 01: +0,0.461,8
Jul 13 2016 01: +0,0.521,1
Jul 14 2016 01: +0,0.46,6
Jul 15 2016 01: +0,0.438,12
Jul 16 2016 01: +0,0.565,6
Jul 17 2016 01: +0,0.455,9
Jul 18 2016 01: +0,0.555,6
Jul 19 2016 01: +0,0.445,4
Jul 20 2016 01: +0,0.45,7
Jul 21 2016 01: +0,0.566,3
Jul 22 2016 01: +0,0.474,4
Jul 23 2016 01: +0,0.461,6
Jul 24 2016 01: +0,0.463,7
Jul 25 2016 01: +0,0.504,11
Jul 26 2016 01: +0,0.615,4
Jul 28 2016 01: +0,0.487,6
Jul 29 2016 01: +0,0.45,2
Jul 30 2016 01: +0,0.529,7
Jul 31 2016 01: +0,0.584,4
Aug 01 2016 01: +0,0.673,4
Aug 02 2016 01: +0,0.398,3
Aug 03 2016 01: +0,0.456,7
Aug 04 2016 01: +0,0.513,7
Aug 05 2016 01: +0,0.569,2
Aug 06 2016 01: +0,0.513,3
Aug 07 2016 01: +0,0.481,5
Aug 08 2016 01: +0,0.472,8
Aug 09 2016 01: +0,0.493,6
Aug 10 2016 01: +0,1.056,1
Aug 11 2016 01: +0,0.63,23
Aug 12 2016 01: +0,0.732,7
Aug 13 2016 01: +0,0.752,2
Aug 14 2016 01: +0,0.59,3
Aug 15 2016 01: +0,0.564,2
Aug 16 2016 01: +0,0.538,4
Aug 17 2016 01: +0,0.564,17
Aug 18 2016 01: +0,0.672,2
Aug 19 2016 01: +0,0.636,5
Aug 20 2016 01: +0,0.651,7
Aug 21 2016 01: +0,0.47,1
Aug 22 2016 01: +0,0.496,4
Aug 23 2016 01: +0,0.56,3
Aug 24 2016 01: +0,0.51,7
Aug 25 2016 01: +0,0.59,1
Aug 26 2016 01: +0,0.57,1
Aug 27 2016 01: +0,0.57,4
Aug 28 2016 01: +0,0.518,4
Aug 29 2016 01: +0,0.512,8
Aug 30 2016 01: +0,0.474,2
Aug 31 2016 01: +0,0.48,8
Sep 01 2016 01: +0,0.462,10
Sep 02 2016 01: +0,0.512,1
Sep 03 2016 01: +0,0.548,2
Sep 04 2016 01: +0,0.432,5
Sep 05 2016 01: +0,0.493,2
Sep 06 2016 01: +0,0.511,10
Sep 07 2016 01: +0,0.533,4
Sep 08 2016 01: +0,0.725,11
Sep 09 2016 01: +0,0.745,3
Sep 10 2016 01: +0,0.81,1
Sep 11 2016 01: +0,0.586,5
Sep 12 2016 01: +0,0.602,6
Sep 13 2016 01: +0,0.579,3
Sep 14 2016 01: +0,0.595,1
Sep 15 2016 01: +0,0.554,6
Sep 16 2016 01: +0,0.537,2
Sep 17 2016 01: +0,0.603,14
Sep 18 2016 01: +0,0.558,3
Sep 19 2016 01: +0,0.49,1
Sep 20 2016 01: +0,0.623,8
Sep 21 2016 01: +0,0.97,1
Sep 22 2016 01: +0,0.57,6
Sep 23 2016 01: +0,0.604,4
Sep 24 2016 01: +0,0.515,2
Sep 25 2016 01: +0,0.525,3
Sep 26 2016 01: +0,0.549,1
Sep 27 2016 01: +0,0.552,7
Sep 28 2016 01: +0,0.607,12
Sep 29 2016 01: +0,0.581,5
Sep 30 2016 01: +0,0.514,4
Oct 01 2016 01: +0,0.639,12
Oct 02 2016 01: +0,0.744,9
Oct 03 2016 01: +0,0.647,2
Oct 04 2016 01: +0,0.668,5
Oct 05 2016 01: +0,0.624,4
Oct 06 2016 01: +0,0.597,2
Oct 08 2016 01: +0,0.647,8
Oct 09 2016 01: +0,0.639,4
Oct 10 2016 01: +0,0.59,2
Oct 11 2016 01: +0,0.681,6
Oct 12 2016 01: +0,0.591,2
Oct 13 2016 01: +0,0.638,2
Oct 14 2016 01: +0,0.683,4
Oct 15 2016 01: +0,0.653,2
Oct 16 2016 01: +0,0.746,5
Oct 17 2016 01: +0,0.81,17
Oct 18 2016 01: +0,1.163,12
Oct 19 2016 01: +0,1.13,14
Oct 20 2016 01: +0,1.085,6
Oct 21 2016 01: +0,1.437,9
Oct 22 2016 01: +0,1.167,4
Oct 23 2016 01: +0,1.067,3
Oct 24 2016 01: +0,1.188,4
Oct 25 2016 01: +0,1.041,15
Oct 26 2016 01: +0,0.729,6
Oct 27 2016 01: +0,0.78,1
Oct 28 2016 01: +0,0.784,2
Oct 29 2016 01: +0,0.57,2
Oct 30 2016 01: +0,0.559,7
Oct 31 2016 01: +0,0.72,4
Nov 01 2016 01: +0,0.741,4
Nov 02 2016 01: +0,0.775,2
Nov 03 2016 01: +0,0.736,4
Nov 04 2016 01: +0,0.667,1
Nov 05 2016 01: +0,0.622,4
Nov 06 2016 01: +0,0.652,2
Nov 07 2016 01: +0,0.495,4
Nov 08 2016 01: +0,0.556,5
Nov 09 2016 01: +0,0.59,2
Nov 10 2016 01: +0,0.557,3
Nov 11 2016 01: +0,0.53,11
Nov 12 2016 01: +0,0.771,4
Nov 13 2016 01: +0,0.617,8
Nov 14 2016 01: +0,0.573,4
Nov 15 2016 01: +0,0.544,11
Nov 16 2016 01: +0,0.774,23
Nov 17 2016 01: +0,1.07,1
Nov 18 2016 01: +0,0.89,1
Nov 19 2016 01: +0,0.765,2
Nov 20 2016 01: +0,0.71,1
Nov 21 2016 01: +0,0.663,4
Nov 22 2016 01: +0,0.69,2
Nov 23 2016 01: +0,0.653,1
Nov 24 2016 01: +0,0.555,3
Nov 25 2016 01: +0,0.508,4
Nov 26 2016 01: +0,0.296,5
Nov 27 2016 01: +0,0.431,2
Nov 28 2016 01: +0,0.463,5
Nov 29 2016 01: +0,0.436,4
Nov 30 2016 01: +0,0.508,1
Dec 01 2016 01: +0,0.43,1
Dec 02 2016 01: +0,0.428,3
Dec 03 2016 01: +0,0.408,6
Dec 04 2016 01: +0,0.459,8
Dec 05 2016 01: +0,0.454,4
Dec 06 2016 01: +0,0.742,9
Dec 07 2016 01: +0,0.472,6
Dec 08 2016 01: +0,0.406,4
Dec 09 2016 01: +0,0.429,4
Dec 10 2016 01: +0,0.445,9
Dec 11 2016 01: +0,0.561,26
Dec 12 2016 01: +0,0.462,6
Dec 13 2016 01: +0,0.519,3
Dec 14 2016 01: +0,0.527,7
Dec 15 2016 01: +0,0.616,4
Dec 16 2016 01: +0,0.651,6
Dec 17 2016 01: +0,0.495,4
Dec 18 2016 01: +0,0.455,5
Dec 19 2016 01: +0,0.494,14
Dec 20 2016 01: +0,0.504,7
Dec 22 2016 01: +0,0.442,2
Dec 23 2016 01: +0,0.555,4
Dec 24 2016 01: +0,0.5,1
Dec 25 2016 01: +0,0.524,17
Dec 26 2016 01: +0,0.621,12
Dec 27 2016 01: +0,0.685,8
Dec 28 2016 01: +0,0.713,7
Dec 29 2016 01: +0,0.563,7
Dec 30 2016 01: +0,0.461,8
Dec 31 2016 01: +0,0.424,15
Jan 01 2017 01: +0,0.623,14
Jan 02 2017 01: +0,1.068,6
Jan 03 2017 01: +0,0.622,4
Jan 04 2017 01: +0,0.592,7
Jan 05 2017 01: +0,0.517,4
Jan 06 2017 01: +0,0.554,15
Jan 07 2017 01: +0,1.077,3
Jan 08 2017 01: +0,0.764,6
Jan 09 2017 01: +0,0.488,9
Jan 10 2017 01: +0,0.578,15
Jan 11 2017 01: +0,0.906,3
Jan 12 2017 01: +0,0.89,1
Jan 13 2017 01: +0,0.964,12
Jan 14 2017 01: +0,1.071,5
Jan 15 2017 01: +0,0.974,5
Jan 16 2017 01: +0,0.811,4
Jan 17 2017 01: +0,0.628,3
Jan 18 2017 01: +0,0.79,3
Jan 19 2017 01: +0,0.734,5
Jan 20 2017 01: +0,0.7,7
Jan 22 2017 01: +0,1.073,6
Jan 23 2017 01: +0,0.902,3
Jan 24 2017 01: +0,0.836,1
Jan 25 2017 01: +0,1.23,1
Jan 26 2017 01: +0,1.084,2
Jan 28 2017 01: +0,0.716,4
Jan 29 2017 01: +0,0.771,8
Jan 30 2017 01: +0,0.798,3
Jan 31 2017 01: +0,0.824,4
Feb 01 2017 01: +0,0.634,1
Feb 02 2017 01: +0,0.711,4
Feb 03 2017 01: +0,0.599,3
Feb 04 2017 01: +0,0.648,5
Feb 05 2017 01: +0,0.572,4
Feb 06 2017 01: +0,0.726,2
Feb 07 2017 01: +0,1.979,2
Feb 08 2017 01: +0,0.6,1
Feb 09 2017 01: +0,0.652,6
Feb 10 2017 01: +0,0.811,14
Feb 11 2017 01: +0,0.875,7
Feb 12 2017 01: +0,0.861,9
Feb 13 2017 01: +0,0.781,9
Feb 14 2017 01: +0,0.882,5
Feb 15 2017 01: +0,0.861,2
Feb 16 2017 01: +0,0.912,2
Feb 17 2017 01: +0,0.82,2
Feb 18 2017 01: +0,0.847,5
Feb 19 2017 01: +0,0.744,3
Feb 20 2017 01: +0,0.647,4
Feb 21 2017 01: +0,0.62,2
Feb 22 2017 01: +0,0.642,7
Feb 23 2017 01: +0,0.617,3
Feb 24 2017 01: +0,0.654,4
Feb 25 2017 01: +0,0.758,3
Feb 26 2017 01: +0,0.65,4
Feb 27 2017 01: +0,0.616,5
Feb 28 2017 01: +0,0.535,3
Mar 01 2017 01: +0,0.639,10
Mar 02 2017 01: +0,0.761,2
Mar 04 2017 01: +0,0.755,2
Mar 05 2017 01: +0,0.771,1
Mar 07 2017 01: +0,0.73,3
Mar 08 2017 01: +0,1.043,6
Mar 09 2017 01: +0,0.609,1
Mar 10 2017 01: +0,1.059,1
Mar 11 2017 01: +0,0.557,7
Mar 12 2017 01: +0,0.595,8
Mar 13 2017 01: +0,0.55,1
Mar 14 2017 01: +0,0.56,4
Mar 15 2017 01: +0,1.236,20
Mar 16 2017 01: +0,0.855,6
Mar 17 2017 01: +0,0.59,1
Mar 18 2017 01: +0,0.627,4
Mar 19 2017 01: +0,0.686,3
Mar 20 2017 01: +0,0.816,1
Mar 22 2017 01: +0,0.725,4
Mar 23 2017 01: +0,0.666,4
Mar 24 2017 01: +0,0.696,4
Mar 25 2017 01: +0,0.735,4
Mar 26 2017 01: +0,0.805,3
Mar 27 2017 01: +0,0.687,5
Mar 29 2017 01: +0,0.684,6
Mar 30 2017 01: +0,0.72,1
Mar 31 2017 01: +0,0.693,5
Apr 01 2017 01: +0,0.723,4
Apr 02 2017 01: +0,0.67,2
Apr 03 2017 01: +0,0.67,3
Apr 04 2017 01: +0,0.577,2
Apr 06 2017 01: +0,0.693,5
Apr 07 2017 01: +0,0.72,3
Apr 08 2017 01: +0,0.702,4
Apr 09 2017 01: +0,0.647,2
Apr 10 2017 01: +0,0.75,13
Apr 11 2017 01: +0,0.861,2
Apr 13 2017 01: +0,0.811,2
Apr 14 2017 01: +0,0.679,4
Apr 15 2017 01: +0,0.788,2
Apr 17 2017 01: +0,0.759,2
Apr 18 2017 01: +0,0.766,4
Apr 19 2017 01: +0,0.762,4
Apr 20 2017 01: +0,0.798,2
Apr 21 2017 01: +0,1.111,2
Apr 22 2017 01: +0,0.757,6
Apr 23 2017 01: +0,0.851,3
Apr 24 2017 01: +0,0.919,5
Apr 25 2017 01: +0,0.733,3
Apr 26 2017 01: +0,0.71,5
Apr 27 2017 01: +0,0.598,1
Apr 28 2017 01: +0,0.646,5
Apr 29 2017 01: +0,1.081,4
Apr 30 2017 01: +0,0.86,3
May 01 2017 01: +0,0.981,2
May 03 2017 01: +0,0.884,4
May 05 2017 01: +0,0.881,4
May 06 2017 01: +0,0.845,2
May 07 2017 01: +0,0.775,3
May 08 2017 01: +0,0.784,2
May 09 2017 01: +0,0.787,1
May 10 2017 01: +0,0.785,5
May 11 2017 01: +0,0.821,10
May 12 2017 01: +0,0.839,4
May 14 2017 01: +0,0.746,2
May 16 2017 01: +0,0.811,1
May 17 2017 01: +0,0.797,1
May 18 2017 01: +0,0.79,5
May 20 2017 01: +0,0.791,4
May 21 2017 01: +0,0.702,6
May 22 2017 01: +0,0.776,4
May 23 2017 01: +0,0.825,2
May 24 2017 01: +0,0.846,4
May 25 2017 01: +0,0.783,1
May 26 2017 01: +0,0.702,5
May 27 2017 01: +0,0.695,4
May 28 2017 01: +0,0.63,6
May 29 2017 01: +0,0.619,9
May 30 2017 01: +0,0.826,9
May 31 2017 01: +0,0.813,4
Jun 01 2017 01: +0,0.672,4
Jun 02 2017 01: +0,0.784,1
Jun 03 2017 01: +0,0.865,19
Jun 04 2017 01: +0,0.775,2
Jun 05 2017 01: +0,0.889,4
Jun 06 2017 01: +0,0.899,1
Jun 07 2017 01: +0,0.891,1
Jun 08 2017 01: +0,0.808,1
Jun 09 2017 01: +0,1.576,5
Jun 10 2017 01: +0,0.801,1
Jun 11 2017 01: +0,0.81,1
Jun 12 2017 01: +0,0.81,1
Jun 13 2017 01: +0,0.835,3
Jun 15 2017 01: +0,0.725,2
Jun 16 2017 01: +0,0.83,1
Jun 18 2017 01: +0,0.83,1
Jun 19 2017 01: +0,0.787,2
Jun 20 2017 01: +0,0.767,3
Jun 21 2017 01: +0,0.628,4
Jun 22 2017 01: +0,0.668,6
Jun 23 2017 01: +0,0.606,6
Jun 24 2017 01: +0,0.577,2
Jun 25 2017 01: +0,0.58,3
Jun 26 2017 01: +0,0.473,3
Jun 27 2017 01: +0,0.472,6
Jun 28 2017 01: +0,0.482,8
Jun 29 2017 01: +0,0.392,2
Jun 30 2017 01: +0,0.568,7
Jul 01 2017 01: +0,0.606,3
Jul 02 2017 01: +0,0.581,1
Jul 03 2017 01: +0,0.571,3
Jul 04 2017 01: +0,0.42,1
Jul 05 2017 01: +0,0.526,8
Jul 06 2017 01: +0,0.585,6
Jul 07 2017 01: +0,0.54,3
Jul 08 2017 01: +0,0.53,7
Jul 09 2017 01: +0,0.567,5
Jul 10 2017 01: +0,0.743,5
Jul 11 2017 01: +0,0.806,4
Jul 12 2017 01: +0,0.43,3
Jul 13 2017 01: +0,1.193,4
Jul 14 2017 01: +0,0.504,5
Jul 15 2017 01: +0,0.91,7
Jul 16 2017 01: +0,0.493,5
Jul 17 2017 01: +0,1.325,3
Jul 18 2017 01: +0,0.557,3
Jul 19 2017 01: +0,0.589,4
Jul 20 2017 01: +0,0.527,3
Jul 21 2017 01: +0,0.425,2
Jul 22 2017 01: +0,0.57,4
Jul 23 2017 01: +0,0.57,1
Jul 24 2017 01: +0,0.631,14
Jul 25 2017 01: +0,0.799,4
Jul 26 2017 01: +0,0.794,6
Jul 27 2017 01: +0,0.847,6
Jul 28 2017 01: +0,0.715,10
Jul 29 2017 01: +0,0.808,2
Jul 30 2017 01: +0,0.732,7
Jul 31 2017 01: +0,0.925,8
Aug 01 2017 01: +0,0.965,5
Aug 02 2017 01: +0,1.02,6
Aug 03 2017 01: +0,1.009,4
Aug 04 2017 01: +0,0.822,6
Aug 05 2017 01: +0,0.854,3
Aug 06 2017 01: +0,0.919,4
Aug 07 2017 01: +0,0.997,4
Aug 08 2017 01: +0,0.805,10
Aug 09 2017 01: +0,0.968,1
Aug 10 2017 01: +0,0.888,4
Aug 11 2017 01: +0,1.1,1
Aug 13 2017 01: +0,1.038,1
Aug 14 2017 01: +0,1.16,1
Aug 15 2017 01: +0,1.002,1
Aug 16 2017 01: +0,1.022,3
Aug 17 2017 01: +0,2.983,1
Aug 18 2017 01: +0,1.01,1
Aug 19 2017 01: +0,0.816,4
Aug 20 2017 01: +0,0.759,7
Aug 21 2017 01: +0,0.742,6
Aug 22 2017 01: +0,0.707,5
Aug 23 2017 01: +0,0.652,3
Aug 24 2017 01: +0,0.946,3
Aug 25 2017 01: +0,0.607,5
Aug 26 2017 01: +0,0.626,4
Aug 27 2017 01: +0,0.528,2
Aug 28 2017 01: +0,0.614,6
Aug 29 2017 01: +0,0.741,3
Aug 31 2017 01: +0,0.779,2
Sep 01 2017 01: +0,0.573,3
Sep 02 2017 01: +0,0.59,5
Sep 03 2017 01: +0,0.69,2
Sep 04 2017 01: +0,0.632,5
Sep 05 2017 01: +0,0.59,1
Sep 07 2017 01: +0,0.63,1
Sep 09 2017 01: +0,0.6,4
Sep 10 2017 01: +0,0.855,6
Sep 11 2017 01: +0,0.759,1
Sep 12 2017 01: +0,0.826,5
Sep 13 2017 01: +0,0.954,1
Sep 14 2017 01: +0,0.956,5
Sep 15 2017 01: +0,0.819,3
Sep 16 2017 01: +0,0.7,3
Sep 17 2017 01: +0,0.684,4
Sep 18 2017 01: +0,0.73,3
Sep 19 2017 01: +0,0.643,3
Sep 20 2017 01: +0,0.621,3
Sep 21 2017 01: +0,0.67,2
Sep 22 2017 01: +0,0.645,3
Sep 23 2017 01: +0,0.628,2
Sep 24 2017 01: +0,0.798,4
Sep 25 2017 01: +0,0.666,1
Sep 26 2017 01: +0,0.606,1
Sep 27 2017 01: +0,0.569,2
Sep 28 2017 01: +0,0.546,3
Sep 29 2017 01: +0,0.518,3
Sep 30 2017 01: +0,0.566,1
Oct 01 2017 01: +0,0.458,2
Oct 02 2017 01: +0,0.5,4
Oct 03 2017 01: +0,0.431,1
Oct 04 2017 01: +0,0.706,14
Oct 05 2017 01: +0,0.891,9
Oct 06 2017 01: +0,0.507,4
Oct 07 2017 01: +0,0.545,2
Oct 08 2017 01: +0,0.605,6
Oct 09 2017 01: +0,0.596,1
Oct 10 2017 01: +0,2.854,3
Oct 11 2017 01: +0,0.53,1
Oct 12 2017 01: +0,0.592,3
Oct 13 2017 01: +0,0.485,2
Oct 14 2017 01: +0,0.473,1
Oct 15 2017 01: +0,0.48,8
Oct 16 2017 01: +0,0.557,1
Oct 17 2017 01: +0,0.46,1
Oct 18 2017 01: +0,0.535,4
Oct 19 2017 01: +0,0.54,4
Oct 20 2017 01: +0,0.547,4
Oct 21 2017 01: +0,0.59,3
Oct 23 2017 01: +0,0.52,2
Oct 24 2017 01: +0,0.528,1
Oct 26 2017 01: +0,0.517,2
Oct 27 2017 01: +0,0.502,3
Oct 28 2017 01: +0,0.446,2
Oct 30 2017 01: +0,0.51,3
Oct 31 2017 01: +0,0.557,5
Nov 01 2017 01: +0,0.497,3
Nov 02 2017 01: +0,0.36,1
Nov 04 2017 01: +0,0.502,4
Nov 06 2017 01: +0,0.551,4
Nov 07 2017 01: +0,0.53,1
Nov 08 2017 01: +0,0.486,3
Nov 09 2017 01: +0,0.533,1
Nov 10 2017 01: +0,0.544,2
Nov 11 2017 01: +0,0.549,1
Nov 12 2017 01: +0,0.48,2
Nov 13 2017 01: +0,0.589,1
Nov 17 2017 01: +0,0.479,4
Nov 19 2017 01: +0,0.43,3
Nov 21 2017 01: +0,0.567,3
Nov 23 2017 01: +0,0.485,2
Nov 24 2017 01: +0,0.449,2
Nov 25 2017 01: +0,0.4,1
Nov 26 2017 01: +0,0.42,1
Nov 29 2017 01: +0,0.47,1
Dec 01 2017 01: +0,0.442,1
Dec 02 2017 01: +0,0.447,8
Dec 03 2017 01: +0,0.489,12
Dec 04 2017 01: +0,0.581,17
Dec 05 2017 01: +0,0.701,2
Dec 06 2017 01: +0,0.54,4
Dec 08 2017 01: +0,0.496,2
Dec 09 2017 01: +0,0.572,9
Dec 11 2017 01: +0,0.448,4
Dec 13 2017 01: +0,0.43,1
Dec 14 2017 01: +0,0.471,1
Dec 15 2017 01: +0,0.523,3
Dec 16 2017 01: +0,0.428,5
Dec 17 2017 01: +0,0.469,2
Dec 18 2017 01: +0,0.349,6
Dec 19 2017 01: +0,0.425,4
Dec 20 2017 01: +0,0.494,1
Dec 21 2017 01: +0,0.475,6
Dec 22 2017 01: +0,0.485,4
Dec 23 2017 01: +0,0.455,2
Dec 24 2017 01: +0,0.516,6
Dec 25 2017 01: +0,0.519,7
Dec 26 2017 01: +0,0.523,4
Dec 27 2017 01: +0,0.448,4
Dec 28 2017 01: +0,0.488,5
Dec 29 2017 01: +0,0.534,4
Dec 30 2017 01: +0,0.53,5
Jan 01 2018 01: +0,0.585,5
Jan 02 2018 01: +0,0.559,3
Jan 03 2018 01: +0,0.618,4
Jan 04 2018 01: +0,0.594,6
Jan 06 2018 01: +0,0.616,4
Jan 07 2018 01: +0,0.613,3
Jan 08 2018 01: +0,0.615,12
Jan 09 2018 01: +0,0.753,4
Jan 10 2018 01: +0,0.54,1
Jan 11 2018 01: +0,0.631,6
Jan 12 2018 01: +0,0.641,5
Jan 13 2018 01: +0,0.629,3
Jan 14 2018 01: +0,0.655,1
Jan 15 2018 01: +0,0.578,4
Jan 16 2018 01: +0,0.701,5
Jan 17 2018 01: +0,0.535,2
Jan 18 2018 01: +0,0.61,4
Jan 19 2018 01: +0,0.565,2
Jan 20 2018 01: +0,0.583,5
Jan 21 2018 01: +0,0.72,7
Jan 22 2018 01: +0,0.701,4
Jan 23 2018 01: +0,0.655,5
Jan 24 2018 01: +0,0.855,4
Jan 25 2018 01: +0,0.555,2
Jan 26 2018 01: +0,0.614,3
Jan 27 2018 01: +0,0.619,5
Jan 28 2018 01: +0,0.664,3
Jan 29 2018 01: +0,0.615,3
Jan 30 2018 01: +0,0.615,12
Jan 31 2018 01: +0,0.596,5
Feb 01 2018 01: +0,0.661,2
Feb 02 2018 01: +0,0.72,10
Feb 03 2018 01: +0,0.796,3
Feb 04 2018 01: +0,0.785,4
Feb 05 2018 01: +0,0.828,2
Feb 06 2018 01: +0,0.667,1
Feb 07 2018 01: +0,1.147,5
Feb 08 2018 01: +0,0.618,3
Feb 09 2018 01: +0,0.684,4
Feb 10 2018 01: +0,0.742,7
Feb 11 2018 01: +0,0.808,1
Feb 12 2018 01: +0,0.78,1
Feb 13 2018 01: +0,0.79,2
Feb 14 2018 01: +0,0.783,3
Feb 16 2018 01: +0,0.705,3
Feb 17 2018 01: +0,0.692,10
Feb 18 2018 01: +0,0.668,3
Feb 19 2018 01: +0,0.678,7
Feb 20 2018 01: +0,0.734,5
Feb 21 2018 01: +0,0.784,2
Feb 22 2018 01: +0,0.805,5
Feb 23 2018 01: +0,0.749,7
Feb 24 2018 01: +0,0.636,5
Feb 25 2018 01: +0,0.616,7
Feb 26 2018 01: +0,0.651,3
Feb 27 2018 01: +0,0.649,3
Feb 28 2018 01: +0,0.651,11
Feb 28 2018 20: +0,0.663,1
Mar 01 2018 12: +0,0.651,1
Mar 01 2018 15: +0,0.616,1
Mar 01 2018 18: +0,0.662,2
Mar 01 2018 21: +0,0.687,5
Mar 02 2018 00: +0,0.742,1
Mar 02 2018 05: +0,1.034,2
Mar 02 2018 06: +0,0.793,1
Mar 02 2018 10: +0,0.793,1
Mar 02 2018 14: +0,0.62,1
Mar 02 2018 15: +0,0.808,5
Mar 02 2018 17: +0,0.896,1
Mar 03 2018 02: +0,0.696,1
Mar 03 2018 23: +0,0.75,1
Mar 04 2018 00: +0,0.6,1
Mar 04 2018 09: +0,0.886,1
Mar 04 2018 10: +0,0.783,1
Mar 04 2018 18: +0,0.886,1
Mar 04 2018 19: +0,0.82,2
Mar 04 2018 21: +0,0.867,1
Mar 04 2018 22: +0,0.861,1
Mar 06 2018 07: +0,0.7,1
Mar 06 2018 08: +0,0.69,1
Mar 06 2018 15: +0,0.62,1
Mar 06 2018 21: +0,0.902,1
Mar 07 2018 02: +0,0.805,1
Mar 07 2018 07: +0,0.896,11
Mar 07 2018 22: +0,0.89,1
Mar 07 2018 23: +0,0.92,1
Mar 08 2018 02: +0,0.875,2
Mar 08 2018 04: +0,0.978,1
Mar 08 2018 13: +0,0.965,1
Mar 08 2018 14: +0,0.966,1
Mar 08 2018 22: +0,0.952,1
Mar 09 2018 10: +0,0.847,1
Mar 09 2018 22: +0,0.62,1
Mar 10 2018 01: +0,0.835,4
Mar 10 2018 07: +0,0.77,1
Mar 10 2018 17: +0,0.788,1
Mar 11 2018 03: +0,0.77,1
Mar 11 2018 11: +0,0.69,1
Mar 11 2018 13: +0,0.774,1
Mar 12 2018 11: +0,0.62,1
Mar 12 2018 13: +0,0.782,2
Mar 12 2018 17: +0,0.762,7
Mar 12 2018 19: +0,0.776,1
Mar 12 2018 21: +0,0.63,1
Mar 12 2018 22: +0,0.153,1
Mar 12 2018 23: +0,0.749,1
Mar 13 2018 04: +0,0.922,10
Mar 13 2018 09: +0,0.759,1
Mar 13 2018 11: +0,0.763,1
Mar 15 2018 16: +0,0.963,1
Mar 16 2018 22: +0,0.909,1
Mar 17 2018 06: +0,0.93,1
Mar 17 2018 09: +0,0.93,5
Mar 17 2018 15: +0,0.913,6
Mar 18 2018 17: +0,1.093,1
Mar 18 2018 20: +0,1.119,1
Mar 20 2018 07: +0,1.12,1
Mar 20 2018 09: +0,1.132,1
Mar 20 2018 19: +0,1.119,1
Mar 23 2018 05: +0,0.99,1
Mar 23 2018 16: +0,0.84,1
Mar 24 2018 03: +0,0.988,1
Mar 26 2018 02: +0,0.93,1
Mar 26 2018 15: +0,0.931,1
Mar 26 2018 19: +0,0.75,1
Mar 27 2018 06: +0,0.74,1
Mar 27 2018 12: +0,0.856,1
Mar 27 2018 16: +0,0.856,1
Mar 28 2018 02: +0,0.69,1
Mar 28 2018 15: +0,0.8,1
Mar 28 2018 22: +0,0.752,1
